gu,bheil,1243,
gu,math,822,
mar,sin,583,
uair,sin,492,
sam,bith,407,
mu,dheidhinn,396,
gum,bi,376,
gu,leòr,344,
air,ais,288,
fhios,agad,281,
toiseach,ann,273,
prògram,seo,267,
chur,air,256,
gu,bhith,248,
’s,dòcha,245,
air,adhart,239,
gum,biodh,234,
h-uile,duine,222,
air,feadh,218,
mi,air,215,
’s,ann,198,
‘s,dòcha,190,
iad,air,185,
h-uile,càil,180,
‘s,ann,170,
faisg,air,159,
bheil,iad,152,
às,dèidh,152,
bhith,ann,152,
air,falbh,151,
gu,h-àraidh,143,
of,the,140,
inbhir,nis,140,
còmhla,ri,139,
mu,dheireadh,138,
coimhead,air,136,
dol,air,135,
smaoineachadh,gu,133,
sin,air,131,
ann,ach,129,
sinn,air,128,
rud,beag,126,
bu,chòir,126,
feuchainn,ri,125,
bho,chionn,125,
sin,ach,124,
in,the,121,
cho,math,119,
gu,mòr,118,
glè,mhath,117,
ann,airson,116,
air,dòigh,113,
no,dhà,111,
rudan,mar,111,
mar,seo,110,
nan,eilean,110,
bidh,mi,108,
seo,air,108,
air,fad,108,
bharrachd,air,106,
seo,aig,106,
bidh,sinn,104,
gun,do,103,
mi,smaoineachadh,103,
bhith,air,102,
as,fheàrr,102,
ri,chèile,101,
còrr,is,101,
mar,gum,100,
bheil,thu,99,
air,sgàth,98,
nas,fheàrr,97,
as,motha,95,
aon,rud,94,
ga,dhèanamh,93,
bidh,iad,92,
shona,nicdhòmhnaill,92,
smaoineachadh,gur,91,
mi,gu,90,
dùn,èideann,90,
mar,phàirt,89,
air,mo,89,
sin,gu,89,
ann,air,89,
b’,urrainn,89,
do,dhaoine,88,
sin,’s,88,
o,chionn,87,
mar,as,86,
mi,cinnteach,85,
gu,dearbh,85,
thoirt,air,85,
obair,air,84,
seo,ann,83,
eilidh,nicleòid,83,
dòchas,gun,82,
ach,‘s,82,
aig,deireadh,81,
nach,bi,80,
dhèanamh,air,80,
fhuair,mi,79,
fuireach,ann,79,
gu,lèir,79,
fhios,a’m,78,
ga,chur,78,
eilean,sgitheanach,76,
mi,dìreach,76,
seo,ach,76,
dòchas,gum,76,
dè,seòrsa,75,
ach,’s,75,
mun,cuairt,74,
eòlach,air,74,
cuid,de,74,
sin,ann,73,
seo,a-nis,73,
dè,cho,73,
gur,ann,73,
taing,do,73,
bheil,sinn,72,
thairis,air,72,
smaoineachadh,gun,70,
gu,leth,70,
gun,tèid,70,
airson,sin,69,
a-mach,às,69,
seo,gu,69,
bheil,mi,68,
le,taing,68,
d’,fhuair,68,
aon,àm,68,
nam,biodh,66,
air,leth,66,
gu,dearbha,66,
aithris,seo,66,
andreas,wolff,66,
rinn,mi,65,
mo,mhàthair,64,
iad,sin,64,
là,ann,64,
ann,cuideachd,63,
dol,a-mach,63,
air,taobh,63,
air,sin,63,
ged,nach,62,
feumaidh,mi,62,
chì,sinn,62,
mi,fhìn,62,
deiseil,airson,61,
dà,cheud,61,
bhiodh,iad,61,
b’,fheàrr,61,
eile,air,61,
feumaidh,tu,60,
urrainn,dhomh,60,
latha,an-diugh,60,
seonaidh,maccoinnich,60,
ri,dhèanamh,59,
tighinn,a-steach,59,
seo,’s,59,
gu,ìre,59,
you,know,59,
sinn,gu,59,
sin,‘s,58,
chaidh,mi,58,
dol,dhan,58,
dhà,no,58,
dòcha,nach,58,
ann,gu,58,
iad,airson,58,
tro,mheadhan,58,
smaointinn,gu,57,
and,the,57,
chì,thu,57,
gu,sònraichte,57,
mi,ann,57,
còrr,air,57,
ràdh,gu,57,
feumaidh,sinn,57,
timcheall,air,56,
air,tighinn,56,
a-mach,à,56,
nas,fhaide,56,
aca,air,56,
calum,macilleathain,56,
math,air,55,
còmhla,ris,55,
fiù,’s,55,
tighinn,air,55,
iad,fhèin,55,
bhith,ga,55,
dèanamh,cinnteach,54,
air,daoine,54,
ann,’s,54,
taobh,siar,54,
as,dèidh,54,
uabhasach,math,53,
b’,ann,53,
nas,motha,53,
seo,mar,53,
mar,eisimpleir,53,
cur,air,53,
ann,mar,53,
sàs,ann,53,
aig,daoine,52,
ri,fhaicinn,52,
dhùn,èideann,52,
nas,fhasa,52,
thu,fhèin,52,
it,was,52,
for,the,52,
to,be,52,
sùil,air,51,
ann,aig,51,
ann,ann,51,
m’,athair,51,
chur,ann,51,
duine,sam,51,
fhuair,sinn,51,
gun,tig,51,
to,the,51,
nicdhòmhnaill,bbc,51,
dol,gu,50,
bheil,sin,50,
bi,iad,50,
iad,gu,50,
dìreach,mar,50,
‘s,iad,50,
sin,agad,49,
do,rinn,49,
àm,sin,49,
fhad,’s,49,
dìreach,air,49,
mi,fhèin,49,
cinnteach,gu,49,
math,gu,48,
air,choreigin,48,
nach,do,48,
obair,ann,48,
dol,ann,48,
tòrr,nas,48,
iad,ann,48,
ri,daoine,48,
urrainn,dhuinn,48,
dà,mhìle,48,
còrdadh,rium,47,
dh’,fhaodadh,47,
gu,feum,47,
uill,’s,47,
thuirt,mi,47,
air,fhàgail,47,
as,trice,47,
phàirt,de,47,
de,dhaoine,47,
uile,gu,47,
smaoineachadh,gum,47,
dà,bhliadhna,46,
dèidh,sin,46,
eile,ann,46,
dòcha,gun,46,
chiad,uair,46,
seo,airson,46,
rud,as,46,
bliadhna,air,46,
urrainn,dhut,46,
sin,chaidh,46,
bruidhinn,mu,45,
nan,gàidheal,45,
chuir,mi,45,
agam,air,45,
fhios,agam,45,
ann,gun,45,
gum,faigh,45,
de,dh’,45,
at,the,45,
aonghas,dòmhnallach,45,
coltach,ri,44,
‘s,gu,44,
sin,nuair,44,
uabhasach,fhèin,44,
chuala,mi,44,
ach,mar,44,
sin,mar,44,
taobh,a-muigh,44,
on,the,44,
thòisich,mi,43,
fhaighinn,air,43,
leugh,mi,43,
màiri,anna,43,
do,caledonia,43,
caledonia,tv,43,
aig,àm,43,
dhol,air,43,
do,dh’,43,
sin,bidh,43,
nam,measg,43,
sin,math,42,
ann,mu,42,
cho,mòr,42,
mhàiri,anna,42,
a-nis,air,42,
ann,an-diugh,42,
aca,fhèin,42,
ri,teachd,42,
math,cudromach,42,
a-mach,air,42,
‘s,gun,42,
ach,bidh,42,
fhuair,iad,42,
bhios,ann,42,
le,sin,42,
mi,smaointinn,42,
sin,cuideachd,41,
h-uile,rud,41,
daoine,air,41,
air,tìr,41,
obar,dheathain,41,
thu,air,41,
bhith,gu,41,
ach,gu,41,
nicleòid,bbc,41,
dòchas,ann,41,
air,mar,40,
rud,sam,40,
nach,biodh,40,
dol,ga,40,
ach,dìreach,40,
agam,ann,40,
cho,cudromach,40,
seo,‘s,40,
gu,ruige,40,
gach,bliadhna,40,
ach,dè,40,
le,bhith,40,
sgoil,ghàidhlig,40,
taobh,eile,39,
mi,ga,39,
cuimhne,agam,39,
dhèanamh,ach,39,
mi,airson,39,
cho,fada,39,
math,tric,39,
cheart,cho,39,
cuideachd,air,39,
’s,gu,39,
ri,linn,39,
airson,’s,39,
thoirt,seachad,39,
and,we,39,
chreid,mi,38,
airson,nan,38,
thoirt,do,38,
thuige,seo,38,
mo,bheatha,38,
sin,airson,38,
nan,daoine,38,
fuireach,anns,38,
gheibh,thu,38,
amas,air,38,
againn,air,38,
gun,deach,38,
urrainn,dhaibh,38,
dà,chuid,38,
feumach,air,38,
eilean,siar,38,
fhèin,air,37,
do,chuir,37,
ach,aig,37,
h-uile,sìon,37,
bruidhinn,air,37,
tighinn,gu,37,
rud,math,37,
gun,toir,37,
going,to,37,
àm,ri,37,
air,cùl,36,
dòcha,gu,36,
a-steach,dhan,36,
tòrr,dhaoine,36,
seo,fuine,36,
bhith,aig,36,
is,mise,36,
air,fhichead,36,
toigh,leam,36,
sin,dìreach,36,
roinn,eòrpa,36,
faighinn,a-mach,36,
thogail,ann,36,
aon,de,36,
's,dòcha,36,
feum,air,36,
suas,ri,36,
taobh,a-staigh,36,
ann,gum,36,
millean,not,36,
ceart,gu,35,
tighinn,còmhla,35,
ìre,mhath,35,
h-uile,latha,35,
dhan,àmhainn,35,
chanas,iad,35,
ann,‘s,35,
bi,thu,35,
ann,bho,35,
sinn,ann,35,
rinn,iad,35,
bliadhna,ann,35,
fiù,‘s,34,
ri,bhith,34,
chiad,leabhar,34,
b’,àbhaist,34,
th,ann,34,
a-mach,gu,34,
obair,còmhla,34,
ga,thoirt,34,
chì,sibh,34,
fear,de,34,
duine,air,34,
no,rudeigin,34,
den,t-seòrsa,34,
ùr,air,34,
comhairle,nan,34,
ri,fhaotainn,34,
dòmhnall,maclaomainn,34,
san,sgìre,34,
iad,cho,33,
ràdh,gun,33,
seo,thuige,33,
’s,gun,33,
dh’fhaodadh,tu,33,
smaoineachadh,air,33,
gun,teagamh,33,
seo,dìreach,33,
daoine,eile,33,
bheir,mi,33,
toirt,seachad,33,
air,dà,33,
feumaidh,iad,33,
with,the,33,
ri,thighinn,33,
aig,ìre,33,
dìreach,airson,33,
barrachd,dhaoine,33,
dòmhnall,moireasdan,33,
rud,eile,32,
sa,mhadainn,32,
cothrom,aig,32,
’s,mar,32,
tighinn,a-mach,32,
seòrsa,de,32,
os,cionn,32,
aig,amannan,32,
ann,à,32,
dà,fhichead,32,
math,doirbh,32,
ma,bhios,32,
air,seo,32,
toirt,air,32,
seachad,air,32,
bliadhna,bhon,32,
dhen,sin,31,
aon,uair,31,
cheann,thall,31,
cho,fad,31,
dhèanamh,ann,31,
we,have,31,
a-staigh,dhan,31,
bith,dè,31,
ais,gu,31,
cho,furasta,31,
sinn,uile,31,
agam,ri,31,
thu,gu,31,
tadhal,air,31,
ach,cuideachd,31,
air,do,31,
às,aonais,31,
math,nas,31,
mise,air,31,
chionn,’s,31,
dhèanamh,airson,31,
ann,bhon,31,
math,airson,31,
thoirt,dhan,31,
ruaraidh,rothach,31,
kerr,gibb,31,
cuiridh,sinn,30,
ann,nuair,30,
fhios,a’d,30,
mus,do,30,
's,ann,30,
air,gach,30,
chionn,‘s,30,
bhiodh,sinn,30,
dhan,eaglais,30,
chiad,turas,30,
aig,aon,30,
ach,nuair,30,
cuimhne,a’m,30,
dèanamh,tòrr,30,
bhon,uair,30,
gu,tur,30,
math,dha-rìribh,30,
bhith,aca,30,
sinn,ga,30,
sin,a-nis,30,
tighinn,a-staigh,30,
mòran,de,30,
gum,bu,30,
rinn,sinn,30,
bi,sinn,30,
mìle,not,30,
sa,bhaile,30,
bbc,alba,30,
ùr,ann,30,
feasgar,math,30,
wolff,bbc,30,
that,we,30,
lot,of,30,
là,glaschu,30,
tuilleadh,aig,30,
saoilidh,mi,29,
bith,eile,29,
sin,anns,29,
bliadhna,ach,29,
dìreach,rud,29,
measg,nan,29,
sinn,sin,29,
thu,ga,29,
fhèin,ach,29,
ga,chleachdadh,29,
dol,a-steach,29,
bidh,mise,29,
nì,mi,29,
dheidhinn,nan,29,
mi,sin,29,
againn,ann,29,
ach,ma,29,
to,do,29,
h-uile,bliadhna,29,
san,eilean,29,
coinneach,mac,29,
ann,nach,28,
fàilte,oirbh,28,
sin,dheth,28,
dèanamh,sin,28,
cuiridh,mi,28,
seo,aibisidh,28,
mòr,ann,28,
air,atharrachadh,28,
aig,nach,28,
ge,bith,28,
chionn,ghoirid,28,
cuideachd,ach,28,
bhios,mi,28,
fìor,mhath,28,
rudeigin,mar,28,
ri,dhol,28,
faigh,sinn,28,
suas,gu,28,
air,fàs,28,
còmhla,rium,28,
bheil,daoine,28,
fhios,aig,28,
gàidhlig,ann,28,
dhol,a-mach,28,
àm,seo,28,
air,dè,28,
cuideachd,airson,28,
ri,fhaighinn,28,
faicinn,gu,28,
all,the,28,
maccoinnich,bbc,28,
cho,luath,27,
is,rudan,27,
mi,creidsinn,27,
às,ùr,27,
bhiodh,tu,27,
rudan,eile,27,
seo,cuideachd,27,
chuid,as,27,
eile,ach,27,
is,mar,27,
gun,dèan,27,
chunnaic,mi,27,
gum,feum,27,
as,cudromaiche,27,
ràdh,gum,27,
bheil,seo,27,
uiread,de,27,
cò,ris,27,
den,bheachd,27,
sibh,air,27,
have,to,27,
sin,ceart,27,
port,rìgh,27,
macilleathain,bbc,27,
airson,daoine,26,
dhan,sgoil,26,
dhan,oilthigh,26,
mi,ach,26,
coimhead,às,26,
bheil,sibh,26,
sin,idir,26,
dè,mu,26,
èisteachd,ri,26,
idir,idir,26,
dìreach,ga,26,
fear,eile,26,
mi,a-mach,26,
math,eadar-dhealaichte,26,
thàinig,mi,26,
ri,sin,26,
fhios,againn,26,
nì,sinn,26,
bhios,tu,26,
iad,uile,26,
rud,gu,26,
beag,air,26,
san,latha,26,
this,is,26,
ach,le,26,
mi,toilichte,26,
as,urrainn,26,
dòigh,air,26,
bu,mhotha,26,
leis,gu,26,
chaidh,seachad,26,
sa,bhliadhna,26,
iad,cuideachd,26,
air,tòiseachadh,25,
falbh,bhon,25,
ach,airson,25,
fàs,nas,25,
ann,fhathast,25,
mi,’s,25,
smaointinn,gun,25,
sin,aig,25,
taobh,sear,25,
san,àm,25,
toirt,cothrom,25,
obair,aig,25,
ach,air,25,
fhèin,’s,25,
rud,nach,25,
ach,anns,25,
iad,ga,25,
gun,d’,25,
’s,toigh,25,
nach,b’,25,
cothrom,ann,25,
’s,gum,25,
ach,ann,25,
tron,latha,25,
bliadhna,bho,25,
cinnteach,gum,25,
iad,a-nis,25,
bhith,againn,25,
mhòr,air,25,
dhaibh,fhèin,25,
feadh,alba,25,
macleòid,bbc,25,
sort,of,25,
aca,ann,24,
èirigh,suas,24,
seòrsa,rud,24,
fad,’s,24,
idir,ach,24,
dhol,dhan,24,
aca,ri,24,
dà,phuing,24,
sin,far,24,
thu,dìreach,24,
sgìre,seo,24,
chur,gu,24,
math,toilichte,24,
smaointinn,gur,24,
sinn,dè,24,
dòcha,gum,24,
nan,seumasach,24,
creidsinn,gu,24,
air,tòrr,24,
cur,ann,24,
aig,toiseach,24,
as,fhèarr,24,
bhith,anns,24,
dà,rud,24,
sìos,gu,24,
agam,fhìn,24,
and,it’s,24,
dòcha,gur,24,
dha,daoine,24,
beagan,nas,24,
chuir,iad,24,
chumail,air,24,
math,‘s,24,
cinnteach,gun,24,
ceud,bliadhna,24,
aca,airson,24,
beachdachadh,air,24,
ciallachadh,gu,24,
gu,h-oifigeil,24,
mhìle,‘s,24,
airson,seo,24,
dhan,eilean,24,
dh’,fhalbh,24,
bho,air,24,
air,cùisean,24,
air,aon,23,
mi,riamh,23,
sàs,anns,23,
iarraidh,air,23,
leòr,ann,23,
dèanamh,seo,23,
’s,bidh,23,
ann,a-nis,23,
chur,dhan,23,
dol,timcheall,23,
coltach,gu,23,
an-diugh,ach,23,
cuideachd,mar,23,
dh’,aois,23,
sin,le,23,
ò,uill,23,
ach,a-nis,23,
‘s,iomadh,23,
air,tìr-mòr,23,
gach,latha,23,
bhios,iad,23,
chaidh,sinn,23,
ach,feumaidh,23,
’s,urrainn,23,
duine,eile,23,
thu,ann,23,
ga,fhaicinn,23,
mun,chuairt,23,
sin,fhèin,23,
adhart,gu,23,
airson,dèanamh,23,
gàidhlig,air,23,
ann,do,23,
chur,ri,23,
àireamh,de,23,
math,dhuibh,23,
fhad,‘s,23,
là,inbhir,23,
dòmhnallach,bbc,23,
airson,beagan,22,
leòr,air,22,
bidh,thu,22,
buaidh,air,22,
baile,beag,22,
bheil,fhios,22,
sin,uill,22,
ri,taobh,22,
ann,dìreach,22,
leòr,airson,22,
mu,dhà,22,
gach,taobh,22,
mi,gun,22,
bh,ann,22,
mhòr,nach,22,
sna,h-eileanan,22,
air,ar,22,
dhèanamh,le,22,
ann,às,22,
gun,urrainn,22,
mi,dhut,22,
dùil,gum,22,
an-sàs,ann,22,
chùil,lodair,22,
sin,ga,22,
fios,agam,22,
turas,seo,22,
dhaoine,air,22,
sinn,a-mach,22,
sin,gun,22,
taobh,seo,22,
ann,a-mhàin,22,
air,nochdadh,22,
gu,mì-fhortanach,22,
’s,nach,22,
bith,ann,22,
chur,a-mach,22,
faighinn,air,22,
chleachdadh,airson,22,
h-eileanan,siar,22,
as,well,22,
le,daoine,22,
to,get,22,
gan,cur,22,
thòisich,sinn,22,
to,see,22,
the,first,22,
dh’,fhàg,22,
bun-sgoil,ghàidhlig,22,
gabhail,pàirt,22,
a',dol,22,
and,then,22,
gu,crìoch,22,
mu,thràth,22,
feadh,nan,22,
chumail,ann,22,
sa,ghàidhlig,22,
coltas,ann,22,
air,bhog,22,
dìreach,cho,21,
bhiodh,ann,21,
mo,làimh,21,
siud,’s,21,
dèanamh,air,21,
mi,anns,21,
ron,sin,21,
biodh,iad,21,
gach,sgioba,21,
sin,ma,21,
and,it,21,
càil,sam,21,
air,rudan,21,
bi,mi,21,
faireachdainn,gu,21,
dìreach,gu,21,
mòr,air,21,
airson,‘s,21,
gàidhlig,aig,21,
’s,mathaid,21,
bruidhinn,ri,21,
cia,mheud,21,
sgàth,’s,21,
tòrr,de,21,
cuideachd,gu,21,
dhaoine,ann,21,
glè,bheag,21,
seo,far,21,
dhan,bhaile,21,
seo,an-diugh,21,
eilein,sgitheanaich,21,
chur,seachad,21,
toilichte,gu,21,
tòiseachadh,air,21,
do,chuid,21,
air,obair,21,
nam,bliadhnaichean,21,
beagan,de,21,
dùil,gun,21,
ionnsachadh,mu,21,
‘s,urrainn,21,
do,mhòran,21,
gheibh,iad,21,
a',chiad,21,
airson,nam,21,
tighinn,dhan,21,
aig,eilidh,21,
mu,thuath,21,
foghlam,tro,21,
dh’,fhosgail,21,
dhiubh,sin,20,
iad,dìreach,20,
ann,as,20,
mi,cho,20,
bhith,gan,20,
gus,nach,20,
chanadh,iad,20,
aig,màiri,20,
ann,anns,20,
biodh,tu,20,
thèid,sinn,20,
eòlas,air,20,
còrdadh,ris,20,
no,mar,20,
urrainn,dha,20,
cinnteach,nach,20,
agam,gu,20,
dòigh,anns,20,
a-staigh,ann,20,
’s,iad,20,
bhith,agad,20,
sin,fhathast,20,
thar,fhichead,20,
iad,math,20,
ach,aon,20,
agad,’s,20,
fhèin,gu,20,
coimhead,math,20,
chur,ris,20,
as,t-samhradh,20,
a-nis,airson,20,
ais,dhan,20,
mothachail,air,20,
they,are,20,
le,tuilleadh,20,
nan,leabhraichean,20,
rud,mar,20,
gheibh,sinn,20,
seo,bho,20,
dhan,h-uile,20,
sinn,dìreach,20,
thuilleadh,air,20,
aidh,aidh,20,
daoine,ann,20,
aige,air,20,
dhan,choimhearsnachd,20,
bidh,daoine,20,
dhèanamh,nas,20,
tu,air,20,
ràdh,nach,20,
would,be,20,
dùil,ri,20,
dhen,bhliadhna,20,
greisean,de,20,
we,are,20,
which,is,20,
‘s,gum,20,
là,nise,20,
deireadh,sheachdain,20,
ùidh,aig,19,
phàirt,den,19,
from,the,19,
mi,dhan,19,
math,òg,19,
rinn,thu,19,
iomadach,bliadhna,19,
nàdar,de,19,
fios,agad,19,
seo,leugh,19,
ga,chumail,19,
cho,tric,19,
seo,anns,19,
dà,sgioba,19,
rud,air,19,
thoirt,dha,19,
mu,thimcheall,19,
seo,fhèin,19,
airson,greis,19,
agad,dè,19,
cuid,dhiubh,19,
an-diugh,’s,19,
aon,àite,19,
nas,sine,19,
fhathast,ach,19,
sinn,a-nis,19,
mo,sheanmhair,19,
tighinn,às,19,
tapadh,leat,19,
ràdh,gur,19,
à,leòdhas,19,
mi,eòlach,19,
a-steach,gu,19,
bidh,sin,19,
ann,dhan,19,
air,ach,19,
air,thoiseach,19,
daoine,sin,19,
mi,nam,19,
gu,ceann,19,
faodaidh,tu,19,
tòrr,rudan,19,
t-seòrsa,sin,19,
dòchas,gu,19,
fàs,gu,19,
cothrom,do,19,
sònraichte,air,19,
air,cuid,19,
chionn,bliadhna,19,
air,bòrd,19,
ann,le,19,
phàirt,dhen,19,
as,àirde,19,
bhith,dèanamh,19,
faigh,iad,19,
dh’,aindeoin,19,
moireasdan,bbc,19,
rothach,bbc,19,
doneil,macleòid,19,
‘s,bidh,19,
ailean,macleòid,19,
rium,gu,18,
cuairt,air,18,
an-diugh,airson,18,
iad,seo,18,
cheud,bliadhna,18,
innse,dhuinn,18,
ùidh,ann,18,
dà,uair,18,
cur,seachad,18,
’s,rudan,18,
cheart,àm,18,
fhèin,ann,18,
do,dhuine,18,
fhios,aca,18,
sibh,fhèin,18,
do,mactv,18,
sa,sgìre,18,
iad,ach,18,
ùidh,mhòr,18,
obair,anns,18,
buaidh,mhòr,18,
uabhasach,cudromach,18,
dèidheil,air,18,
àite,far,18,
cùisean,air,18,
carson,nach,18,
bhith,deiseil,18,
dhol,a-steach,18,
to,go,18,
uill,‘s,18,
feadhainn,eile,18,
gàidhlig,ach,18,
air,làimh,18,
and,they,18,
do,bheatha,18,
mise,ann,18,
dol,sìos,18,
uimhir,de,18,
mòran,dhaoine,18,
seo,uill,18,
chiad,rud,18,
gum,faic,18,
sin,gum,18,
math,duilich,18,
seo,chaidh,18,
dol,seachad,18,
toirt,taic,18,
ron,seo,18,
dol,suas,18,
bheil,tòrr,18,
gun,cuir,18,
fa,leth,18,
coimhead,ri,18,
a-steach,air,18,
bheil,ùidh,18,
want,to,18,
chiad,chogaidh,18,
it,and,18,
ìre,seo,18,
fhaicinn,aig,18,
dhan,fheadhainn,18,
chiad,chogadh,18,
bi,daoine,18,
obair,mhòr,18,
halò,is,18,
sabhal,mòr,18,
mun,chost,18,
gun,gabh,18,
mu,choinneamh,18,
we,can,18,
là,air,18,
ghàidhlig,inbhir,18,
gu,diofar,17,
mi,seo,17,
agam,’s,17,
ann,chaidh,17,
agad,air,17,
mhath,air,17,
mi,ri,17,
fada,air,17,
innse,dhomh,17,
gu,cinnteach,17,
coltach,ris,17,
fàgaidh,sinn,17,
uh,huh,17,
stèidhichte,air,17,
airson,barrachd,17,
eadar-dhealaichte,bho,17,
dhìth,air,17,
sin,thàinig,17,
t-seachdain,sa,17,
bhith,nam,17,
tighinn,ann,17,
teagamh,sam,17,
feuchainn,ris,17,
ann,dhaibh,17,
falbh,bho,17,
ìre,mhòr,17,
againne,ann,17,
mòr,‘s,17,
dà,unnsa,17,
mise,ga,17,
cuideachd,so,17,
far,nach,17,
one,of,17,
aig,iain,17,
gu,bràth,17,
gan,toirt,17,
gum,faodadh,17,
bliadhna,no,17,
dol,a-staigh,17,
air,rud,17,
thoirt,a-steach,17,
sin,cho,17,
chaidh,sibh,17,
obair,gu,17,
seo,idir,17,
leig,thu,17,
iad,nas,17,
thug,iad,17,
math,luath,17,
do,chòrd,17,
nan,rudan,17,
thàinig,iad,17,
gum,b’,17,
nuair,nach,17,
an-diugh,gu,17,
fàilte,air,17,
chuid,mhòr,17,
bhith,ro,17,
cuideachd,‘s,17,
mo,chùlaibh,17,
glè,thric,17,
ro,fhada,17,
thòisich,iad,17,
bith,air,17,
thoirt,gu,17,
char,as,17,
nas,lugha,17,
aig,cridhe,17,
freagarrach,airson,17,
fhaighinn,airson,17,
gun,tàinig,17,
mus,tèid,17,
mi,fhathast,17,
bho,thòisich,17,
ghàidhlig,ghlaschu,17,
dol,aig,17,
fuireach,air,17,
buileach,cho,17,
air,a',17,
gu,h-àraid,17,
fada,nas,17,
h-alba,air,17,
mòr,ostaig,17,
le,taic,17,
ann,leis,17,
the,highlands,17,
inbhir,pheofharain,17,
kind,of,17,
de,shoilleireachd,17,
aig,fèis,17,
aig,shona,17,
ach,b’,16,
mhòr-chuid,de,16,
dheidhinn,sin,16,
mo,sheanair,16,
ma,thèid,16,
ach,chaidh,16,
ann,uill,16,
air,beulaibh,16,
seo,balaich,16,
sin,bhiodh,16,
dè,mar,16,
fear,seo,16,
chiad,fhacal,16,
fios,a’m,16,
den,bhliadhna,16,
measail,air,16,
h-uile,seòrsa,16,
rèir,choltais,16,
he,was,16,
ceud,gu,16,
nach,urrainn,16,
uair,sam,16,
sin,rud,16,
sin,fìor,16,
dèiligeadh,ri,16,
gabhail,àite,16,
airson,gach,16,
mi,uabhasach,16,
sinn,aig,16,
ceangailte,ris,16,
atharrachadh,gu,16,
à,bith,16,
cur,às,16,
math,ach,16,
aon,duine,16,
dhèanamh,’s,16,
leth-cheud,bliadhna,16,
‘s,air,16,
agam,airson,16,
a-steach,ann,16,
cuideachd,chaidh,16,
that,they,16,
do,thòisich,16,
b’,fheudar,16,
iad,a',16,
ullachadh,airson,16,
dèiligeadh,ris,16,
cho,faisg,16,
a-staigh,air,16,
fhaide,air,16,
iad,anns,16,
chì,mi,16,
thu,leas,16,
eile,airson,16,
crìoch,air,16,
dèidh,dha,16,
seann,daoine,16,
cothrom,air,16,
dùil,againn,16,
chuir,sinn,16,
fios,aig,16,
dhan,àite,16,
dèanamh,rudan,16,
toirt,sùil,16,
math,trang,16,
bheil,barrachd,16,
bheir,sinn,16,
dàrna,leth,16,
fàs,suas,16,
air,barrachd,16,
air,eachdraidh,16,
loch,abar,16,
tighinn,bho,16,
air,cùlaibh,16,
còmhla,airson,16,
a-steach,airson,16,
eile,cuideachd,16,
dhan,sgìre,16,
dhan,chloinn,16,
còmhla,ann,16,
dhol,gu,16,
cuid,dhe,16,
as,àbhaist,16,
will,be,16,
that,the,16,
daoine,bho,16,
‘s,nach,16,
loch,baghasdail,16,
beag,nas,16,
bheachd,gu,16,
‘s,nan,16,
have,been,16,
into,the,16,
to,make,16,
maclaomainn,bbc,16,
sa,chiad,16,
eileen,nicdhòmhnaill,16,
up,to,16,
dh’,fheumadh,16,
cudromach,‘s,16,
loch,nam,16,
nam,madadh,16,
ràdh,rium,15,
thig,iad,15,
math,ri,15,
às,gach,15,
sin,nach,15,
dh’fhàg,mi,15,
smaointinn,gum,15,
as,ùr,15,
a-nis,gu,15,
pàirt,den,15,
còrdadh,ri,15,
is,gu,15,
math,furasta,15,
mi,nach,15,
bhiodh,mo,15,
sin,'s,15,
seo,beul,15,
beul,chainnt,15,
eòlach,gu,15,
chanadh,tu,15,
bhiodh,sin,15,
nan,caorach,15,
mi,aig,15,
ach,co-dhiù,15,
ann,an-dràsta,15,
bhith,mar,15,
cho,dona,15,
daoine,gu,15,
seo,alleluia,15,
cuid,eile,15,
math,’s,15,
’s,iomadh,15,
sibh,gu,15,
barrachd,air,15,
sin,so,15,
san,sgoil,15,
gan,dèanamh,15,
mar,bu,15,
mus,tig,15,
dòchas,nach,15,
agam,fhèin,15,
as,ùire,15,
agad,ann,15,
eachdraidh,nan,15,
to,have,15,
t-eilean,sgitheanach,15,
iomadh,bliadhna,15,
thu,cho,15,
mòr,ri,15,
ais,ann,15,
bit,of,15,
uill,sin,15,
fhichead,bliadhna,15,
chur,suas,15,
iad,ri,15,
gabhail,ris,15,
ach,an-diugh,15,
an-diugh,air,15,
agam,ach,15,
bho,thùs,15,
ann,'s,15,
iomadh,rud,15,
air,tachairt,15,
againn,ach,15,
iomadach,rud,15,
sinn,airson,15,
iain,macillemhìcheil,15,
phort,rìgh,15,
seo,fhathast,15,
fhèin,math,15,
cur,a-mach,15,
rudeigin,air,15,
airson,mo,15,
it,is,15,
there,is,15,
ann,a-nise,15,
so,we,15,
thar,nam,15,
if,you,15,
againn,fhìn,15,
bruidhinn,gàidhlig,15,
pàirt,ann,15,
nise,chaidh,15,
cudromach,airson,15,
sgàth,‘s,15,
dhèanamh,anns,15,
bhith,a',15,
daoine,òga,15,
do,mhuinntir,15,
dhen,bheachd,15,
mi,dol,15,
aithris-sa,aig,15,
tighinn,bhon,15,
là,steòrnabhagh,15,
some,of,15,
air,bhonn,15,
sgoil,ùr,15,
able,to,15,
rim,faicinn,15,
it,would,15,
we,had,15,
sgìre,air,15,
oilthigh,ghlaschu,15,
gibb,bbc,15,
dol,airson,14,
luath,‘s,14,
creidsinn,gun,14,
ach,bhiodh,14,
aca,anns,14,
thogail,air,14,
mo,phàrantan,14,
mus,deach,14,
chaidh,thu,14,
agad,gu,14,
seo,is,14,
cumail,sùil,14,
agad,fhèin,14,
aige,ann,14,
coimhead,airson,14,
no,càil,14,
thuirt,thu,14,
bhith,nas,14,
air,‘s,14,
math,fortanach,14,
leabhar,seo,14,
aon,seòrsa,14,
mi,òg,14,
air,ceud,14,
chionn,fhada,14,
dhuine,sam,14,
cò,às,14,
no,gu,14,
ma,gheibh,14,
ga,mo,14,
rud,ris,14,
ann,no,14,
rud,no,14,
so,’s,14,
iad,mar,14,
dhan,ghàidhealtachd,14,
mhòr,aig,14,
beagan,bhliadhnaichean,14,
mu,chòig,14,
fhios,agamsa,14,
air,aghaidh,14,
eile,anns,14,
leithid,de,14,
ga,fhaighinn,14,
sinn,seo,14,
cheud,gu,14,
iad,fhathast,14,
buileach,cinnteach,14,
cho,làidir,14,
ann,ri,14,
sìos,air,14,
cupa,tì,14,
ais,air,14,
fàgail,gu,14,
toirt,dhaibh,14,
sin,ri,14,
faigh,mi,14,
math,faisg,14,
seo,bidh,14,
dhaoine,eile,14,
aig,duine,14,
gum,faigheadh,14,
iad,nan,14,
thug,sin,14,
dhol,ann,14,
ùidh,agam,14,
a-mach,airson,14,
a-mach,le,14,
iad,a-mach,14,
seo,an-dràsta,14,
chur,a-steach,14,
smachd,air,14,
mus,bi,14,
an-diugh,chaidh,14,
aig,sgoil,14,
leis,nach,14,
that,you,14,
nach,deach,14,
obair,le,14,
rium,fhìn,14,
bhith,bruidhinn,14,
’s,mi,14,
ach,sin,14,
airson,faighinn,14,
dè,thachras,14,
dà,latha,14,
ach,mu,14,
mu,mheadhan,14,
feuchaidh,sinn,14,
airson,gun,14,
ach,do,14,
àite,ann,14,
còmhla,riutha,14,
dèanamh,deiseil,14,
air,bheag,14,
seo,dhan,14,
fhèin,‘s,14,
nas,luaithe,14,
gu,buil,14,
new,zealand,14,
cheud,mìle,14,
air,eilean,14,
anns,gach,14,
chùis,air,14,
airson,airgead,14,
san,fharsaingeachd,14,
eile,mar,14,
ath,bhliadhna,14,
là,an-diugh,14,
we’ve,got,14,
tarsainn,air,14,
de,sheann,14,
de,luchd-turais,14,
that,people,14,
tuilleadh,seo,14,
air,chois,14,
là,uibhist,14,
le,barrachd,14,
dualchas,nàdair,14,
ghobhainn,bbc,14,
leithid,sin,13,
cuideachd,bidh,13,
seo,fad,13,
thug,mi,13,
airson,gum,13,
fhuair,thu,13,
co-dhiù,ach,13,
dòigh,sam,13,
toirt,dhuinn,13,
dìreach,gus,13,
bhith,cho,13,
air,dìreach,13,
aon,dhe,13,
aig,gach,13,
’s,bhiodh,13,
agam,gun,13,
càil,nas,13,
gun,dèanadh,13,
gun,deigheadh,13,
eile,‘s,13,
is,gun,13,
agam,dè,13,
mi,mar,13,
eaglais,shaoir,13,
suas,ann,13,
cuideachd,’s,13,
àbhaist,dhomh,13,
ann,so,13,
san,àmhainn,13,
chaidh,mo,13,
ò,gu,13,
gu,tric,13,
’s,dè,13,
de,rudan,13,
cleachdte,ris,13,
mi,a-nis,13,
eadar,dà,13,
mhòr,ann,13,
chiad,latha,13,
dol,chun,13,
you,can,13,
sin,agaibh,13,
dheidhinn,dè,13,
dad,sam,13,
tòrr,dhen,13,
dearbh,fhèin,13,
ri,iain,13,
tighinn,beò,13,
sinn,anns,13,
airson,taic,13,
no,ann,13,
and,he,13,
airson,dà,13,
smaoineachadh,mu,13,
tur,eadar-dhealaichte,13,
thoirt,dhaibh,13,
tu,sin,13,
cho,brèagha,13,
aca,‘s,13,
mi,a-riamh,13,
seach,gu,13,
radio,nan,13,
againn,gu,13,
dèidh,dhaibh,13,
feadhainn,ann,13,
càil,mar,13,
chiad,cheum,13,
ma,thig,13,
fear,dhe,13,
air,mullach,13,
tachairt,anns,13,
thoirt,a-mach,13,
còmhla,rinn,13,
faighinn,cothrom,13,
air,faighinn,13,
fhaicinn,air,13,
tòrr,obrach,13,
chòir,dhut,13,
h-uile,seachdain,13,
falbh,air,13,
ri,duine,13,
’s,chaidh,13,
cur,nan,13,
againn,anns,13,
taic,bho,13,
iad,ris,13,
iad,gan,13,
latha,air,13,
ri,seo,13,
seo,deiseil,13,
rudan,air,13,
ann,idir,13,
choimhearsnachd,air,13,
fhèin,mar,13,
bhith,faiceallach,13,
rud,mòr,13,
fhathast,ann,13,
air,muinntir,13,
an-dràsta,ach,13,
ann,dha,13,
mar,siud,13,
tòrr,obair,13,
aig,ceann,13,
sin,leis,13,
an-diugh,le,13,
àiteachan,eile,13,
cho,soirbheachail,13,
adhart,ris,13,
fhaighinn,bho,13,
gun,till,13,
dòigh,as,13,
againne,air,13,
sinn,sùil,13,
nas,àirde,13,
t-seòrsa,seo,13,
gàidhlig,ionnsachadh,13,
chleachdadh,ann,13,
feum,againn,13,
thogail,airson,13,
bliadhnaichean,ri,13,
bhith,faighinn,13,
mhòran,sgìrean,13,
h-eileanan,mu,13,
bhith,tighinn,13,
sreath,de,13,
bliadhna,‘s,13,
air,gàidhlig,13,
nan,eileanan,13,
they,can,13,
people,who,13,
ath,cheum,13,
is,the,13,
wanted,to,13,
mg,alba,13,
seachad,airson,13,
leabhar,ùr,13,
droch,shìde,13,
bhith,dol,13,
ruairidh,rothach,13,
tòiseachadh,le,12,
co-cheangailte,ri,12,
mise,ach,12,
mionaid,no,12,
gu,deas,12,
aige,ri,12,
gun,tug,12,
sin,dè,12,
airson,clann,12,
fuireach,còmhla,12,
cleachdte,ri,12,
beò,air,12,
fhèin,is,12,
and,that,12,
fheàrr,air,12,
uile,air,12,
taca,ri,12,
agad,airson,12,
th,air,12,
feum,aig,12,
aig,muir,12,
ri,mo,12,
mo,bhràthair,12,
aig,dòmhnall,12,
dh’,atharraich,12,
obair,mar,12,
that,was,12,
that,are,12,
sin,fhios,12,
cinnteach,gur,12,
dìreach,mìorbhaileach,12,
uill,bidh,12,
iad,uabhasach,12,
atharrachadh,mòr,12,
feum,agam,12,
tighinn,chun,12,
bheil,mòran,12,
aca,gu,12,
cà’,bheil,12,
ceangailte,ri,12,
coltas,gu,12,
bhith,agam,12,
seo,so,12,
gum,faod,12,
duine,ann,12,
rud,mu,12,
bliadhna,a-nis,12,
gu,tuath,12,
dh’,fhàs,12,
thig,sinn,12,
chiad,bhliadhna,12,
oidhche,haoine,12,
ciallachadh,nach,12,
falbh,gu,12,
eagal,orm,12,
daoine,aig,12,
mi,buileach,12,
sgioba,de,12,
à,eilean,12,
thoirt,às,12,
creidsinn,gur,12,
tachairt,air,12,
daoine,airson,12,
cuideigin,eile,12,
unnsaichean,flùir,12,
deiseil,a-nis,12,
dh’aindeoin,sin,12,
thàinig,sinn,12,
fhaisge,air,12,
eile,’s,12,
pàirt,dhen,12,
thogail,anns,12,
aon,dòigh,12,
follaiseach,gu,12,
duine,againn,12,
iomadach,dòigh,12,
math,mòr,12,
dèan,sinn,12,
ann,de,12,
coinneachadh,ri,12,
mi,tòrr,12,
latha,gu,12,
gan,togail,12,
nach,ann,12,
agam,nuair,12,
rudan,sin,12,
aon,latha,12,
sinn,tòrr,12,
dè,bhios,12,
bheil,feum,12,
ga,iarraidh,12,
aig,cuid,12,
mus,tàinig,12,
à,alba,12,
fhada,gus,12,
iomadh,duine,12,
’n,dòchas,12,
air,choireigin,12,
sinn,fhìn,12,
a-mach,dè,12,
sin,an-dràsta,12,
air,rudeigin,12,
bho,chaidh,12,
diofar,rudan,12,
seo,bhon,12,
cuid,aca,12,
fhathast,ri,12,
air,gu,12,
gleann,dail,12,
dearbha,fhèin,12,
chòir,dhuinn,12,
mòran,dhiubh,12,
dhomh,dè,12,
aca,aig,12,
chionn,còrr,12,
mu,thrì,12,
coimhead,gu,12,
aig,bun-sgoil,12,
air,fàire,12,
àite,anns,12,
ach,beagan,12,
againn,aig,12,
dèan,mi,12,
sin,feumaidh,12,
faic,sinn,12,
gàidhlig,anns,12,
measg,eile,12,
seo,le,12,
chumail,anns,12,
as,t-earrach,12,
àite,sam,12,
gabhail,a-steach,12,
sin,ge-tà,12,
air,sàilleibh,12,
seo,dhen,12,
againn,an-diugh,12,
fhaighinn,ach,12,
bi,barrachd,12,
dòigh,airson,12,
dhuibh,uill,12,
le,greisean,12,
dh’,fhaicinn,12,
an-diugh,aig,12,
over,the,12,
là,dùn,12,
dhe,leithid,12,
they,want,12,
caitriana,deeprose,12,
the,island,12,
leis,cho,12,
seo,calum,12,
aig,comhairle,12,
comharrachadh,bliadhna,12,
do,sgoilearan,12,
beachd,ann,12,
aig,taigh-tasgaidh,12,
aig,oilthigh,12,
mo,mhàthar,11,
’s,air,11,
air,iomall,11,
leth,cudromach,11,
dol,tron,11,
deach,mi,11,
rudan,nach,11,
beagan,airgid,11,
thaobh,nan,11,
dà,spàin,11,
airson,rud,11,
agad,ri,11,
tron,oidhche,11,
sin,a-mach,11,
sin,is,11,
aig,calum,11,
fhios,’m,11,
mi,seachad,11,
bhith,a-muigh,11,
latha,ach,11,
air,latha,11,
coltach,gun,11,
nas,fharsainge,11,
mòra,ann,11,
chaidh,mise,11,
agad,nuair,11,
airson,còrr,11,
airson,greiseag,11,
uisge,ann,11,
no,rud,11,
sin,às,11,
faigh,thu,11,
toilichte,leis,11,
faireachdainn,gun,11,
feum,sinn,11,
càil,eile,11,
faclan,ùra,11,
bhios,aig,11,
aiseag,bheàrnaraigh,11,
thug,sinn,11,
do,mhàiri,11,
dhà,ann,11,
do,rugadh,11,
aig,alasdair,11,
’s,mise,11,
‘s,mar,11,
agad,ach,11,
àrd,ìre,11,
no,’s,11,
gu,tìr-mòr,11,
dhèanamh,‘s,11,
nochdadh,ann,11,
sin,glè,11,
cò,as,11,
chun,nan,11,
làimh,dheis,11,
ruige,seo,11,
nach,fhaigh,11,
bho,bhith,11,
iad,aig,11,
and,this,11,
eadar,seo,11,
ach,'s,11,
bliadhnaichean,air,11,
fhèin,anns,11,
aon,ugh,11,
seo,nach,11,
gum,feumadh,11,
bith,aig,11,
shìos,ann,11,
againn,fhèin,11,
urrainn,dhòmhsa,11,
a’m,dè,11,
new,york,11,
sin,bhon,11,
dìreach,beagan,11,
sin,ged,11,
dèidh,bliadhna,11,
dhèanamh,mar,11,
mìle,duine,11,
mìle,gu,11,
ach,ged,11,
siar,leòdhais,11,
an-diugh,mar,11,
airgead,airson,11,
bhios,sinn,11,
co-dhiù,’s,11,
feuchainn,air,11,
dà,mhìos,11,
ach,rinn,11,
mi,a',11,
oilthigh,obar,11,
mi,beag,11,
ann,is,11,
sin,dhan,11,
san,t-seachdain,11,
gu,muir,11,
seo,ri,11,
thoirt,dhuinn,11,
fios,aca,11,
bheil,fios,11,
sinn,toilichte,11,
bheil,gu,11,
fheadhainn,as,11,
math,eòlach,11,
a-nis,ann,11,
piseach,air,11,
toirt,a-steach,11,
see,the,11,
look,at,11,
chì,iad,11,
mi,rudeigin,11,
b’,fhada,11,
air,airgead,11,
àite,gu,11,
sinn,dol,11,
mi,a-staigh,11,
a-mach,ann,11,
tighinn,suas,11,
seo,agad,11,
pàirt,de,11,
cuideachd,gun,11,
sin,fhuair,11,
san,eaglais,11,
cho,doirbh,11,
ma-thà,uill,11,
ro,mhath,11,
fhathast,gu,11,
tron,dùthaich,11,
math,ann,11,
seo,uile,11,
gluasad,air,11,
nochdadh,anns,11,
a',toirt,11,
we,were,11,
bhith,uabhasach,11,
coimhead,glè,11,
buidheann,de,11,
fhaighinn,ann,11,
gach,seachdain,11,
toirt,buaidh,11,
thall,thairis,11,
rudan,ann,11,
a-staigh,gu,11,
aig,feadhainn,11,
cudromach,gum,11,
a-mhàin,gu,11,
bidh,cuid,11,
nas,miosa,11,
dèanamh,dheth,11,
airson,iomadach,11,
pìos,beag,11,
fhèin,aig,11,
airson,ùine,11,
gu,àm,11,
bliadhna,airson,11,
as,sine,11,
riut,fhèin,11,
obair,airson,11,
chosg,air,11,
mòr,mòr,11,
h-uile,coltas,11,
smaoineachadh,nach,11,
we’ve,had,11,
and,in,11,
stèidheachadh,ann,11,
stèidhichte,ann,11,
fhathast,air,11,
eile,aig,11,
ga,fhàgail,11,
tig,iad,11,
sgìrean,eile,11,
thimcheall,air,11,
gàidhlig,gu,11,
air,èirigh,11,
gàidhlig,mar,11,
eilean,air,11,
a-staigh,airson,11,
air,buaidh,11,
dè,nì,11,
fhichead,mìle,11,
chumail,ri,11,
àite,seo,11,
diofar,mòr,11,
mi,ràdh,11,
seo,aonghas,11,
dhen,t-seòrsa,11,
cuid,den,11,
air,pròiseact,11,
leth,uair,11,
gun,cùm,11,
bhon,taigh,11,
bidh,cothrom,11,
mun,ear,11,
think,it’s,11,
duais,airson,11,
alasdair,friseal,11,
it’s,really,11,
is,eile,11,
sa,choimhearsnachd,11,
so,it’s,11,
if,we,11,
ro,dheireadh,11,
sealltainn,gu,11,
inbhir,theòrsa,11,
eadar,inbhir,11,
the,moment,11,
teagaisg,tro,11,
bliadhna,de,11,
there,was,11,
siorrachd,obar,11,
gàidhlig,‘s,11,
is,bliadhna,11,
alba,air,11,
dh’,inns,11,
people,are,11,
aghaidh,mhòr,11,
sa,tighinn,11,
a',comharrachadh,11,
de,thachartasan,11,
air,bbc,11,
them,to,11,
feasgar,a-màireach,11,
mu,cheann,11,
daoine,nach,10,
thu,airson,10,
dh’,fheumas,10,
the,best,10,
toiseach,tòiseachaidh,10,
agad,mar,10,
seo,sheinn,10,
airson,rudan,10,
leam,fhìn,10,
fad,bhliadhnaichean,10,
le,beagan,10,
airson,aon,10,
tè,eile,10,
ruith,air,10,
innse,do,10,
à,seo,10,
iad,an-còmhnaidh,10,
latha,ann,10,
ma,nì,10,
ann,dè,10,
àite,air,10,
tron,bhliadhna,10,
a-muigh,air,10,
math,mar,10,
airidh,air,10,
ann,sin,10,
ochdamh,linn,10,
thogadh,mi,10,
duine,gu,10,
thèid,thu,10,
dèanamh,uill,10,
leughadh,’s,10,
’s,nuair,10,
bhith,caran,10,
lorg,air,10,
eaglais,shaor,10,
aig,mo,10,
dithis,aca,10,
chur,sìos,10,
dèan,thu,10,
beag,de,10,
le,chèile,10,
a-nis,deiseil,10,
iad,’s,10,
innse,dhut,10,
math,làidir,10,
mo,thogail,10,
dha,fhèin,10,
bruidhinn,ris,10,
seann,làithean,10,
a-null,chun,10,
luath,’s,10,
thu,ceart,10,
air,leth-cheud,10,
so,sin,10,
dhèanamh,nuair,10,
is,dà,10,
chionn,bhliadhnaichean,10,
dhol,à,10,
blàr,chùil,10,
à,uibhist,10,
loch,abair,10,
aice,fhèin,10,
rud,ann,10,
bho,thàinig,10,
to,put,10,
an-diugh,‘s,10,
cleachdadh,airson,10,
bhi,mi,10,
bhi,mise,10,
mi,mo,10,
seo,gun,10,
is,iad,10,
dùil,agam,10,
sin,uabhasach,10,
so,mar,10,
dh’,aithghearr,10,
nì,iad,10,
ma,bheir,10,
as,coireach,10,
’s,gur,10,
fortanach,gu,10,
ghàidhealtachd,ach,10,
the,other,10,
cuideachd,uill,10,
eile,bidh,10,
bheatha,’s,10,
chionn,dà,10,
uill,'s,10,
sgoil,ann,10,
bheag,ann,10,
air,’s,10,
do,thachair,10,
dhèanamh,gu,10,
nas,fhaisge,10,
sinn,cho,10,
aon,ìre,10,
a-rithist,air,10,
aige,fhèin,10,
fhios,aige,10,
bhith,beò,10,
mòran,taing,10,
a’m,air,10,
air,cho,10,
chuir,sin,10,
ach,thàinig,10,
a-riamh,air,10,
dhèanamh,eadar,10,
thall,ann,10,
sibh,ann,10,
dhomh,fhìn,10,
mi,nuair,10,
uile,còmhla,10,
cho,snog,10,
dèanamh,mar,10,
fhaicinn,ann,10,
chiad,fhear,10,
rudeigin,ann,10,
le,seo,10,
dol,a-null,10,
co,às,10,
airson,tuilleadh,10,
dhèanamh,cuideachd,10,
dhut,fhèin,10,
sin,uile,10,
gan,cumail,10,
chuireas,tu,10,
do,dh’fheuch,10,
dòigh,sin,10,
air,slighe,10,
san,t-saoghal,10,
is,farsaing,10,
as,ainmeile,10,
dol,anns,10,
nach,bu,10,
air,feadhainn,10,
gàidhealtachd,air,10,
mi,’n,10,
leòr,ach,10,
gum,bithinn,10,
dèanamh,beagan,10,
bhith,còmhla,10,
toilichte,gun,10,
mu,chuairt,10,
sin,seo,10,
seachad,anns,10,
no,nach,10,
seo,mu,10,
h-àraidh,nuair,10,
adhart,ri,10,
càil,air,10,
againn,‘s,10,
so,bidh,10,
ri,tighinn,10,
thu,sin,10,
air,fear,10,
tòrr,mòr,10,
sinn,gan,10,
againn,airson,10,
like,that,10,
fhèin,airson,10,
nis,air,10,
air,diofar,10,
cuimhneachadh,air,10,
motha,de,10,
seo,cho,10,
a-rithist,gu,10,
aige,mar,10,
cur,fàilte,10,
air,nach,10,
dè,a-nis,10,
atharraich,sin,10,
airson,cuideachadh,10,
an-dràsta,airson,10,
nam,fuadaichean,10,
a-mach,mar,10,
chur,a-staigh,10,
bliadhna,eile,10,
nis,an-diugh,10,
dheireadh,thall,10,
ma,dh’,10,
gach,àite,10,
nis,airson,10,
nis,ach,10,
’s,cho,10,
chòir,dha,10,
dèanamh,dragh,10,
daoine,mar,10,
gluasad,gu,10,
ann,tric,10,
à,steòrnabhagh,10,
math,math,10,
air,chuairt,10,
dè,dìreach,10,
dèan,cinnteach,10,
airson,uair,10,
ann,gus,10,
that,and,10,
so,that,10,
here,and,10,
you,have,10,
sgàth,sin,10,
bhith,dìreach,10,
sinn,rud,10,
le,gàidhlig,10,
niall,iain,10,
nas,làidire,10,
fada,fada,10,
math,nam,10,
no,air,10,
t-seachdain,seo,10,
mun,àm,10,
fhaighinn,a-mach,10,
ri,rudan,10,
air,dùn,10,
ri,cuid,10,
rannsachadh,air,10,
seo,'s,10,
coimhead,ris,10,
seo,o,10,
cudromach,gu,10,
fios,againn,10,
sònraichte,airson,10,
oidhche,mhath,10,
mura,h-eil,10,
an-dràsta,aig,10,
bi,sin,10,
cho,trang,10,
ge-tà,ach,10,
sgàth,gu,10,
aig,sabhal,10,
mo,chuid,10,
sin,dol,10,
gun,tog,10,
airson,obair,10,
is,mìle,10,
is,ceud,10,
by,the,10,
ùr,seo,10,
strì,airson,10,
fad,‘s,10,
gàidhlig,ri,10,
bhliadhna,air,10,
urras,nàiseanta,10,
the,whole,10,
murray,macleòid,10,
bliadhna,as,10,
iain,macaonghais,10,
chumail,beò,10,
iain,macdiarmaid,10,
do,luchd-turais,10,
the,people,10,
dàrna,bliadhna,10,
dol,fad,10,
it’s,the,10,
think,the,10,
the,scottish,10,
number,of,10,
seo,andreas,10,
buidhnean,glèidhteachais,10,
chogadh,mhòr,10,
comharrachadh,gu,10,
fèis,leabhraichean,10,
try,and,10,
celsius,aig,10,
aig,mòran,10,
fear-naidheachd,againn,10,
oilthigh,dhùn,10,
àitichean,eile,10,
srath,pheofhair,10,
meadhanan,sòisealta,10,
airson,biadh,9,
mhòr,de,9,
ainmeil,airson,9,
iad,a-nise,9,
sin,sin,9,
thall,’s,9,
feadhainn,aca,9,
ga,do,9,
fad,mo,9,
h-àraidh,ann,9,
dìreach,ann,9,
sinn,mar,9,
airson,tòiseachadh,9,
fhear,seo,9,
ro,mhòr,9,
dhà,uimhir,9,
furasta,’s,9,
math,beag,9,
fad,às,9,
dol,dha,9,
latha,math,9,
cuideachd,ann,9,
anns,a',9,
seo,bhiodh,9,
toirt,a-staigh,9,
cur,gu,9,
rèir,mar,9,
thogras,mi,9,
sibh,ceart,9,
sibh,ceàrr,9,
bidh,fhios,9,
nan,tigeadh,9,
air,uachdar,9,
a-nis,’s,9,
ann,gur,9,
cò,aige,9,
smaoineachadh,uill,9,
air,càil,9,
measg,nam,9,
bith,mar,9,
‘s,toigh,9,
duine,anns,9,
dèanadh,tu,9,
innis,dhomh,9,
cuimhne,’m,9,
sa,sgoil,9,
feum,sam,9,
nach,maireann,9,
dè,eile,9,
bhios,sibh,9,
dèanamh,rudeigin,9,
of,tartar,9,
bhith,math,9,
dè,do,9,
mi,dhachaigh,9,
fosgailte,dhan,9,
uile,eòlach,9,
air,faclan,9,
eile,nach,9,
sinn,ar,9,
fàgaidh,mi,9,
nis,’s,9,
’s,dìreach,9,
bheil,cothrom,9,
nì,thu,9,
’s,rinn,9,
mise,gu,9,
iarraidh,sin,9,
ciallachadh,gum,9,
ùidh,anns,9,
bhith,nan,9,
bhiodh,aig,9,
ghabh,mi,9,
aice,air,9,
do,chlann,9,
dh’,obair,9,
mi,mu,9,
cho,beag,9,
uill,chaidh,9,
air,no,9,
seo,rud,9,
bhios,mise,9,
furasta,gu,9,
gu,faigh,9,
fhaighinn,anns,9,
bi,sibh,9,
dh’fhàs,mi,9,
facal,no,9,
ùisdean,macillfhinnein,9,
làimh,chlì,9,
nam,beathaichean,9,
do,chroitearan,9,
mura,biodh,9,
tric,’s,9,
so,it,9,
fad,air,9,
àm,ach,9,
aca,ach,9,
eile,de,9,
a-mach,mu,9,
mar,chuimhneachan,9,
ann,nas,9,
à,sin,9,
daoine,às,9,
ach,uaireannan,9,
dhèanamh,aig,9,
up,and,9,
chur,timcheall,9,
air,mòran,9,
fear,sin,9,
air,àite,9,
ann,far,9,
bheag,de,9,
agamsa,air,9,
air,beagan,9,
pàigheadh,airson,9,
mòr,aig,9,
dòigh,eadar-dhealaichte,9,
dhaoine,gu,9,
daoine,ris,9,
aig,m’,9,
dheth,ach,9,
a-rithist,ann,9,
faireachdainn,mar,9,
mi,gur,9,
bhaile,mhòr,9,
bheil,mise,9,
dèanamh,obair,9,
ann,co-dhiù,9,
nach,cuir,9,
nas,fhèarr,9,
sinn,deiseil,9,
urrainn,dhan,9,
b’,fhiach,9,
toirt,dhachaigh,9,
“tagh,do,9,
bheil,rudeigin,9,
fhios,cò,9,
rudeigin,eile,9,
nan,uighean,9,
dhèanamh,a-mach,9,
mi,iad,9,
ann,mun,9,
rinn,sibh,9,
againn,ri,9,
ann,aon,9,
dèanamh,’s,9,
daoine,anns,9,
chiad,àite,9,
agam,fhathast,9,
toirt,dhomh,9,
dòighean,eile,9,
adhart,ach,9,
chaidh,sin,9,
duine,no,9,
no,dithis,9,
gun,glac,9,
eilean,leòdhais,9,
buannachd,mhòr,9,
about,the,9,
dhol,suas,9,
hearadh,air,9,
iad,eòlach,9,
rugadh,mi,9,
airson,bliadhna,9,
ceàrr,air,9,
sin,mu,9,
mu,dè,9,
riamh,ann,9,
mhòr,gu,9,
sin,son,9,
thall,‘s,9,
bidh,sibh,9,
mòran,air,9,
seòrsa,saoghail,9,
de,dh’airgead,9,
tòrr,air,9,
rinn,mise,9,
bhiodh,sibh,9,
gun,gabhadh,9,
chur,ceart,9,
biodh,sinn,9,
bheil,ceangal,9,
dhèanamh,leis,9,
math,inntinneach,9,
nam,mìltean,9,
dhèanamh,ris,9,
fhaicinn,mar,9,
rud,aig,9,
gun,tòisich,9,
a-steach,dha,9,
airson,sealltainn,9,
uabhasach,toilichte,9,
lean,sin,9,
's,iad,9,
air,turas,9,
cho,toilichte,9,
teaghlach,air,9,
mhòr,dhan,9,
ùine,mhòr,9,
ann,bidh,9,
thoirt,dhomh,9,
chiad,char,9,
very,very,9,
an-diugh,fhèin,9,
math,sìmplidh,9,
chur,orra,9,
aig,teas,9,
uabhasach,doirbh,9,
mi,glè,9,
latha,mar,9,
very,much,9,
faicinn,mar,9,
gu,deireadh,9,
bhith,nad,9,
seo,math,9,
tu,rud,9,
to,come,9,
dàrna,cogaidh,9,
uill,mar,9,
new,south,9,
south,wales,9,
airson,rudeigin,9,
iarraidh,orm,9,
rud,ceart,9,
sinn,an-dràsta,9,
dèanamh,barrachd,9,
cò,aig,9,
stad,air,9,
sin,còmhla,9,
thuirt,iad,9,
as,fhaide,9,
dè,as,9,
bhios,cùisean,9,
bhith,cinnteach,9,
dhèanamh,mu,9,
fèill,àiteachais,9,
mi,math,9,
to,take,9,
a',fuireach,9,
iomradh,air,9,
sgrìobhadh,le,9,
's,urrainn,9,
ùr,airson,9,
airson,feuchainn,9,
tè,de,9,
sinn,beagan,9,
còrdadh,riutha,9,
ach,dhan,9,
le,dà,9,
tachairt,ann,9,
faighinn,a-steach,9,
“am,fear,9,
cuir,sinn,9,
naoidheamh,linn,9,
dèanamh,a-mach,9,
air,oidhche,9,
cumail,smachd,9,
air,chall,9,
math,dhut,9,
bu,thràithe,9,
dèanamh,diofar,9,
togail,air,9,
airson,cuid,9,
chionn,beagan,9,
aig,coinneamh,9,
seo,bean,9,
ghabhail,anns,9,
diofar,dhòighean,9,
air,sàillibh,9,
ach,leis,9,
ri,chluinntinn,9,
tèid,iad,9,
alba,airson,9,
loch,nis,9,
fheàrr,ann,9,
dragh,air,9,
gan,reic,9,
ma,dh’fhaodte,9,
de,sgìrean,9,
ghaoth,gu,9,
gàidhealtachd,‘s,9,
mar-thà,air,9,
fhoillseachadh,aig,9,
aithris,à,9,
mhaighstir,alasdair,9,
rìoghachd,aonaichte,9,
air,làrach,9,
really,important,9,
dòigh,‘s,9,
be,able,9,
cumhachd,ath-nuadhachail,9,
roimhe,seo,9,
mìle,san,9,
us,to,9,
catriona,nicfhionghain,9,
ainmeil,air,9,
greisean,math,9,
aig,muinntir,9,
fhichead,‘s,9,
about,it,9,
fad,is,9,
ann,tioram,9,
part,of,9,
aca,a-nis,9,
reic,aig,9,
has,been,9,
think,it,9,
bhith,cleachdadh,9,
bliadhna,on,9,
goireasan,ùra,9,
ann,dhuinn,9,
aig,seonaidh,9,
beagan,sheachdainean,9,
ann,dhuinne,9,
glaschu,nise,9,
of,people,9,
they,were,9,
gàidhlig,san,9,
trying,to,9,
the,past,9,
nis,ann,9,
mu,eachdraidh,9,
smaoinicheas,tu,9,
seo,shona,9,
leantainn,air,9,
highlands,and,9,
ach,dh’,9,
tuath,leòdhais,9,
air,bliadhna,9,
gun,dachaigh,9,
dhìth,orra,9,
innse,gall,9,
it’,s,9,
bh,bh,9,
no,dè,8,
mun,deidhinn,8,
cho,àlainn,8,
sinn,beò,8,
h-uile,dad,8,
math,fhèin,8,
cuir,mi,8,
sin,deiseil,8,
stàitean,aonaichte,8,
mòr,’s,8,
baile,steòrnabhaigh,8,
do,dh’fhàg,8,
fhios,againne,8,
sin,do,8,
còrdadh,riumsa,8,
nighean,bheag,8,
toirt,toileachas,8,
agam,anns,8,
air,tilleadh,8,
dhuinn,a-nochd,8,
uill,seo,8,
fear,à,8,
gun,tigeadh,8,
bhean,agam,8,
sinn,ri,8,
we,do,8,
ma,chuireas,8,
eile,le,8,
airson,gu,8,
math,mu,8,
a-nis,ach,8,
bu,toigh,8,
dùil,a’m,8,
car,coltach,8,
ò,seadh,8,
dh’fhaodadh,nach,8,
teagamh,ann,8,
mi,gan,8,
donnchadh,bàn,8,
is,thogadh,8,
fuireach,san,8,
san,taigh,8,
ris,’s,8,
bu,choireach,8,
a-null,thairis,8,
in,scotland,8,
màiri-anna,nicdhòmhnaill,8,
coimhead,nas,8,
sinn,fhèin,8,
ràdh,“uill,8,
math,fada,8,
beag,’s,8,
seo,dè,8,
òg,’s,8,
tuilleadh,’s,8,
rudan,ùra,8,
faighinn,beagan,8,
on,uair,8,
seo,seo,8,
cudromach,anns,8,
h-uile,sgath,8,
dèanamh,airson,8,
air,bàrr,8,
bheil,iadsan,8,
sin,dà,8,
gu,pearsanta,8,
a-mach,gun,8,
chanainn,gu,8,
rinn,sin,8,
sin,nas,8,
fheàrr,airson,8,
’s,ma,8,
ann,seo,8,
t-seachdain-sa,chaidh,8,
iarraidh,gum,8,
dheidhinn,ach,8,
m’,aire,8,
nochdadh,air,8,
sin,a-rithist,8,
phòs,sinn,8,
cream,of,8,
dèanamh,nan,8,
nas,duilghe,8,
ga,ghearradh,8,
cinnteach,ach,8,
duine,agam,8,
gu,tìr,8,
eòlaiche,air,8,
sgiobaidhean,ma-thà,8,
agad,anns,8,
dhan,t-saoghal,8,
den,fhìrinn,8,
deagh,rud,8,
mòran,nas,8,
bith,anns,8,
seo,co-dhiù,8,
obair,seo,8,
math,feumail,8,
leòr,eile,8,
as,it,8,
had,to,8,
they,have,8,
fàilte,mhòr,8,
math,gun,8,
mi,dèanamh,8,
dh’fheumadh,iad,8,
àm,sam,8,
nas,urrainn,8,
ann,a-rithist,8,
gu,sgoil,8,
unnsa,ime,8,
a-staigh,còmhla,8,
fhàgail,ann,8,
ga,cur,8,
glè,thoilichte,8,
dhol,sìos,8,
sìos,ann,8,
dèidh,dhan,8,
's,gun,8,
sinn,dhachaigh,8,
dhèanamh,às,8,
bhiodh,daoine,8,
mi,duilich,8,
cur,ri,8,
dùil,aig,8,
càil,ann,8,
bliadhna,chaidh,8,
thoiseach,air,8,
sin,oir,8,
creidsinn,nach,8,
an-dràsta,’s,8,
ràdh,ach,8,
sin,againn,8,
chaidh,iad,8,
aon,turas,8,
suas,chun,8,
baile,mòr,8,
cho,tarraingeach,8,
ùr,gu,8,
faighinn,tòrr,8,
tòrr,den,8,
uaireannan,bidh,8,
ach,chì,8,
teaghlach,mòr,8,
iad,deiseil,8,
mun,sin,8,
faodadh,tu,8,
math,cuideachd,8,
m’,inntinn,8,
do,ràinig,8,
bheachd,nach,8,
do,bhean,8,
deagh,chothrom,8,
fear,nach,8,
dhiubh,ann,8,
chumail,aig,8,
iad,fada,8,
innse,mu,8,
gur,dòcha,8,
fhaodadh,tu,8,
’s,fheàrr,8,
mur,h-eil,8,
seo,a-mach,8,
a-mach,’s,8,
dh’fheuch,mi,8,
ach,gun,8,
daoine,cho,8,
math,cruaidh,8,
b’,fhèarr,8,
measgachadh,de,8,
fear,air,8,
air,iomadach,8,
do,thog,8,
bheir,seo,8,
back,to,8,
that,it,8,
ceud,mìle,8,
dol,mun,8,
air,ceann,8,
bhith,a-mach,8,
leis,fhèin,8,
fhèin,no,8,
seachad,gu,8,
mòra,air,8,
bheachd,gun,8,
gu,sealladh,8,
chur,oirre,8,
tapadh,leatsa,8,
dèanamh,feum,8,
air,uill,8,
agam,dìreach,8,
ciallachadh,gun,8,
b’,fhaisge,8,
idir,’s,8,
leth,dhen,8,
bliadhna,’s,8,
air,muin,8,
bi,gu,8,
ceart,ach,8,
biodh,sibh,8,
togalach,ùr,8,
leotha,fhèin,8,
cuideachd,nach,8,
do,chaill,8,
mìorbhaileach,math,8,
cho,ainmeil,8,
north,west,8,
west,company,8,
ceangal,ris,8,
across,the,8,
sin,cudromach,8,
so,feumaidh,8,
uill,ma,8,
and,get,8,
ò,’s,8,
còrdadh,riut,8,
seach,gun,8,
is,that,8,
because,we,8,
maighstir,calum,8,
gheibh,mi,8,
dòigh,eile,8,
tuiteam,gu,8,
trom,air,8,
gu,dè,8,
cumail,a-mach,8,
turas,mu,8,
co-cheangailte,ris,8,
all,of,8,
bliadhna,mu,8,
dhà,eile,8,
cur,a-staigh,8,
iarraidh,oirnn,8,
cothrom,agam,8,
coinneachadh,ann,8,
toir,seo,8,
math,diofraichte,8,
as,aithne,8,
coimhead,cho,8,
abair,thusa,8,
bi,fios,8,
sin,chuir,8,
a-mach,‘s,8,
a-nis,aig,8,
fheàrr,leotha,8,
ùr,aig,8,
bho,dhaoine,8,
fheàrr,leam,8,
càil,ach,8,
airson,bliadhnaichean,8,
cosg,airgead,8,
gu,ceart,8,
as,duilghe,8,
air,dòighean,8,
mìltean,de,8,
seo,còmhla,8,
air,beatha,8,
àmhainn,airson,8,
cluich,air,8,
nas,òige,8,
no,ma,8,
còmhla,’s,8,
cheud,is,8,
gabh,mo,8,
fheadhainn,eile,8,
ceangal,aig,8,
mi,deiseil,8,
diy,le,8,
le,donnie,8,
de,mhuinntir,8,
gun,còrd,8,
rudan,as,8,
ceangal,eadar,8,
were,the,8,
is,to,8,
need,to,8,
there,and,8,
cothrom,againn,8,
mar,àite,8,
ceud,duine,8,
faodaidh,sinn,8,
nì,sin,8,
sgìre,airson,8,
aige,ach,8,
eilean,nan,8,
sa,bhun-sgoil,8,
bho,chèile,8,
chleachdadh,mar,8,
taic,dha,8,
dòigh,le,8,
bhios,daoine,8,
airson,gàidhlig,8,
a-nochd,fhathast,8,
le,cinnt,8,
bidh,iadsan,8,
dh’fhaodadh,iad,8,
ghabhail,ann,8,
seo,den,8,
bidh,fios,8,
leòr,againn,8,
aig,coinneach,8,
aca,mar,8,
math,de,8,
shin,agad,8,
cudromach,ann,8,
gàidhlig,cuideachd,8,
air,foghlam,8,
innse,dhaibh,8,
droch,rud,8,
ga,cleachdadh,8,
a-nis,‘s,8,
seo,seòid,8,
sin,fhaighinn,8,
sin,leibh,8,
ithe,feòil,8,
latha,brèagha,8,
biodh,daoine,8,
t-àite,seo,8,
gàidhealtachd,is,8,
sàilleibh,’s,8,
bidh,tòrr,8,
is,ann,8,
uair,ann,8,
shaoileadh,tu,8,
ach,cò,8,
chuala,sinn,8,
àm,gu,8,
seinn,ann,8,
alba,ach,8,
ma,chì,8,
uair,‘s,8,
air,ciamar,8,
coiseachd,air,8,
baile,dhubhthaich,8,
aca,le,8,
aig,fèill,8,
tro,mhòran,8,
aindeoin,sin,8,
planaichean,aca,8,
thogail,le,8,
aig,co-labhairt,8,
rob,donn,8,
sgrìobhadh,mu,8,
dhaoine,aig,8,
got,to,8,
ghàidhlig,ann,8,
taic,ris,8,
a',gabhail,8,
òrain,ghàidhlig,8,
it’s,very,8,
nicfhionghain,bbc,8,
and,what,8,
the,local,8,
nan,loch,8,
nas,ìsle,8,
it’s,been,8,
ghàidhlig,ùr,8,
air,rathad,8,
mun,bhuaidh,8,
airson,leasachadh,8,
gnothaichean,mar,8,
san,uair,8,
know,that,8,
we,want,8,
dol,tro,8,
dhan,ghàidhlig,8,
iain,macdiarmid,8,
there,are,8,
of,it,8,
people,that,8,
prionnsa,teàrlach,8,
the,last,8,
barrachd,is,8,
for,us,8,
de,phròiseact,8,
oidhche,air,8,
là,dhen,8,
cruinn,còmhla,8,
dà,là,8,
le,buidhnean,8,
celsius,anns,8,
srath,nabhair,8,
chaidh,fhoillseachadh,8,
bhrosnachadh,gus,8,
tèid,aca,8,
because,of,8,
is,coltach,8,
mu,bheatha,8,
ris,a',8,
h-àraidh,air,8,
ann,eadar,8,
aig,cuirm,8,
grunn,bhliadhnaichean,8,
bhaile,seo,8,
darren,linc,8,
chionn,bliadhnaichean,8,
air,fosgladh,8,
little,bit,8,
bliadhna,seo,8,
dòmhnall,meek,8,
air,aire,8,
tighinn,troimhe,8,
càite,bheil,8,
seachad,ann,8,
talamh,àrd,8,
fhoillseachadh,ann,8,
de,sgoilearan,8,
mun,iar,8,
bhon,iar-dheas,8,
dh’,ionnsaich,8,
sònraichte,ann,8,
taisbeanadh,ann,8,
dh’,alba,8,
dhail,riata,8,
our,own,8,
air,talamh,8,
daoine,tighinn,8,
and,islands,8,
alba,neo-eisimeileach,8,
dòmhnall,maclaomain,8,
eilean,ann,8,
gum,faicear,8,
bheil,gàidhlig,8,
obair,‘s,8,
tè-naidheachd,againn,8,
the,same,8,
aig,a',8,
comann,eachdraidh,8,
was,just,8,
nam,ban,8,
h-uile,gnothaichean,8,
sgoil,shamhraidh,8,
ruairidh,macìomhair,8,
air,stailc,8,
mi,gum,7,
air,prògraman,7,
ùidh,aca,7,
ann,ged,7,
toigh,leamsa,7,
de,bheatha,7,
oirbh,gu,7,
math,ainmeil,7,
airson,ithe,7,
‘s,mi,7,
chiad,dol,7,
bliadhna,mar,7,
tòrr,mu,7,
ach,chuir,7,
canadh,iad,7,
cheannaich,mi,7,
dh’ionnsaich,mi,7,
do,mhàthair,7,
mòr,mar,7,
cho,òg,7,
math,èibhinn,7,
ann,son,7,
atharrachadh,ach,7,
thug,thu,7,
thu,a-steach,7,
dhuinn,dè,7,
fhaic,thu,7,
that,is,7,
latha,mòr,7,
dhèanamh,sin,7,
fheumadh,tu,7,
ach,thòisich,7,
chur,seo,7,
ann,fhios,7,
ann,ò,7,
iad,le,7,
faighinn,facal,7,
phuing,gu,7,
cinnteach,ma,7,
tu,ann,7,
aca,’s,7,
seadh,seadh,7,
air,madainn,7,
aig,diofar,7,
aig,aonghas,7,
mi,an-diugh,7,
air,seann,7,
an-dràsta,mar,7,
dha,bhith,7,
rugadh,is,7,
ann,sa,7,
mar,gun,7,
coltach,nach,7,
fheàrr,leis,7,
barrachd,airgid,7,
iarraidh,gun,7,
gun,toireadh,7,
gabhail,ri,7,
dhèanamh,cho,7,
agamsa,gun,7,
pìosan,beaga,7,
seachad,ach,7,
dèanamh,ach,7,
leughadh,leabhraichean,7,
bhiodh,m’,7,
ga,leughadh,7,
dèanamh,nuair,7,
cho,eadar-dhealaichte,7,
leth,bliadhna,7,
tu,fhèin,7,
dhan,phana,7,
dèanamh,rud,7,
mu,dheich,7,
trice,bidh,7,
fear,dhiubh,7,
teas,ceud,7,
’s,thig,7,
canaidh,iad,7,
fear,as,7,
às,dha,7,
air,drochaid,7,
thog,mi,7,
suas,air,7,
cuideachd,dìreach,7,
latha,anns,7,
bruidhinn,riutha,7,
nach,fheum,7,
bheil,càil,7,
thu,nad,7,
tuath,‘s,7,
bhith,‘n,7,
ùra,ann,7,
gàidhlig,’s,7,
cleachdadh,ann,7,
phuing,airson,7,
cur,ugh,7,
mi,a-steach,7,
fàs,cleachdte,7,
air,duine,7,
duine,seo,7,
aig,ionad,7,
dèidh,mar,7,
fo,smachd,7,
a-nise,ach,7,
de,phrìomh,7,
‘s,gur,7,
for,me,7,
‘s,cho,7,
faicinn,air,7,
bith,ach,7,
toiseach,air,7,
cluinntinn,mu,7,
làidir,gu,7,
oidhche,shathairne,7,
bharrachd,de,7,
tron,t-seachdain,7,
de,rud,7,
faicinn,cho,7,
sinn,uabhasach,7,
faic,mi,7,
feadhainn,dhiubh,7,
seo,caran,7,
toir,iad,7,
sibh,toilichte,7,
ris,mar,7,
gam,chumail,7,
mòr,le,7,
saoil,dè,7,
no,abairt,7,
o,thùs,7,
uill,còmhla,7,
nas,eòlaiche,7,
dhomh,gu,7,
sin,as,7,
coireach,gu,7,
fhaigh,thu,7,
latha,’s,7,
teachd,a-steach,7,
ceud,not,7,
tilleadh,dhachaigh,7,
that,if,7,
they,will,7,
bhean,’s,7,
dòigh,ach,7,
dheth,’s,7,
daoine,ri,7,
nas,cudromaiche,7,
athair,ann,7,
creidsinn,gum,7,
ais,anns,7,
beagan,mu,7,
ach,thug,7,
bhith,ri,7,
out,of,7,
flùir,self-raising,7,
lùib,sin,7,
a-nis,nis,7,
mionaidean,no,7,
dol,gam,7,
gam,fàgail,7,
nach,dèan,7,
às,mo,7,
ùrnaigh,air,7,
dhan,sin,7,
agad,gun,7,
aca,gum,7,
bhios,againne,7,
dìreach,dà,7,
tèid,thu,7,
feuchaidh,mi,7,
sibh,uile,7,
mi,dhuibh,7,
cho,eòlach,7,
an-dràsta,gu,7,
cur,mòran,7,
seo,ge-tà,7,
a’m,gum,7,
daoine,a-mach,7,
falbh,às,7,
iain,mac,7,
clasaichean,gàidhlig,7,
’s,a-bhos,7,
dèidh,làimh,7,
beagan,eadar-dhealaichte,7,
h-àraidh,le,7,
as,bith,7,
duine,aca,7,
mise,a-riamh,7,
chòrd,sin,7,
chòir,dhomh,7,
a-mach,dhan,7,
ri,obair,7,
suas,ris,7,
airson,foghlam,7,
trèanadh,airson,7,
feumaidh,mise,7,
aithne,dhomh,7,
mòran,eile,7,
thu,ach,7,
dhèanamh,dè,7,
fhaighinn,mar,7,
cho,teth,7,
ò,aidh,7,
dèanamh,càil,7,
obair,’s,7,
sinn,eòlach,7,
do,thuig,7,
thuig,mi,7,
tòrr,ann,7,
àite,mar,7,
seallaidh,mi,7,
aon,dithis,7,
nach,d’,7,
turas,no,7,
mi,suas,7,
làn,de,7,
mhòr,dà,7,
nach,fhaodadh,7,
fhàgail,air,7,
air,baile,7,
sibh,dhan,7,
air,nuair,7,
rudan,den,7,
gu,fortanach,7,
àiteachan,mar,7,
dha,duine,7,
sgoil,mhicneacail,7,
fheàrr,le,7,
thank,you,7,
chèile,’s,7,
’s,ga,7,
dèidh,dhomh,7,
dèanamh,ciall,7,
cho,duilich,7,
eisimpleir,air,7,
bheil,sinne,7,
mi,idir,7,
ùr,anns,7,
a-nis,mar,7,
corra,uair,7,
aig,màiri-anna,7,
an-diugh,nuair,7,
taic,do,7,
sin,bu,7,
sin,an-diugh,7,
with,that,7,
thàinig,a-mach,7,
à,baile,7,
in,here,7,
because,it,7,
rudeigin,ceàrr,7,
siar,air,7,
urrainn,do,7,
a-mach,ach,7,
b’,aithne,7,
daoine,le,7,
mise,airson,7,
leabhraichean,gu,7,
gu,aon,7,
mhòr,ach,7,
cò,leis,7,
àmhainn,aig,7,
airson,'s,7,
iad,às,7,
fhios,agaibh,7,
toir,sinn,7,
bliadhnaichean,mòra,7,
fàilte,ort,7,
de,dh’obair,7,
dìreach,anns,7,
faicinn,rudan,7,
bailtean,beaga,7,
h-uile,là,7,
uair,eile,7,
dhèanamh,do,7,
uaireannan,eile,7,
sin,thu,7,
san,teaghlach,7,
sinn,a-riamh,7,
gann,de,7,
linn,sin,7,
nighean,òg,7,
fhèin,uill,7,
againne,ach,7,
sinn,an-còmhnaidh,7,
bhith,aige,7,
sin,nam,7,
air,cuspairean,7,
mo,cheann,7,
lùib,seo,7,
cho,cruaidh,7,
leughadh,nan,7,
againn,an-dràsta,7,
rud,’s,7,
air,fhaicinn,7,
air,aig,7,
iad,gus,7,
sinn,dhan,7,
a-riamh,roimhe,7,
mìosan,air,7,
feum,iad,7,
tighinn,ach,7,
iarraidh,barrachd,7,
bheachd,gur,7,
air,taghadh,7,
seo,uabhasach,7,
ga,reic,7,
fhathast,ga,7,
chuid,de,7,
eile,den,7,
a’m,gu,7,
de,stuth,7,
as,the,7,
fhèin,chaidh,7,
bhith,a-staigh,7,
mi,aideachadh,7,
iad,an-diugh,7,
b’,fhaide,7,
mi,rud,7,
sealladh,air,7,
ri,toirt,7,
coinneachadh,ris,7,
beachd,air,7,
fort,william,7,
mi,aon,7,
obair,sin,7,
we,thought,7,
thought,it,7,
teagaisg,ann,7,
air,sgoil,7,
comasach,air,7,
orra,ann,7,
cumail,nan,7,
ga,bhualadh,7,
have,the,7,
h-eaglaise,saoire,7,
air,stad,7,
a-nis,ga,7,
cho,soilleir,7,
sluagh,mòr,7,
thaobh,mar,7,
gun,atharraich,7,
bho,thoiseach,7,
alba,nuadh,7,
air,còrr,7,
motha,dhe,7,
dhan,duine,7,
“tha,mi,7,
iad,dhan,7,
ceum,air,7,
seo,aon,7,
uibhist,air,7,
bharrachd,dhaoine,7,
sinn,cuideachd,7,
dh’,fhuair,7,
ais,ach,7,
aig,bonn,7,
choimhead,air,7,
air,m’,7,
dhaibh,mar,7,
sgrìobhadh,ann,7,
’s,fhuair,7,
cuideachd,ma,7,
math,soilleir,7,
dhaoine,òga,7,
adhart,aig,7,
làimh,eile,7,
le,clann,7,
math,sgiobalta,7,
smaointinn,air,7,
do,bheachd,7,
airson,dèiligeadh,7,
toilichte,le,7,
rim,faighinn,7,
airson,cumail,7,
mu,cheud,7,
spàin,mhòr,7,
cuideigin,air,7,
mathaid,gur,7,
's,nan,7,
sin,fhaicinn,7,
pròiseact,ùr,7,
beagan,dhen,7,
cho,fuar,7,
beag,aig,7,
flùr,plèan,7,
seo,diy,7,
do,bbc,7,
bbc,gàidhlig,7,
air,alba,7,
cur,sin,7,
off,the,7,
‘s,nuair,7,
ceud,is,7,
cur,seo,7,
seo,nis,7,
bhaile,fhèin,7,
aig,colaiste,7,
fiù,'s,7,
math,nach,7,
a-rithist,ach,7,
gu,taobh,7,
tòrr,dhe,7,
bi,seo,7,
dìreach,gan,7,
seo,a',7,
seo,annlan,7,
nach,toir,7,
air,cuairt,7,
dìreach,mu,7,
an-diugh,cuideachd,7,
eilean,dubh,7,
cuideachadh,le,7,
gu,siar,7,
muinntir,nan,7,
air,comhairle,7,
bhith,mothachail,7,
mo,leisgeul,7,
de,sheòrsa,7,
sin,a-steach,7,
aon,làimh,7,
gun,obraich,7,
math,dhan,7,
bhios,air,7,
eile,gu,7,
cuideachd,aig,7,
duine,sin,7,
chòrr,dhen,7,
againn,cuideachd,7,
dòigh,ann,7,
sinn,gun,7,
ann,ma,7,
iomadh,dòigh,7,
idir,cho,7,
òl,cus,7,
fheadhainn,air,7,
sin,aidh,7,
bho,àm,7,
thig,sin,7,
math,dhuinn,7,
tòiseachadh,aig,7,
cunnart,ann,7,
thighinn,air,7,
sinn,rudeigin,7,
sinne,air,7,
cur,taic,7,
de,gach,7,
againn,gum,7,
glaschu,air,7,
faic,iad,7,
le,cuideigin,7,
gus,barrachd,7,
urra,ri,7,
le,còrr,7,
sealltainn,air,7,
fhaicinn,ach,7,
lorg,ann,7,
ruith,gu,7,
droch,bhuaidh,7,
taic,bhon,7,
what,they,7,
gu,saor-thoileach,7,
airson,sgoil,7,
aig,tòiseach,7,
ga,cumail,7,
faicinn,dè,7,
air,leasachadh,7,
seo,dòmhnall,7,
scotland,and,7,
important,to,7,
make,sure,7,
sure,that,7,
the,world,7,
go,to,7,
pròiseact,seo,7,
the,community,7,
to,look,7,
the,time,7,
seo,alasdair,7,
leasachadh,air,7,
coinneamh,phoblach,7,
goireas,ùr,7,
tighinn,‘s,7,
seo,nise,7,
fhios,‘am,7,
san,amharc,7,
rathad,air,7,
where,they,7,
baile,inbhir,7,
ach,am-bliadhna,7,
‘na,mo,7,
chuid,aodaich’,7,
alasdair,macleòid,7,
dòigh,gu,7,
fhoillseachadh,an-diugh,7,
but,in,7,
of,scotland,7,
air,goireasan,7,
catriona,nicilleathain,7,
years,ago,7,
people,have,7,
really,good,7,
alba,‘s,7,
là,aig,7,
bhith,coimhead,7,
air,ùidh,7,
nas,mionaidiche,7,
find,out,7,
daoine,san,7,
in,this,7,
should,be,7,
got,the,7,
was,quite,7,
is,barrachd,7,
we’ve,been,7,
bhuaidh,air,7,
be,in,7,
iad,‘s,7,
airson,duine,7,
are,going,7,
thoirt,chun,7,
cothrom,dhaibh,7,
h-alba,airson,7,
co-dhiù,‘s,7,
we,could,7,
tighinn,airson,7,
àireamh,nan,7,
nas,tràithe,7,
do,it,7,
mhonaidh,ruaidh,7,
air,baidhsagal,7,
and,we’re,7,
and,i’m,7,
per,cent,7,
nas,fhuaire,7,
things,that,7,
faodaidh,iad,7,
air,taic,7,
fo,bhratach,7,
loch,aillse,7,
what,we,7,
to,try,7,
bhliadhna,seo,7,
lots,of,7,
and,also,7,
is,leth-cheud,7,
dh’,fhoillsich,7,
bhith,ruith,7,
doirbh,gu,7,
cùisean,gu,7,
chaidh,andreas,7,
follaiseach,gun,7,
this,year,7,
sgeama,seo,7,
chaidh,calum,7,
air,deireadh,7,
latha,de,7,
dùthaich,air,7,
for,people,7,
mi’n,dòchas,7,
ach,san,7,
ach,thathar,7,
we,would,7,
the,next,7,
cuideachd,gum,7,
a',ghobhainn,7,
taic,airgid,7,
we,don’t,7,
bhon,taobh,7,
ghàidhealtachd,‘s,7,
dhen,dùthaich,7,
‘s,mathaid,7,
fèis,chiùil,7,
bidh,gu,7,
gàidhlig,aca,7,
leudachadh,gu,7,
de,dh’iarmailt,7,
dh’iarmailt,shoilleir,7,
fhìor,thoiseach,7,
beagan,làithean,7,
ionad,gàidhlig,7,
‘s,dìreach,7,
daoine,cothrom,7,
bruthadh,àrd,7,
pàirtean,eile,7,
th’ann,‘s,7,
dàrna,latha,7,
iad,dol,7,
toil,leam,7,
alasdair,macillfhinnein,7,
còisir,ghàidhlig,7,
nan,taighean,7,
bhith,toirt,7,
obair,ri,7,
math,is,6,
rud,cinnteach,6,
dèanamh,‘s,6,
sin,cuiridh,6,
mo,chuideachadh,6,
a-nis,sin,6,
dhèanamh,chaidh,6,
tuath,gu,6,
gach,ceàrnaidh,6,
dhen,t-saoghal,6,
oir,’s,6,
deas,nan,6,
aghaidh,nan,6,
cho,uabhasach,6,
mi,dà,6,
ise,air,6,
thusa,air,6,
nan,òran,6,
nise,’s,6,
fhear,sin,6,
ùr,aca,6,
steòrnabhagh,’s,6,
ceòl,air,6,
air,chaidh,6,
do,thogail,6,
taigh,mo,6,
den,latha,6,
leughadh,nuair,6,
leabhraichean,mu,6,
thachair,sin,6,
sin,atharrachadh,6,
a-nochd,’s,6,
dhachaigh,gu,6,
rathad,eadar,6,
beò,fhathast,6,
it’s,not,6,
do,that,6,
mus,tòisich,6,
airson,latha,6,
air,fuarachadh,6,
agad,ma,6,
againn,a-nis,6,
uill,chì,6,
tionndadh,gu,6,
seo,nuair,6,
gun,cuireadh,6,
cuireadh,tu,6,
ri,mìneachadh,6,
mìneachadh,no,6,
no,ciall,6,
feumaidh,gach,6,
sgioba,breithneachadh,6,
breithneachadh,orra,6,
puingean,mar,6,
cluinnidh,tu,6,
a’m,gur,6,
bhiodh,aca,6,
sa,h-uile,6,
sa,bheurla,6,
tu,seo,6,
iad,caran,6,
air,iain,6,
falbh,le,6,
tighinn,far,6,
ràdh,’s,6,
a-steach,’s,6,
dh’fhaodadh,gun,6,
fhèin,cuideachd,6,
a-mach,leis,6,
bheil,còir,6,
do,làmhan,6,
’s,mur,6,
's,iomadh,6,
àite,sònraichte,6,
b,fheàrr,6,
gun,canadh,6,
mhòr,aige,6,
àird,nam,6,
nam,murchan,6,
feumaidh,gun,6,
iad,gun,6,
air,crìoch,6,
that,he,6,
tòrr,tòrr,6,
ri,ceòl,6,
h-eileanan,air,6,
tighinn,’s,6,
mi,san,6,
dìreach,fhios,6,
suas,anns,6,
bhiodh,esan,6,
ghàidhlig,sa,6,
làraich,seo,6,
seo,nas,6,
ime,’s,6,
airson,m’,6,
ga,ithe,6,
’s,àbhaist,6,
so,chì,6,
cuideachd,nuair,6,
àmhainn,a-nis,6,
fhios,gu,6,
mi,le,6,
coimhead,snog,6,
mi,à,6,
creideamh,agam,6,
sa,chaidh,6,
fulang,le,6,
càil,dhen,6,
mo,chreideamh,6,
iar,‘s,6,
annta,ach,6,
ar,dìcheall,6,
bonus,ann,6,
dàrna,facal,6,
treas,facal,6,
trice,’s,6,
aon,phuing,6,
iomadh,àite,6,
air,ann,6,
dhut,comharra,6,
thill,mi,6,
deiseil,ach,6,
beag,no,6,
feumaidh,gu,6,
aidh,so,6,
dhomh,ach,6,
nam,frangach,6,
san,àite,6,
de,dh’eòlas,6,
oilthigh,ann,6,
thogail,gu,6,
taigh,mòr,6,
thu,cuideachd,6,
àm,nuair,6,
sgoil,‘s,6,
againne,‘s,6,
ach,uill,6,
innse,dha,6,
cho,àrd,6,
oidhche,chiadain,6,
sinn,a-staigh,6,
nas,anmoiche,6,
chaomh,leam,6,
for,it,6,
nach,fhaic,6,
sònraichte,mun,6,
seo,fhaighinn,6,
math,tiugh,6,
gabhaidh,sinn,6,
mise,dìreach,6,
fios,aige,6,
fhuair,mise,6,
air,ur,6,
gu,aibisidh,6,
bi,mise,6,
mise,ùisdean,6,
air,aoigheachd,6,
orra,leis,6,
bi,feum,6,
againne,gu,6,
bhith,an-sàs,6,
dàil,air,6,
faireachdainn,cho,6,
mi,ris,6,
son,dèanamh,6,
nach,tèid,6,
of,them,6,
the,old,6,
to,keep,6,
mise,’s,6,
dheidhinn,cho,6,
beag,ach,6,
adhart,airson,6,
bidh,feadhainn,6,
ais,’s,6,
à,nis,6,
thogadh,mise,6,
sin,ionnsachadh,6,
ionnsachadh,ach,6,
mar,chuspair,6,
bhliadhna,aig,6,
loch,croistean,6,
taigh,againne,6,
mar,aon,6,
faighinn,sin,6,
phost,oifis,6,
bho,sgoil,6,
chèile,ach,6,
out,there,6,
tu,airson,6,
the,scots,6,
àm,air,6,
mòran,dhe,6,
toirt,dha,6,
cuideachd,dè,6,
daoine,seo,6,
gu,àite,6,
can,iad,6,
sin,fad,6,
air,iomadh,6,
dealbh,air,6,
sin,suas,6,
chanadh,sinn,6,
sinn,ris,6,
dhan,bhùth,6,
againne,ri,6,
taoibh,eile,6,
againne,anns,6,
falbh,leis,6,
dà,chomharra,6,
smaoineachadh,’s,6,
mise,gun,6,
feuchamaid,fear,6,
eile,ma-thà,6,
agad,gum,6,
faicinn,sin,6,
mar-thà,airson,6,
beagan,mhìosan,6,
’s,aig,6,
chaill,iad,6,
ris,gu,6,
agam,aig,6,
sin,aon,6,
aig,mòd,6,
mo,chuimhne,6,
aig,tachartas,6,
cur,dhan,6,
duine,aice,6,
ach,fhios,6,
barrachd,de,6,
aca,chaidh,6,
a-riamh,ann,6,
rud,cho,6,
sinn,suas,6,
faighinn,gu,6,
airson,innse,6,
agam,cuideachd,6,
leigeil,a-mach,6,
air,màl,6,
no,aig,6,
nas,fhurasta,6,
leth,ann,6,
ugh,ann,6,
dol,dheth,6,
math,bog,6,
chòrr,de,6,
dol,faisg,6,
dèanamh,nas,6,
duine,ach,6,
snog,’s,6,
mi,càil,6,
eile,uill,6,
’s,thàinig,6,
nise,ann,6,
sin,furasta,6,
dhaibh,air,6,
smaoineachadh,dè,6,
seinn,anns,6,
taic,ann,6,
beò,ann,6,
no,‘s,6,
ma,thogras,6,
seo,iain,6,
“comhairle,caraid,6,
gun,iarraidh,6,
aonan,eile,6,
’s,thèid,6,
“an,aon,6,
dithis,aig,6,
àm-sa,den,6,
a-staigh,anns,6,
cur,dragh,6,
latha,aig,6,
sin,tòrr,6,
reic,ann,6,
ro,dhona,6,
cur,thairis,6,
dhòigh,air,6,
orra,ach,6,
rèir,coltais,6,
siud,'s,6,
a-mach,chun,6,
tu,dìreach,6,
dol,nas,6,
gàidhealtachd,ann,6,
tighinn,sìos,6,
air,a-nis,6,
dhol,chun,6,
cothrom,dha,6,
cluich,airson,6,
tric,gu,6,
math,tràth,6,
ionad,coimhearsnachd,6,
mus,cuir,6,
ann,mus,6,
fheàrr,leamsa,6,
cuir,thu,6,
do,dh’ionnsaich,6,
ma-thà,’s,6,
againn,’s,6,
glè,chudromach,6,
dhuinn,airson,6,
a’m,gun,6,
faighinn,taic,6,
dhol,seachad,6,
rium,fhèin,6,
às,bith,6,
cuideachd,feumaidh,6,
nas,foghlamaichte,6,
foghlamaichte,aig,6,
glac,sibh,6,
sibh,facal,6,
fios,gu,6,
ach,dh’fhaodadh,6,
do,dh’fhàs,6,
cuideachd,ged,6,
eile,ri,6,
’s,math,6,
feadhainn,nach,6,
we,just,6,
and,just,6,
are,the,6,
leòr,aca,6,
math,le,6,
people,to,6,
alba,ann,6,
bho,thaobh,6,
a-muigh,’s,6,
rudan,beaga,6,
sgitheanach,air,6,
greiseag,bheag,6,
mhòr,anns,6,
thagh,mi,6,
iad,idir,6,
agaibh,fhèin,6,
ri,màiri,6,
aice,ri,6,
deas,air,6,
bheatha,aig,6,
no,rudan,6,
iad,faisg,6,
grèim,fhaighinn,6,
aon,dhiubh,6,
’s,tu,6,
a-nochd,‘s,6,
do,theaghlach,6,
gàidheil,air,6,
is,bidh,6,
dèanamh,gu,6,
beag,eile,6,
as,toigh,6,
’s,nan,6,
teth,gu,6,
ice,cream,6,
còir,aig,6,
doirbh,do,6,
tron,sin,6,
sin,iain,6,
mi,geall,6,
chanainn,gun,6,
faicinn,daoine,6,
daoine,’s,6,
chanas,sinn,6,
gach,pàirt,6,
dol,fada,6,
ceart,aig,6,
gun,ruig,6,
cuairt,mar,6,
le,fear,6,
mi,m’,6,
is,dè,6,
ainmeachadh,mar,6,
cudromach,do,6,
uabhasach,fortanach,6,
eachdraidh,nam,6,
bhon,chiad,6,
a-steach,do,6,
beag,ann,6,
fharsaingeachd,’s,6,
bhon,choimhearsnachd,6,
fhèin,bidh,6,
dhaoine,anns,6,
bu,shine,6,
fhìn,’s,6,
ràdh,ri,6,
leigeil,leis,6,
mi,leis,6,
toirt,togail,6,
thoir,dhomh,6,
air,coimpiutair,6,
air,croit,6,
a-nis,leis,6,
de,leabhraichean,6,
sin,agam,6,
toirt,sealladh,6,
ceudan,de,6,
aca,a-nise,6,
aon,oidhche,6,
mo,bhean,6,
seo,feumaidh,6,
it’ll,be,6,
but,it,6,
le,cupa,6,
ann,ma-thà,6,
math,dha,6,
à,barraigh,6,
bliadhna,às,6,
à,glaschu,6,
san,t-sultain,6,
dhomh,sin,6,
mi,às,6,
dhan,ghnìomhachas,6,
ann,feumaidh,6,
duine,is,6,
is,nan,6,
càil,anns,6,
ceart,cho,6,
greis,a-nis,6,
bidh,sinne,6,
toiseach,’s,6,
iad,glè,6,
eaglais,ann,6,
bhios,ga,6,
esan,air,6,
a-mach,aig,6,
fhathast,bidh,6,
's,gu,6,
fhios,gum,6,
iad,rud,6,
bhith,mu,6,
duine,airson,6,
sin,dha,6,
dheth,aig,6,
idir,air,6,
mòr,nuair,6,
chaidh,esan,6,
dol,bho,6,
bi,fhios,6,
ach,fhuair,6,
àite,ach,6,
ro,làimh,6,
de,shluagh,6,
fiosrachadh,mu,6,
dhuinn,air,6,
èisteachd,ris,6,
h-uile,mìos,6,
drùthag,bheag,6,
air,toirt,6,
air,clann,6,
mu,fhichead,6,
àm,far,6,
mi,cuideachd,6,
atharrachadh,air,6,
sin,no,6,
ùine,sin,6,
thu,eòlach,6,
thaobh,sin,6,
pàirt,dheth,6,
bhalach,beag,6,
tòrr,ùine,6,
saoghal,gu,6,
airson,cothrom,6,
fhaighinn,dhan,6,
agad,càite,6,
ri,dà,6,
mòra,mar,6,
dachaigh,far,6,
ri,feadhainn,6,
dùthaich,mhicaoidh,6,
air,anns,6,
dùil,aca,6,
rud,ùr,6,
eile,far,6,
chionn,greis,6,
gu,daoine,6,
's,mi,6,
t-saoghal,air,6,
an-diugh,anns,6,
cuideachd,sin,6,
dòighean,ùra,6,
ceart,airson,6,
daoine,mu,6,
airson,ionnsachadh,6,
tàinig,mi,6,
cudromach,’s,6,
dòcha,dà,6,
air,cò,6,
le,mo,6,
seo,ma,6,
dhan,bhobhla,6,
sin,co-dhiù,6,
dhèanamh,cinnteach,6,
nis,mar,6,
tèid,mi,6,
ruith,aig,6,
smaoinich,mi,6,
very,good,6,
fhaighinn,gu,6,
cho,blàth,6,
tachartas,ann,6,
eile,sa,6,
after,the,6,
that,we’ve,6,
it,will,6,
when,the,6,
it,as,6,
seachad,‘s,6,
àite,fhèin,6,
uisge,teth,6,
siud,gu,6,
dè,thachair,6,
sin,caran,6,
grèim,air,6,
bidh,beagan,6,
cur,rud,6,
's,mar,6,
air,là,6,
ìre,choitcheann,6,
coimhead,uabhasach,6,
thàinig,air,6,
bailtean,mòra,6,
coimhead,a-mach,6,
dà,thaobh,6,
tè,dhiubh,6,
ceist,ann,6,
air,cliù,6,
a',tighinn,6,
ionnsachadh,mun,6,
bith,aca,6,
phàigheadh,air,6,
sin,mun,6,
nam,b’,6,
fiadhaich,math,6,
dèan,seo,6,
sinn,siud,6,
ainmean,gàidhlig,6,
leabhraichean,mar,6,
thu,‘s,6,
leithid,air,6,
mhath,airson,6,
air,tuilleadh,6,
ìre,far,6,
à,sasainn,6,
dol,le,6,
‘s,bhiodh,6,
t-sabhal,mhòr,6,
cuid,air,6,
nach,ceil,6,
deagh,oidhirp,6,
smaoinich,air,6,
h-uile,oidhche,6,
thu,a-mach,6,
dhan,chòrr,6,
nach,tàinig,6,
uair,air,6,
obair,fhaighinn,6,
fad,ach,6,
a-nis,anns,6,
h-alba,ach,6,
eile,aca,6,
ma-thà,air,6,
as,luaithe,6,
leis,gum,6,
dùthaich,seo,6,
a-steach,cuideachd,6,
a',cur,6,
faic,thu,6,
dhan,mhòr-chuid,6,
gàire,air,6,
ùine,ghoirid,6,
mas,urrainn,6,
chòir,gun,6,
de,bhiadh,6,
mi,gus,6,
thoirt,sìos,6,
dheidhinn,eachdraidh,6,
dhan,smoker,6,
seo,dha,6,
deiseil,air,6,
fhèin,cudromach,6,
fhathast,le,6,
cron,air,6,
airson,do,6,
fhaigh,sinn,6,
tapadh,leibh,6,
air,innse,6,
àite,‘s,6,
sinn,iad,6,
thoirt,a-staigh,6,
feadhainn,dhe,6,
ceist,air,6,
cur,ris,6,
companaidhean,mòra,6,
meadhan,baile,6,
putadh,air,6,
thogail,ach,6,
bhliadhna,mu,6,
spòrs,is,6,
taic,ri,6,
fada,ri,6,
cumail,air,6,
mi,an-dràsta,6,
latha,eile,6,
aig,clann,6,
trang,le,6,
airson,ar,6,
faighinn,ach,6,
fhathast,aig,6,
no,thrì,6,
air,cead,6,
latha,den,6,
dà,sheachdain,6,
ùine,nach,6,
as,trainge,6,
and,to,6,
bhruidhinn,ri,6,
màiri,air,6,
fhaicinn,gu,6,
duine,aig,6,
gàidhlig,sa,6,
bhith,feuchainn,6,
mu,cheithir,6,
dùthcha,air,6,
air,rabhadh,6,
bheil,cus,6,
coltach,gum,6,
bhliadhna,‘s,6,
air,tuiteam,6,
math,taingeil,6,
cho,fortanach,6,
a-nis,ri,6,
an-diugh,so,6,
cuideachd,seo,6,
cho,socair,6,
draghan,ann,6,
là,port,6,
de,fhrasan,6,
sgìrean,iomallach,6,
ìre,reothaidh,6,
iona,nicrisnidh,6,
neach,air,6,
à,inbhir,6,
it,up,6,
an-diugh,thàinig,6,
leithid,seo,6,
mac,mhaighstir,6,
bho,bhun-sgoil,6,
to,learn,6,
airgead,fhaighinn,6,
leòr,aig,6,
fhaigh,iad,6,
chur,chun,6,
aon,là,6,
dachaigh,ùr,6,
air,taigh,6,
what,we’re,6,
up,the,6,
that,this,6,
the,rest,6,
amount,of,6,
rudeigin,ùr,6,
iad,taic,6,
seo,ruaraidh,6,
people,and,6,
can,do,6,
cuideachd,bho,6,
chlò,hearaich,6,
do,is,6,
an-dràsta,‘s,6,
mura,bi,6,
briseadh,dùil,6,
a',chomhairle,6,
feadhainn,de,6,
air,seirbheisean,6,
diofar,sgìrean,6,
a-rithist,‘s,6,
‘s,a-rithist,6,
nam,planaichean,6,
phròiseact,seo,6,
dhen,phròiseact,6,
ga,ruith,6,
dhaibh,gu,6,
bhith,againne,6,
gàidhlig,bho,6,
and,all,6,
through,the,6,
when,we,6,
the,way,6,
of,us,6,
when,they,6,
là,gu,6,
fios,againne,6,
atharrachadh,mar,6,
cumail,suas,6,
gur,iad,6,
iad,orra,6,
nis,nise,6,
‘s,ma,6,
go,out,6,
the,ferry,6,
it,to,6,
droch,staid,6,
it,on,6,
rather,than,6,
where,we,6,
roimhe,ach,6,
le,mòran,6,
long,time,6,
time,and,6,
we,need,6,
steòrnabhagh,nise,6,
bhith,fosgailte,6,
deeprose,bbc,6,
oighreachd,ghabhsainn,6,
fear-naidheachd,againne,6,
pàdraig,macamhlaigh,6,
cuimhne,air,6,
planaichean,airson,6,
that,there,6,
you,like,6,
like,the,6,
co-dhiù,airson,6,
tè-naidheachd,againne,6,
fhèin,far,6,
within,the,6,
island,and,6,
iomairt,airson,6,
‘s,as,6,
cheart,uimhir,6,
aig,caisteal,6,
pàirce,nàiseanta,6,
nas,sàbhailte,6,
airgead,gu,6,
bhaile,air,6,
latha,a-màireach,6,
frasan,geamhradail,6,
fo,ìre,6,
neart,gèile,6,
math,fuar,6,
but,it’s,6,
gheibh,daoine,6,
fèill,mhòr,6,
foghlam,gàidhlig,6,
a-mach,bho,6,
mu,obair,6,
it,has,6,
that,it’s,6,
mòr,gu,6,
do,thidsearan,6,
gach,là,6,
aig,prìs,6,
gu,dlùth,6,
other,people,6,
chuairt,dheireannach,6,
adhart,le,6,
fhaighinn,aig,6,
ga,choimhead,6,
here,in,6,
airson,pàirt,6,
had,been,6,
barrachd,luchd-turais,6,
is,gum,6,
dhèanamh,fhathast,6,
chaidh,shona,6,
wolff,ann,6,
eilean,idhe,6,
think,that,6,
aig,ailean,6,
chaidh,eilidh,6,
dheireadh,dhen,6,
air,bidh,6,
fhaicinn,anns,6,
in,terms,6,
terms,of,6,
airson,a',6,
is,òg,6,
ga,chomharrachadh,6,
fa,chomhair,6,
fhathast,mun,6,
ath,mhìos,6,
looking,for,6,
math,spòrsail,6,
nan,inbheach,6,
sgoilearan,bho,6,
ath,ghinealach,6,
important,that,6,
and,you,6,
airson,iomadh,6,
cluich,aig,6,
math,sònraichte,6,
bidh,mòran,6,
ghàidhealtachd,is,6,
sìor,fhàs,6,
gu,mair,6,
come,to,6,
am-bliadhna,‘s,6,
aig,urras,6,
is,very,6,
ri,barrachd,6,
place,to,6,
dhèanamh,bho,6,
do,chlann-sgoile,6,
mac,a',6,
and,so,6,
bhaile,cuideachd,6,
ghleann,dail,6,
èideann,ach,6,
aig,dùn,6,
is,bracaist,6,
ga,bruidhinn,6,
sònraichte,mu,6,
chunnaic,sinn,6,
is,dòcha,6,
bliadhna,dhen,6,
car,sgòthach,6,
air,leudachadh,6,
àirde,ach,6,
obair,ullachaidh,6,
caladh,steòrnabhaigh,6,
mise,smaoineachadh,6,
nam,meadhanan,6,
h-oifigeil,an-diugh,6,
dh’fhaodadh,gum,6,
ge-tà,‘s,6,
caran,sgòthach,6,
latha,mu,6,
làidir,‘s,6,
daoine,fuireach,6,
seo,kerr,6,
dhen,fhèis,6,
de,phrògraman,6,
thathas,air,6,
chruinnich,iad,6,
eachdraidh,nis,6,
celtic,connections,6,
ionad,hiort,6,
‘s,toil,6,
nan,lochan,6,
eile,san,6,
bi,fada,6,
aig,ruaraidh,6,
blas,dhen,6,
dòmhnall,phàil,6,
santa,maria,6,
niall,bartlett,6,
iain,ruadh,6,
nach,eile,5,
bheil,feadhainn,5,
bhiodh,air,5,
cho,aotrom,5,
cinnteach,às,5,
thu,ceàrr,5,
diofar,dè,5,
cinnteach,air,5,
ri,biadh,5,
dìreach,rudeigin,5,
duine,dìreach,5,
dìreach,math,5,
air,sailleibh,5,
seachdain,seo,5,
a-nis,seo,5,
ceàrnaidh,dhen,5,
gàidhealtachd,ach,5,
againne,gun,5,
saoilidh,mise,5,
thig,air,5,
aca,gus,5,
aca,mu,5,
pìos,bàrdachd,5,
suas,dè,5,
’s,mo,5,
toirt,orm,5,
mu,bhith,5,
mòr,ach,5,
bhiodh,dùil,5,
san,oilthigh,5,
tighinn,dhachaigh,5,
fad,iomadach,5,
bhon,sin,5,
innis,dhuinn,5,
leabhar,aig,5,
air,èiginn,5,
chèile,air,5,
mhòr,airson,5,
dà,chupa,5,
air,fhios,5,
fada,a-nis,5,
dol,fodha,5,
an-dèidh,sin,5,
cho,seasmhach,5,
diofar,amannan,5,
dhen,latha,5,
ri,do,5,
ge-tà,aig,5,
sin,cò,5,
ma,leigeas,5,
leigeas,mise,5,
mise,leotha,5,
fhèin,dà,5,
nì,sgioba,5,
sgioba,a-mach,5,
dòchas,gur,5,
fhèin,sin,5,
seadh,ach,5,
canadh,tu,5,
toigh,leat,5,
bheil,ceist,5,
h-uile,h-àite,5,
iad,sa,5,
fhios,nach,5,
tric,bhiodh,5,
fhìrinn,innse,5,
coltach,uill,5,
ghabh,iad,5,
dà,fhacal,5,
tèid,sinn,5,
a-nis,mu,5,
coire,cheathaich,5,
thall,'s,5,
bhith,sa,5,
aig,donnchadh,5,
obair,chruaidh,5,
taigh,seo,5,
deas,‘s,5,
againne,airson,5,
gheibheadh,tu,5,
de,cheòl,5,
thu,nas,5,
sa,chlas,5,
thoil,leam,5,
nise,nuair,5,
h-uile,h-oidhche,5,
cuideachd,bhiodh,5,
innse,sgeulachdan,5,
tro,bhith,5,
taigh,againn,5,
togalach,air,5,
togalach,seo,5,
sin,daoine,5,
chèile,ann,5,
sin,còrr,5,
fhuair,sibh,5,
airson,mu,5,
air,airson,5,
do,chorragan,5,
dìreach,sgoinneil,5,
fhèin,às,5,
nach,tig,5,
seòrsa,teas,5,
sin,gus,5,
ach,seo,5,
hearadh,ach,5,
bheatha,fhèin,5,
thu,anns,5,
ach,seann,5,
seann,fhaclan,5,
suidheachadh,sin,5,
gach,freagairt,5,
ceart,bonus,5,
freagairt,ceàrr,5,
ceàrr,thèid,5,
uill,fàgaidh,5,
math,coltach,5,
math,follaiseach,5,
ro,thric,5,
ann,rud,5,
dearbh,’s,5,
ort,’s,5,
àite,sin,5,
mi,puing,5,
no,tè,5,
fear,no,5,
mi,an-còmhnaidh,5,
dhe,sin,5,
cus,ùine,5,
bhon,riaghaltas,5,
mi,trang,5,
fhear,eile,5,
dh’fheumas,mi,5,
iad,ceart,5,
good,to,5,
airson,mar,5,
dol,às,5,
gleanna,garradh,5,
phòs,mi,5,
taobh,nan,5,
de,mholaidhean,5,
chòig,bliadhna,5,
fheadhainn,bheaga,5,
port,of,5,
of,menteith,5,
latha,san,5,
of,course,5,
cho,laghach,5,
mi,nas,5,
dhan,àrd-sgoil,5,
sin,coltach,5,
a-rithist,anns,5,
math,nuair,5,
bruidhinn,rium,5,
dèidh,nan,5,
so,you,5,
just,now,5,
dèanamh,anns,5,
unnsa,de,5,
dòcha,dhà,5,
shon,‘s,5,
deagh,chuid,5,
iad,bidh,5,
nis,dè,5,
iad,coltach,5,
dè,bhiodh,5,
ar,beatha,5,
agam,nach,5,
eagal,air,5,
agam,gum,5,
tìr,‘s,5,
bhith,gun,5,
seo,ro,5,
ris,‘s,5,
meòrachadh,air,5,
eilean,ìle,5,
iain,air,5,
baile,ghlaschu,5,
daoine,gun,5,
chumail,rithe,5,
ri,reic,5,
seo,a-nochd,5,
comharra,airson,5,
mi,den,5,
a-mach,dìreach,5,
iad,nuair,5,
co-dhiù,so,5,
nan,eilthireach,5,
luaidh,air,5,
with,him,5,
in,it,5,
if,they,5,
them,and,5,
seo,eadar,5,
cho,glan,5,
glan,’s,5,
dhachaigh,ann,5,
thu,beag,5,
cleachdadh,sin,5,
ach,mus,5,
ùine,ann,5,
chlann,air,5,
sin,b’,5,
ceangal,ri,5,
obair,shòisealta,5,
fhèin,'s,5,
ged,as,5,
sibh,gur,5,
like,to,5,
well,it’s,5,
chur,far,5,
it,doesn’t,5,
dòcha,airson,5,
sin,nis,5,
bliadhna,san,5,
mar,mhinistear,5,
làimh,ach,5,
dhèanadh,iad,5,
cuideachd,'s,5,
uair,no,5,
thachair,seo,5,
gun,tachradh,5,
dhol,timcheall,5,
timcheall,ann,5,
mise,nam,5,
as,òige,5,
siuthad,ma-thà,5,
port,ilein,5,
iain,’s,5,
ceart,’s,5,
“togalach,beag-lùth”,5,
sin,a-nise,5,
agaibh,air,5,
làidir,ann,5,
a-steach,bho,5,
beaga,mar,5,
reic,ri,5,
nan,cosgaisean,5,
fhichead,’s,5,
chur,dheth,5,
do,chàch,5,
chaill,mi,5,
duine,às,5,
deigheadh,tu,5,
eadar-dhealaichte,air,5,
sin,dhaibh,5,
thàinig,thu,5,
thu,mar,5,
mu,do,5,
dòcha,fiù,5,
orm,ach,5,
dhut,sin,5,
teaghlaichean,aca,5,
tòrr,dheth,5,
ur,beatha,5,
tillidh,sinn,5,
a-muigh,ann,5,
dhan,ospadal,5,
deach,sibh,5,
idir,nuair,5,
so,uaireannan,5,
tòrr,leughaidh,5,
cluich,còmhla,5,
cur,beagan,5,
sinn,fear,5,
aran-coirce,’s,5,
dha,mo,5,
seo,a-nist,5,
fiu,’s,5,
nan,seann,5,
dhiubh,ach,5,
àbhaist,dhaibh,5,
teth,’s,5,
smaointinn,ma,5,
eile,chaidh,5,
idir,airson,5,
sinn,nar,5,
clann,aig,5,
taingeil,airson,5,
dhomh,air,5,
ràdh,riutha,5,
sinn,airgead,5,
is,aig,5,
gun,tuirt,5,
sinn,às,5,
dheth,‘s,5,
faodaidh,sibh,5,
cur,crìoch,5,
taingeil,gun,5,
leòr,gun,5,
caraid,gun,5,
cothrom,aca,5,
tòrr,dhiubh,5,
obair,fad,5,
bhliadhna,nuair,5,
ìre,ach,5,
thig,thu,5,
toirt,mu,5,
cùl,lodair,5,
aghaidh,nam,5,
air,fearann,5,
do,shean,5,
leth-cheud,’s,5,
air,dhòigh,5,
dlùth,air,5,
ris,ann,5,
cuideachd,anns,5,
’s,chuir,5,
ri,seann,5,
dòmhnall,iain,5,
bu,chaomh,5,
smaoineachadh,nuair,5,
air,'s,5,
thu,nuair,5,
mhath,ann,5,
bhliadhna,ann,5,
seadh,uill,5,
aon,taobh,5,
mi,dha,5,
thàinig,cuid,5,
chòir,dhaibh,5,
aca,dìreach,5,
sgonaichean,’s,5,
ok,so,5,
gun,luaidh,5,
dèanamh,mòran,5,
dhòmhsa,co-dhiù,5,
sin,iad,5,
riutha,ach,5,
iomadach,uair,5,
sin,gam,5,
ach,bhon,5,
bheil,rudan,5,
cantainn,rium,5,
dia,air,5,
càil,ri,5,
dhan,chuid,5,
‘s,fheàrr,5,
ach,canaidh,5,
brèagha,‘s,5,
bu,trice,5,
dol,còmhla,5,
de,dh’eòlaichean,5,
dh’eòlaichean,no,5,
chèile,airson,5,
bi,duine,5,
abairt,no,5,
no,fiosrachadh,5,
thu,aig,5,
ri,ràdh,5,
uill,air,5,
de,ghàidhlig,5,
sin,buaidh,5,
math,anns,5,
out,the,5,
the,only,5,
is,it,5,
cùl,nan,5,
fheudar,dhomh,5,
dhomh,dìreach,5,
so,yeah,5,
just,the,5,
back,in,5,
how,many,5,
might,be,5,
h-uile,turas,5,
agad,nach,5,
sinne,ann,5,
bheag,air,5,
aithne,dhan,5,
mar,theaghlach,5,
t-saoghal,mhòr,5,
mi,a-null,5,
chanainn,gur,5,
nach,gabhadh,5,
gam,fhaicinn,5,
faicinn,gum,5,
riamh,ach,5,
a',dèanamh,5,
leis,ach,5,
ri,ionnsachadh,5,
fhaighinn,mu,5,
a-nis,bidh,5,
sreath,ùr,5,
dhèanamh,ri,5,
ri,beagan,5,
innse,dhuibh,5,
gàire,oirbh,5,
seo,ged,5,
anna,nicdhòmhnaill,5,
feum,dhut,5,
deas,ann,5,
faicinn,gun,5,
rud,anns,5,
tachairt,ach,5,
theireadh,iad,5,
no,gun,5,
fhada,bho,5,
mathaid,gun,5,
droch,aimsir,5,
bhios,anns,5,
d’,athair,5,
a-nochd,ach,5,
iad,fo,5,
fo,chùram,5,
tè,seo,5,
fheudar,dha,5,
motha,ann,5,
bheil,còrr,5,
air,millean,5,
prìomh,bhaile,5,
ach,bho,5,
dòmhnall,macleòid,5,
bhith,ach,5,
dà,bhaile,5,
bliadhna,nuair,5,
cuspairean,mar,5,
mi,beagan,5,
dol,ceàrr,5,
cho,tiugh,5,
toigh,leis,5,
dèanamh,bidh,5,
canaidh,sinn,5,
làn,spàin,5,
seòrsa,rudan,5,
seall,sin,5,
dìreach,aig,5,
agad,uill,5,
fheadhainn,seo,5,
chaidh,innse,5,
falbh,ri,5,
mhadainn,ach,5,
earbsa,ann,5,
aonan,dhe,5,
gam,fhàgail,5,
aige,ris,5,
tu,cuideachd,5,
seo,ga,5,
ceart,air,5,
dheth,ann,5,
do,dh’iain,5,
bheil,bliadhna,5,
mus,dèan,5,
dèan,iad,5,
eadar-dhealaichte,bhon,5,
taghadh,dhuinn,5,
seo,leis,5,
càil,cho,5,
sin,ma-thà,5,
iarraidh,rudeigin,5,
falach,ann,5,
ri,alba,5,
alba,gu,5,
airgead,mòr,5,
cheannard,air,5,
ach,coltach,5,
facal,eile,5,
eile,mu,5,
“ò,uill,5,
cuireadh,fhaighinn,5,
gu,inbhir,5,
dol,gan,5,
chur,dà,5,
le,do,5,
còir,gun,5,
cinnteach,dè,5,
h-uimhir,de,5,
àm,uabhasach,5,
cho,pailt,5,
uair,sa,5,
dòcha,nas,5,
farsaing,de,5,
leabhraichean,sin,5,
no,dà,5,
thu,seo,5,
feadhainn,aig,5,
ach,saoil,5,
's,cuiridh,5,
t-àm,ann,5,
àbhaist,dha,5,
sin,de,5,
air,clàr,5,
fheàrr,ach,5,
faodadh,iad,5,
b’,òige,5,
thuigeas,tu,5,
mi,chun,5,
mhòr,mhòr,5,
mi,taingeil,5,
duine,mu,5,
mi,ceart,5,
nam,pàirt,5,
dòigh,’s,5,
seo,an-uiridh,5,
’s,chì,5,
chlann,raghnaill,5,
air,oighreachd,5,
iomadach,duine,5,
coimhearsnachd,ùr,5,
dachaigh,ann,5,
agaibh,ann,5,
bacadh,sam,5,
air,bho,5,
màiri-anna,’s,5,
air,caoraich,5,
cur,a-steach,5,
dìreach,aon,5,
air,bèicearachd,5,
eaglais,stèidhichte,5,
obrachadh,a-mach,5,
the,table,5,
càil,ceàrr,5,
sin,nise,5,
caran,annasach,5,
cuideachd,rud,5,
againn,fhathast,5,
cur,tòrr,5,
tachairt,aig,5,
ceap,breatainn,5,
gàidhlig,nach,5,
dhèanamh,dhaibh,5,
còrr,’s,5,
math,sin,5,
nach,steig,5,
fada,ro,5,
bheag,ach,5,
thusa,gu,5,
dhan,cholaiste,5,
cur,feum,5,
seo,às,5,
leigeil,seachad,5,
deasachadh,airson,5,
t-seagh,sin,5,
cho,trom,5,
