gu,bheil,897,
faisg,air,717,
gu,math,601,
gu,leòr,548,
’s,dòcha,545,
mu,dheidhinn,533,
mar,sin,529,
gun,do,496,
uair,sin,476,
sam,bith,468,
o,chionn,432,
air,ais,420,
mu,dheireadh,397,
dhen,bheachd,386,
’s,ann,375,
gum,biodh,375,
às,dèidh,370,
iad,air,351,
air,falbh,341,
eòlach,air,329,
innse,dhuibh,316,
inbhir,nis,271,
fuireach,ann,263,
cuid,de,253,
of,the,252,
dèidh,sin,250,
d’,fhuair,232,
chur,air,232,
gu,ruige,219,
sa,chaidh,209,
t-seachdain,sa,206,
fear,eile,202,
mi,air,201,
gu,dearbh,198,
ann,air,193,
b’,urrainn,189,
mi,dhuibh,186,
gum,bi,185,
dhuibh,mu,185,
fear,de,183,
fhad,’s,183,
mar,eisimpleir,181,
sibh,eòlach,177,
sin,air,176,
chionn,ghoirid,176,
b’,fheàrr,175,
mi,ann,170,
ann,ach,170,
sùil,air,169,
bu,chòir,168,
innsidh,mi,166,
bharrachd,air,165,
eile,ann,163,
air,leth,160,
le,bhith,159,
a-mach,às,158,
ri,chèile,157,
air,taobh,155,
naoidheamh,linn,155,
air,bòrd,155,
sin,gu,153,
bu,mhath,153,
bheachd,gun,152,
bhiodh,iad,152,
sin,ann,152,
mhath,leam,151,
coltach,ri,150,
a-steach,don,149,
ri,taobh,147,
mi,cinnteach,147,
chuir,iad,146,
chaidh,iad,146,
aon,rud,143,
còrr,is,143,
air,feadh,142,
innse,dhuinn,141,
àm,sin,141,
bhith,ann,140,
fios,aig,140,
a-mach,air,140,
gum,b’,139,
ràdh,gun,139,
os,cionn,139,
thairis,air,138,
gun,deach,138,
’s,gun,138,
as,dèidh,136,
ann,airson,136,
gu,h-àraidh,135,
co-cheangailte,ri,134,
ged,nach,134,
ach,’s,134,
bheil,sibh,132,
aig,deireadh,132,
thoirt,air,129,
mi,gu,128,
air,sin,128,
gur,ann,127,
mi,airson,126,
mar,ainm,126,
h-uile,duine,125,
gu,mòr,125,
rinn,iad,125,
do,rinn,124,
bidh,sibh,123,
b’,esan,123,
gu,lèir,122,
chì,sinn,122,
gu,tric,121,
rèir,beul-aithris,121,
fios,agaibh,120,
dòcha,gu,119,
nach,do,118,
iad,gu,118,
sin,ach,117,
eilean,sgitheanach,116,
ann,mar,115,
mus,do,114,
iad,ann,114,
dòcha,gun,113,
dhèanamh,air,113,
eile,air,112,
nan,gàidheal,111,
rèir,choltais,110,
measg,nan,110,
air,adhart,109,
gu,tuath,107,
uill,’s,106,
do,chuir,106,
dùn,èideann,106,
thug,iad,106,
fhèin,is,106,
calum,cille,105,
aige,air,105,
gu,bhith,104,
fhuair,iad,104,
sin,’s,103,
tuigidh,sibh,103,
sàs,ann,101,
fuireach,anns,100,
bu,mhotha,100,
ceathrad,’s,100,
coimhead,air,99,
ach,nuair,99,
dà,cheud,99,
tuath,air,98,
latha,an-diugh,98,
bhith,air,96,
nam,biodh,95,
seachad,air,95,
air,sgàth,94,
cho,math,94,
ochdad,’s,94,
sgìre,sin,93,
fhuair,mi,93,
nach,biodh,93,
cumail,a-mach,93,
seo,agaibh,93,
chuala,mi,92,
sin,mar,92,
aig,toiseach,91,
fhios,a’m,91,
co-cheangailte,ris,91,
sin,chaidh,90,
leis,gu,90,
o,shean,89,
dè,thachair,89,
sinn,sùil,89,
dòcha,nach,88,
aig,àm,88,
measail,air,88,
no,dhà,88,
b’,fheudar,88,
fear,dhiubh,88,
urrainn,dhomh,87,
sin,anns,86,
“tha,mi,86,
gus,nach,86,
iad,sin,85,
dòcha,gum,84,
ann,eadar,84,
t-seachdain,seo,84,
mi,fhìn,84,
chreid,mi,84,
ràinig,iad,84,
mi,sin,83,
sgeul,air,83,
taobh,a-muigh,83,
a-mach,à,83,
chunnaic,mi,83,
ach,gu,82,
bheachd,gur,82,
airson,sin,82,
fhada,gus,82,
as,fheàrr,82,
b’,iad,81,
t-seann,aimsir,81,
air,mar,81,
smaoineachadh,gun,81,
ochdamh,linn,81,
air,choreigin,80,
trithead,’s,80,
chaidh,mi,79,
as,coireach,79,
seo,mar,79,
feadhainn,eile,78,
ann,aig,78,
ach,dè,78,
’s,iomadh,78,
gu,leth,77,
bheachd,gu,77,
aig,ceann,76,
mòr,ann,76,
feumaidh,mi,76,
dèanamh,dheth,76,
gu,dè,76,
dòcha,gur,75,
bheir,sinn,75,
deas,air,75,
mòran,de,74,
air,tìr,74,
nam,measg,74,
fhathast,ann,74,
bheir,mi,73,
cuid,dhen,73,
fhèin,air,73,
ais,don,73,
deiseil,airson,73,
car,coltach,72,
as,motha,72,
air,fhàgail,72,
chuir,mi,72,
mòr,air,72,
iad,uile,70,
bhuineadh,do,70,
seasgad,’s,70,
mhòr,air,69,
b’,fhada,69,
ath,litir,69,
saoilidh,mi,69,
canaidh,sinn,69,
’s,nach,69,
coltach,gun,69,
ceart,gu,69,
’s,gum,68,
stèidhichte,air,68,
ʼs,ann,68,
latha,sin,68,
aige,ann,68,
dol,air,68,
grèim,air,68,
ceud,bliadhna,68,
oir,’s,67,
mar,as,67,
gu,mì-fhortanach,67,
timcheall,air,67,
gun,tàinig,66,
bidh,fios,66,
air,làimh,66,
ann,’s,66,
nach,bi,65,
thuirt,mi,65,
ʼs,dòcha,65,
tighinn,bhon,65,
air,cùl,65,
cho,luath,65,
air,mullach,65,
bu,choireach,65,
air,gach,65,
ri,sin,65,
seachdad,’s,65,
lorg,mi,64,
sin,fìor,64,
dà,chuid,64,
ann,le,64,
roimhe,sin,64,
dhuibh,mun,64,
do,ghabh,64,
aige,fhèin,64,
ach,air,63,
dèanamh,air,63,
ìre,mhath,63,
ghàidhlig,air,63,
cho,fada,63,
chanadh,iad,63,
duine,air,63,
air,mo,63,
sin,nuair,62,
dh’fhuireach,ann,62,
gu,taigh,62,
air,fear,62,
ach,chaidh,62,
ach,a-mhàin,62,
gun,d’,62,
ann,mu,62,
ùine,mhòr,62,
urrainn,dha,61,
ann,anns,61,
as,t-samhradh,61,
le,chèile,61,
ràdh,gu,61,
chionn,fhada,61,
rinn,mi,61,
ràdh,gur,61,
sin,aig,60,
air,loch,60,
dha,fhèin,60,
siorrachd,pheairt,60,
air,ceann,60,
taobh,a-staigh,60,
taobh,thall,60,
faighinn,a-mach,60,
bheil,iad,60,
naochad,’s,60,
’s,iad,60,
airson,ùine,59,
airson,greis,59,
air,ann,59,
turas,seo,59,
a-mach,gu,59,
gu,deas,59,
don,taigh,59,
aca,air,59,
’s,gu,59,
àm,gu,58,
ann,gun,58,
mi,a-mach,58,
ach,ann,58,
roinn,eòrpa,58,
aon,àm,58,
ann,ann,58,
duine,sam,58,
seo,ann,58,
air,cladach,58,
thug,mi,57,
chì,sibh,57,
bi,sibh,57,
air,fad,57,
ann,à,57,
crìoch,air,57,
de,mhuinntir,57,
mhòr,ann,57,
mar,phàirt,57,
ri,fear,57,
aon,duine,57,
chùil,lodair,57,
aig,muinntir,56,
baile,beag,56,
sibh,air,56,
dol,a-mach,56,
do,thachair,56,
iarraidh,air,56,
ràdh,nach,56,
gum,faigheadh,56,
clann,’ic,56,
gu,àm,55,
coimhead,airson,55,
aithne,dhomh,55,
dùil,gun,55,
air,latha,55,
cheart,cho,55,
feuchainn,ri,55,
loch,abar,55,
àite,air,55,
bho,àm,54,
agam,air,54,
air,beulaibh,54,
bheil,thu,54,
eile,anns,54,
airson,faighinn,54,
dhol,air,54,
bhon,ghàidhlig,54,
bheil,mi,53,
math,air,53,
gu,ceann,53,
gu,tìr,53,
airson,’s,53,
don,eilean,53,
leis,gun,53,
t-seachdamh,linn,53,
bidh,mi,52,
uiread,de,52,
nan,seumasach,52,
fhicheadamh,linn,52,
gu,feum,52,
fear,beag,52,
bhiodh,daoine,52,
a-mach,gun,52,
cuide,ri,52,
gu,fortanach,52,
air,ach,52,
loch,laomainn,52,
dhen,t-seòrsa,52,
tighinn,bho,52,
chunnaic,iad,52,
fhios,agam,52,
caogad,’s,52,
cheann,thall,52,
aige,ach,52,
bliadhna,às,52,
àite,far,51,
bith,eile,51,
nam,beann,51,
do,lorg,51,
ann,tric,51,
cuala,sibh,51,
do,thuig,51,
as,trice,51,
bliadhna,air,51,
obar,dheathain,51,
dhùn,èideann,51,
ri,linn,51,
ann,gu,51,
siorrachd,rois,51,
nas,fheàrr,51,
duine,eile,51,
air,inbhir,51,
tè,de,51,
là,an-diugh,51,
sin,thuirt,50,
gàidhlig,air,50,
beag,air,50,
dè,mu,50,
nan,daoine,50,
bith,air,50,
bith,ann,50,
biodh,iad,50,
mura,h-eil,50,
cheud,bliadhna,50,
airson,innse,49,
leabhar,aige,49,
còmhla,ri,49,
ainmeil,airson,49,
‘tha,mi,49,
lorg,air,49,
gum,bu,49,
bho,thùs,49,
thoirt,do,49,
dà,bhliadhna,48,
bruidhinn,ri,48,
ainmeil,ann,48,
obair,air,48,
air,muin,48,
stad,air,48,
chanas,sinn,48,
còmhla,ris,48,
coltach,ris,47,
ceann,loch,47,
leòr,ann,47,
ann,cuideachd,47,
nan,eilean,47,
chur,gu,47,
ais,gu,47,
sin,airson,47,
dheidhinn,sin,47,
taobh,loch,47,
coltach,gu,47,
air,daoine,46,
dhen,bhliadhna,46,
nochdadh,ann,46,
air,eilean,46,
nach,maireann,46,
amharas,agam,46,
chanas,iad,46,
mi,gun,46,
an-diugh,ach,46,
aig,duine,46,
leithid,de,46,
thoirt,dha,46,
latha,dhen,46,
luath,’s,46,
toirt,sùil,45,
sinn,air,45,
sin,uill,45,
sibh,gu,45,
bheil,sin,45,
chùis,air,45,
sin,thàinig,45,
gàidhlig,aig,45,
chiad,dol,45,
seo,air,45,
fear,òg,45,
do,nochd,45,
sin,bhiodh,45,
gu,crìch,45,
bidh,iad,45,
iad,ri,45,
eilean,mhanainn,45,
far,nach,44,
toigh,leam,44,
ann,às,44,
sa,mhadainn,44,
siar,air,44,
loch,nis,44,
daoine,ann,44,
dhol,gu,44,
gun,tug,44,
nas,motha,44,
no,air,44,
do,mhuinntir,44,
nàdar,de,44,
do,ràinig,44,
chur,ri,44,
mar,seo,44,
aig,muir,44,
fhèin,ach,43,
fhad,ʼs,43,
daoine,air,43,
ann,de,43,
mar,bu,43,
ann,nuair,43,
beagan,làithean,43,
bruidhinn,mu,43,
buidheann,de,43,
gu,bàs,43,
iad,a-mach,43,
gun,tigeadh,43,
taigh,aige,43,
thuirt,fear,43,
cho,mòr,43,
mhaighstir,alasdair,43,
cuiridh,mi,43,
ach,aon,42,
lorg,iad,42,
thàinig,iad,42,
fhèin,ann,42,
air,tìr-mòr,42,
bho,bhith,42,
àite,ann,42,
bhith,cinnteach,42,
sin,a-mach,42,
le,cinnt,42,
rèir,aithris,42,
seann,daoine,42,
thoirt,don,41,
thoirt,gu,41,
ceangailte,ri,41,
aig,iain,41,
carson,nach,41,
dhuinn,gun,41,
obair,mar,41,
latha,eile,41,
chuid,as,41,
à,bith,41,
feumaidh,gun,41,
air,dòigh,41,
sin,chuir,41,
dhol,don,41,
dh’fhalbh,iad,41,
gàidhlig,ann,41,
de,dhaoine,41,
mi,nach,41,
aige,ri,41,
againn,ann,40,
nach,b’,40,
ceann,greis,40,
ars,esan,40,
chionn,beagan,40,
chaidh,fhoillseachadh,40,
chanadh,daoine,40,
fear,air,40,
sin,as,40,
ainmeil,air,40,
aon,turas,40,
gur,dòcha,40,
àite,ris,40,
blàr,chùil,40,
sibh,fhèin,40,
fo,smachd,40,
mac,mhaighstir,40,
ainm,gàidhlig,40,
dìreach,mar,39,
iongantach,mura,39,
taobh,sear,39,
le,fear,39,
mus,deach,39,
do,thill,39,
do,dhaoine,39,
aig,aois,39,
gach,bliadhna,39,
air,tighinn,39,
falbh,bho,39,
dol,gu,39,
oidhche,sin,39,
gu,h-àrd,39,
ar,fhichead,39,
in,the,39,
làimh,eile,39,
new,zealand,39,
falbh,bhon,38,
air,thoiseach,38,
air,duine,38,
is,mar,38,
sgàth,’s,38,
bheil,fios,38,
fhìrinn,innse,38,
bhon,uair,38,
air,chois,38,
iad,le,38,
ars,ise,38,
no,mar,38,
leis,fhèin,38,
eile,airson,38,
fhèin,’s,38,
obair,ann,38,
leòr,ach,38,
air,do,38,
air,baile,38,
duine,aice,38,
taobh,siar,38,
fios,aige,38,
duine,ann,38,
dèidh,dha,38,
dragh,air,38,
le,sin,38,
ach,anns,38,
glè,bheag,38,
t-siathamh,linn,38,
gu,ìre,38,
tadhal,air,37,
air,seann,37,
smaoineachadh,air,37,
math,inntinneach,37,
is,ceud,37,
dè,cho,37,
smaoineachadh,gu,37,
math,gu,37,
cinnteach,gun,37,
canaidh,iad,37,
beurla,’s,37,
air,dà,37,
tighinn,gu,37,
eile,de,37,
innis,tìle,37,
ach,mar,36,
fhaighinn,air,36,
dà,mhìle,36,
dòchas,gun,36,
às,aonais,36,
dà,rud,36,
sin,thug,36,
iad,fhèin,36,
do,dhuine,36,
thoirt,seachad,36,
buaidh,air,36,
leòr,airson,36,
ghabh,iad,36,
iad,airson,36,
cinnteach,gu,36,
eilein,sgitheanaich,36,
air,mòran,36,
seo,thuirt,36,
dhuibh,dè,36,
sin,fhuair,36,
phàirt,dhen,36,
mòran,dhen,36,
dìreach,air,36,
fuireach,air,36,
goirid,às,36,
rud,sam,36,
là,eile,36,
canaidh,mi,35,
agaibh,fhèin,35,
bu,shine,35,
ach,rinn,35,
t-ainm,air,35,
gu,luath,35,
bruidhinn,air,35,
faclan,sin,35,
iomradh,air,35,
àite,sin,35,
h-uile,càil,35,
b’,ann,35,
air,chuairt,35,
thàinig,mi,35,
bidh,daoine,35,
chuir,sin,35,
fàgaidh,mi,35,
dhiubh,sin,35,
tarsainn,air,34,
is,gu,34,
sin,far,34,
aig,bonn,34,
gach,duine,34,
agaibh,gu,34,
do,thòisich,34,
beagan,bhliadhnaichean,34,
urrainn,do,34,
aig,amannan,34,
furasta,gu,34,
aca,ri,34,
fhear,eile,34,
gu,h-obann,34,
ach,fhuair,34,
bheachd,gum,34,
daoine,ris,34,
canaidh,daoine,34,
ann,bho,34,
alasdair,mac,34,
air,muinntir,34,
bhuineas,do,34,
sin,gun,34,
gun,teagamh,34,
fios,agam,34,
do,luchd-ionnsachaidh,33,
cò,às,33,
gu,siar,33,
thog,iad,33,
beachdachadh,air,33,
dheireadh,dhen,33,
duine,aca,33,
thu,fhèin,33,
mhòr,aig,33,
ach,bu,33,
dh’aindeoin,sin,33,
thill,iad,33,
ath,mhadainn,33,
air,iain,33,
cuid,eile,33,
bu,mhiosa,33,
ris,fhèin,33,
is,gun,33,
air,ainmeachadh,33,
ach,gun,33,
coltach,nach,33,
gàidhlig,’s,33,
mo,charaid,32,
cia,mheud,32,
ann,fhathast,32,
co-ionann,ri,32,
chèilidh,air,32,
aca,airson,32,
sgrìobhadh,le,32,
choimhead,air,32,
bhith,ri,32,
às,leth,32,
ach,aig,32,
ann,uaireigin,32,
no,ann,32,
sinn,gu,32,
suas,ri,32,
phàirt,de,32,
eile,dhen,32,
dheireadh,thall,32,
dhùn,bheagain,32,
beò,anns,32,
beò,ann,32,
feitheamh,ris,32,
clann,ʼic,32,
fhathast,beò,32,
dh’fhaighnich,mi,32,
ghabh,mi,32,
ainm,air,32,
mun,cuairt,32,
leugh,mi,31,
mus,d’,31,
aon,seòrsa,31,
alba,is,31,
beannachd,leibh,31,
eilean,beag,31,
buileach,cinnteach,31,
dol,ga,31,
stàitean,aonaichte,31,
uill,seo,31,
dèidh,greis,31,
iad,nan,31,
chòir,dhomh,31,
gu,gàidhlig,31,
fheàrr,leam,31,
dhol,ann,31,
bidh,cuid,31,
bheil,sinn,31,
leithid,ann,31,
sa,mhonadh,31,
seasamh,airson,31,
faclair,dwelly,31,
gu,sònraichte,31,
dhèanamh,ann,31,
air,fhichead,31,
taic,do,31,
cuimhne,agaibh,31,
chaidh,mu,31,
do,chaochail,31,
dha,ach,31,
don,àite,31,
dh’inbhir,nis,31,
do,chloinn,31,
as,àirde,31,
às,ùr,31,
dheth,gu,31,
fear,ann,31,
anns,gach,31,
aca,ach,31,
ràdh,gum,31,
as,t-earrach,31,
dheth,gur,31,
dèidh,làimh,31,
rudan,mar,31,
fios,againn,30,
àm,seo,30,
mi,tarsainn,30,
innse,dhomh,30,
ach,ma,30,
gàidhlig,ach,30,
chiad,turas,30,
thoirt,dhuibh,30,
ʼs,gun,30,
leòr,air,30,
comasach,air,30,
droch,shìde,30,
bheachd,nach,30,
h-uile,rud,30,
mi,anns,30,
guth,air,30,
eile,aig,30,
fhaca,mi,30,
do,rugadh,30,
dhiubh,air,30,
a-steach,gu,30,
bidh,sinn,30,
agaibh,air,30,
ach,dhiùlt,30,
gu,muir,30,
don,eaglais,30,
fhèin,mar,30,
de,sheòrsa,30,
faighinn,air,30,
bhuineadh,don,30,
à,fianais,30,
srath,spè,30,
iad,aig,30,
ann,oir,30,
dèidh,blàr,30,
as,fhaide,30,
pìos,beag,30,
chuid,mhòr,30,
bhiodh,sin,30,
ann,dìreach,30,
ach,feumaidh,30,
“a,bheil,30,
gheibh,thu,30,
smaoineachadh,gur,30,
thachair,sin,30,
inbhir,ùige,30,
bhon,t-seann,29,
rìgh,air,29,
sinn,dè,29,
lios,mòr,29,
agaibh,dè,29,
as,aithne,29,
nach,ann,29,
bu,toigh,29,
air,fhèin,29,
rathad,dhachaigh,29,
cur,às,29,
mi,riamh,29,
iain,air,29,
ach,mus,29,
dùil,gur,29,
iad,anns,29,
mi,ri,29,
meòrachadh,air,29,
air,sàillibh,29,
chaidh,iain,29,
m’,aire,29,
feumaidh,sinn,29,
air,talamh,29,
gun,dèanadh,29,
gheibh,sibh,28,
eadar-dhealaichte,bho,28,
ceann-cinnidh,nan,28,
iain,mac,28,
thoirt,a-mach,28,
cruinn,còmhla,28,
aca,fhèin,28,
ach,thug,28,
thu,air,28,
dòigh,sin,28,
eile,ach,28,
innse,do,28,
dol,seachad,28,
chanas,daoine,28,
sear,air,28,
ann,chaidh,28,
motha,de,28,
aige,airson,28,
chaluim,chille,28,
nuair,nach,28,
fad,air,28,
sin,oir,28,
biodh,daoine,28,
eagal,air,28,
sibh,riamh,28,
nas,fhaide,28,
coimhead,coltach,28,
dhuibh,mar,28,
oir,bidh,28,
mar,gun,28,
chur,don,28,
ionnsaigh,air,28,
eadar,dà,28,
ge-tà,ach,28,
t-eagal,air,28,
car,annasach,28,
dèidh,gun,28,
gu,àite,28,
litir,mu,28,
ann,as,28,
ach,thàinig,28,
measg,sin,28,
gàidhlig,airson,28,
feadhainn,dhiubh,28,
taigh,mòr,28,
dhiubh,ann,28,
alba,ach,28,
a-mach,gur,28,
chionn,’s,28,
tro,thìde,28,
mi,seachad,28,
ann,nach,28,
air,bruach,28,
àm,ud,28,
droch,fhear,28,
aig,daoine,27,
daoine,eile,27,
àite,anns,27,
aige,mar,27,
b’,fhaide,27,
air,turas,27,
sin,agaibh,27,
ùr,air,27,
dol,ann,27,
leis,nach,27,
‘a,bheil,27,
don,chladach,27,
ann,far,27,
the,gaelic,27,
as,t-fhoghar,27,
cinnteach,nach,27,
dhèanamh,de,27,
sinn,ann,27,
dòchas,nach,27,
thall,thairis,27,
ceud,is,27,
do,chòrd,27,
ach,thuirt,27,
aige,gu,27,
iad,dhen,27,
seo,chaidh,27,
leòr,de,27,
air,beinn,27,
don,rìgh,27,
aon,dòigh,27,
gu,nàdarrach,27,
ris,ann,27,
agam,dhuibh,27,
bhiodh,ann,27,
coireach,ri,27,
chur,ann,27,
falbh,a-mach,27,
no,’s,27,
bu,mhò,27,
facal,gàidhlig,27,
bhaile,sin,27,
bhith,anns,26,
mi,’n,26,
gu,tur,26,
nan,lochlannach,26,
dh’fhàg,iad,26,
iad,cho,26,
air,gu,26,
is,air,26,
ach,chuir,26,
a-mach,don,26,
fon,ghrèin,26,
fear,as,26,
sàs,anns,26,
cuideachd,ach,26,
mi,ràdh,26,
mòr,ri,26,
taic,bho,26,
nach,d’,26,
sìos,air,26,
do,sgrìobh,26,
às,do,26,
fear,aig,26,
cur,air,26,
chiad,rann,26,
aig,fear,26,
nach,fhaigheadh,26,
dhachaigh,leis,26,
sa,mhionaid,26,
ceann,shuas,26,
fear,dhen,26,
sin,ceart,26,
don,sgìre,26,
b’,ainmeile,26,
bruidhinn,ris,26,
math,’s,26,
deoch,làidir,26,
ri,dhol,26,
tè,dhiubh,26,
is,dà,26,
aig,gach,26,
sin,fhathast,26,
ràdh,mu,26,
air,fàs,26,
eile,’s,26,
an-diugh,’s,26,
sin,an-diugh,26,
alba,nuadh,26,
sin,do,26,
thuirt,fionn,26,
alba,nuaidh,26,
air,nach,25,
fheàrr,leis,25,
aon,àite,25,
ann,o,25,
urrainn,dhaibh,25,
do,dh’alba,25,
fad,ùine,25,
nan,caorach,25,
h-alba,ann,25,
orra,ach,25,
dearbh,rud,25,
seann,duine,25,
bu,lugha,25,
b’,òige,25,
gu,sìorraidh,25,
dèidh,do,25,
bheil,gàidhlig,25,
ùidh,mhòr,25,
gabhail,a-steach,25,
stèidhichte,ann,25,
tìr,ann,25,
gu,dubh,25,
bhith,aig,25,
ach,seo,25,
facal,eile,25,
air,dùn,25,
air,aon,25,
sibh,nach,25,
cinnteach,gum,25,
ainmeil,mar,25,
do,dh’iain,25,
èisteachd,ris,25,
sin,ri,25,
seo,ach,25,
gu,bràth,25,
do,dh’fhalbh,25,
mòr,is,25,
math,measail,25,
ghabhail,air,25,
aig,nach,25,
teàrlach,òg,25,
iain,ruadh,25,
thòisich,mi,25,
aig,blàr,25,
aghaidh,nan,25,
iad,don,25,
inbhir,pheofharain,25,
mhòr,de,25,
iain,dubh,25,
thoiseach,air,25,
dearbh,’s,25,
dh’innis,mi,25,
obair,anns,25,
àiteachan,eile,25,
do,chuid,25,
gur,iad,25,
bruidhinn,mun,25,
daoine,anns,25,
iain,maccoinnich,25,
air,cuid,25,
fhathast,anns,25,
gum,faigh,25,
tiomnadh,nuadh,25,
gun,fhiosta,25,
mòr,’s,25,
mòran,ann,24,
mi,mo,24,
rud,eile,24,
tilleadh,dhachaigh,24,
feadhainn,ann,24,
do,mhothaich,24,
dùthaich,mhicaoidh,24,
bruidhinn,ann,24,
t-seann,lochlannais,24,
mac,ille,24,
gàidhlig,aige,24,
dùil,gum,24,
fear,à,24,
falbh,leis,24,
agam,gun,24,
ann,thuirt,24,
nochdadh,anns,24,
air,le,24,
ged,as,24,
is,èirinn,24,
fhathast,air,24,
air,atharrachadh,24,
chaidh,feadhainn,24,
cuideachd,airson,24,
mar,gu,24,
èisteachd,ri,24,
ceathrad,ʼs,24,
tòir,air,24,
iad,gun,24,
cur,seachad,24,
fìor,mhath,24,
do,chaill,24,
ciallachadh,gu,24,
ach,bhiodh,24,
latha,is,24,
againn,air,24,
fada,’s,24,
a-mach,dè,24,
air,tachairt,24,
buaidh,mhòr,24,
ann,an-diugh,24,
buileach,cho,24,
’s,iongantach,24,
ath,sheachdain,24,
fhoillseachadh,ann,24,
sin,rinn,24,
dòchas,gum,24,
bliadhna,ann,24,
thuirt,iain,24,
agam,fhìn,24,
mhinistear,ann,24,
rìgh,nan,24,
rud,beag,24,
gu,bith,24,
don,ghàidhlig,24,
bhuineas,don,24,
air,oidhche,24,
ann,do,24,
mar,gum,24,
sin,bho,24,
thàinig,bhon,24,
uaireannan,bidh,23,
gu,cinnteach,23,
gach,turas,23,
fear,aca,23,
carson,uill,23,
mo,bheannachd,23,
cuideachd,ann,23,
eile,gu,23,
fear,mu,23,
ach,nach,23,
seann,sgeulachd,23,
fuireach,faisg,23,
fada,nuair,23,
thuirt,iad,23,
bhith,aige,23,
gu,sear,23,
ghabhail,thairis,23,
math,eòlach,23,
san,eilean,23,
h-eileanan,siar,23,
aig,aon,23,
dhuine,sam,23,
mhòr,nach,23,
fìor,dhroch,23,
chòrr,de,23,
mi,nam,23,
dhomh,fhìn,23,
bheil,mòran,23,
bliadhna,roimhe,23,
ceud,duine,23,
chèile,ann,23,
thòisich,iad,23,
rannsachadh,air,23,
cho,pailt,23,
tràth,anns,23,
ach,cò,23,
chaidh,dòmhnall,23,
measg,nam,23,
bho,sin,23,
cur,dragh,23,
chaidh,iarraidh,23,
mi,aig,23,
cron,air,23,
ach,ciamar,23,
ann,leis,23,
nì,mi,23,
seo,le,23,
dhomh,gu,23,
ris,ach,23,
airson,beagan,23,
air,taigh,23,
tormod,macleòid,23,
mu,thràth,23,
ach,le,23,
beurla,the,23,
nach,urrainn,23,
bheag,de,23,
beò,air,23,
tuilleadh,mu,23,
de,dh’alba,23,
a-mach,nach,23,
airson,nan,23,
gu,làidir,23,
sin,an-ath-sheachdain,23,
tighinn,a-steach,23,
nach,gabh,23,
gàidhlig,gu,23,
fhaigh,thu,23,
iad,faisg,23,
to,the,23,
mòr,gu,23,
t-ainm,sin,23,
seann,ainm,23,
dùn,eideann,23,
rathad,eadar,23,
mi,crìoch,23,
bràigh,mhàrr,23,
cù,chulainn,23,
àite,eile,22,
aig,mòran,22,
co-dhiù,’s,22,
sin,fhèin,22,
do,dh’fhàg,22,
rud,ann,22,
sin,deireadh,22,
cuimhne,agam,22,
gach,latha,22,
mìle,gu,22,
mi,buileach,22,
a-mach,airson,22,
chuir,esan,22,
eilean,leòdhais,22,
eadar,inbhir,22,
thachair,don,22,
còmhla,ann,22,
sin,ʼs,22,
leatha,fhèin,22,
às,don,22,
iad,às,22,
gun,cuala,22,
mu,choinneimh,22,
dèidh,dhaibh,22,
ochdad,ʼs,22,
thiodhlacadh,ann,22,
mean,air,22,
air,mhean,22,
sa,phrìosan,22,
aca,anns,22,
dualchas,nan,22,
à,eilean,22,
ach,carson,22,
dèanamh,deiseil,22,
ged,is,22,
sin,a-mhàin,22,
tighinn,cruinn,22,
rinn,thu,22,
à,inbhir,22,
sluagh,mòr,22,
ceangal,eadar,22,
eaglais,ann,22,
dha,gun,22,
sa,bhad,22,
ceap,breatainn,22,
iad,ach,22,
dùil,gu,22,
aige,anns,22,
dìreach,aon,22,
air,feadhainn,22,
chiad,fhear,22,
aca,ann,22,
à,alba,22,
ach,leis,22,
làidir,ann,22,
sgàth,sin,22,
math,tric,22,
cille,chuimein,22,
gabhail,air,22,
lorg,ann,22,
air,tilleadh,22,
coiseachd,air,22,
do,cheann,22,
dh’innse,dhuibh,22,
of,scotland,22,
fheudar,do,22,
à,ceann,22,
ma,bhios,22,
bi,fios,22,
don,bheurla,22,
air,’s,22,
dhol,a-mach,22,
ma,sgaoil,22,
dà,fhichead,22,
’s,as,22,
ghàidhlig,ann,22,
dhaibh,fhèin,22,
leth-cheud,’s,22,
don,mhuir,22,
toirt,air,22,
gleanna,gollaidh,22,
sin,b’,21,
neo,dhà,21,
airidh,air,21,
air,alba,21,
againn,airson,21,
bhiodh,dùil,21,
seasgad,ʼs,21,
cluinntinn,bhuaibh,21,
mìle,duine,21,
trithead,ʼs,21,
dhol,seachad,21,
ris,gu,21,
ach,lean,21,
bu,làidire,21,
mòr,anns,21,
seachdad,ʼs,21,
fàs,ann,21,
toiseach,ann,21,
prìomh,bhaile,21,
iad,ris,21,
airson,dà,21,
cinnteach,dè,21,
bu,trice,21,
fàs,gu,21,
mòran,dhiubh,21,
b’,àbhaist,21,
mhòr,gu,21,
ach,bidh,21,
fiù,’s,21,
sgrios,air,21,
sin,le,21,
dùthchannan,eile,21,
mìle,is,21,
iad,do,21,
feumach,air,21,
cho,tric,21,
de,chloinn,21,
chloinn,’ic,21,
nan,craobh,21,
donnchadh,bàn,21,
de,sheann,21,
fheadhainn,aig,21,
bidh,cuimhne,21,
taobh,eile,21,
air,mapaichean,21,
agaibh,gur,21,
air,fearann,21,
an-diugh,air,21,
tilleadh,don,21,
dè,rinn,21,
as,ainmeile,21,
rìgh,seumas,21,
ais,air,21,
dol,dh’fhaighnich,21,
h-uile,bliadhna,21,
oir,bhiodh,21,
iad,fhathast,21,
dubh,air,21,
sin,bidh,21,
cuideachd,air,21,
is,math,21,
uair,sam,21,
dhol,à,21,
tòiseachadh,le,21,
nochdadh,air,21,
mi,tuilleadh,21,
sgrìobhte,air,21,
beurla,ach,21,
mi,dìreach,21,
idir,ach,21,
do,dh’ionnsaich,21,
làimh,ri,21,
dheidhinn,mar,21,
airson,falbh,21,
tric,’s,21,
dha,air,21,
dùthaich,sin,21,
ann,idir,21,
mòr,aig,21,
a-muigh,air,21,
coire,bhreacain,21,
mar,is,20,
cho,brèagha,20,
an-diugh,ann,20,
sibh,ann,20,
ach,ʼs,20,
ann,bhiodh,20,
fhèin,aig,20,
fhathast,ach,20,
leam,cluinntinn,20,
bliadhna,mus,20,
b’,ise,20,
dhen,aon,20,
a-nise,ann,20,
eilean,air,20,
fàs,air,20,
àm,nuair,20,
dèanamh,cinnteach,20,
daoine,gu,20,
atharrachadh,gu,20,
aige,mu,20,
gàidhlig,inbhir,20,
beagan,mhìosan,20,
thogail,ann,20,
gun,gabhadh,20,
ro,fhada,20,
dh’iarr,iad,20,
cuide,ris,20,
leth,math,20,
thachair,do,20,
cheud,gu,20,
ri,duine,20,
aig,astar,20,
do,mhac,20,
air,dòmhnall,20,
a-mach,ach,20,
seann,stòiridh,20,
ciallachadh,gun,20,
air,cliathaich,20,
mhonadh,ruadh,20,
falbh,air,20,
sin,co-dhiù,20,
nas,lugha,20,
don,riaghaltas,20,
ciallachadh,le,20,
dhà,eile,20,
amas,air,20,
thoirt,dhachaigh,20,
gàidhlig,anns,20,
chur,seachad,20,
chiad,duine,20,
air,nuair,20,
glè,mhath,20,
chlann,raghnaill,20,
thug,sinn,20,
co-dhiù,chaidh,20,
shaoil,mi,20,
falbh,o,20,
h-eil,sibh,20,
bliadhna,as,20,
fhaisge,air,20,
ach,airson,20,
faigheadh,iad,20,
dha,ann,20,
t-seachdain,’s,20,
seo,dhen,19,
chuid,aodaich,19,
chanas,mi,19,
gam,thoirt,19,
is,coireach,19,
clach,mhòr,19,
laighe,air,19,
ma,thèid,19,
do,dh’èirich,19,
mi,eòlach,19,
seachad,ùine,19,
iarraidh,gum,19,
iad,mar,19,
a’m,dè,19,
dhol,a-null,19,
sin,dh’fhalbh,19,
sinn,an-ath-sheachdain,19,
a-steach,air,19,
ainmeachadh,airson,19,
ach,b’,19,
fon,talamh,19,
sin,nach,19,
fhios,gu,19,
rud,nach,19,
seo,gu,19,
nas,fhasa,19,
sin,ge-tà,19,
is,trithead,19,
uaireannan,bhiodh,19,
ràdh,ris,19,
air,cluinntinn,19,
bu,luaithe,19,
mun,àm,19,
sin,cho,19,
ais,ann,19,
mìle,not,19,
dhen,naoidheamh,19,
toirt,taic,19,
co-dhiù,air,19,
fios,aca,19,
bhith,ga,19,
seo,nuair,19,
dèanamh,ciall,19,
a-steach,do,19,
gu,sgiobalta,19,
bhaile,air,19,
leis,gur,19,
chanainn,gu,19,
nach,deach,19,
feadhainn,aca,19,
aig,mac,19,
gach,taobh,19,
à,loch,19,
cheud,duine,19,
dh’fhuirich,iad,19,
air,each,19,
dòmhnall,air,19,
mhòr,mhòr,19,
saighdearan,dearga,19,
dèidheil,air,19,
duine,aig,19,
fios,le,19,
oilthigh,dhùn,19,
oirre,ann,19,
chumail,air,19,
bhuileachadh,air,19,
smachd,air,19,
airson,bruidhinn,19,
mòr,mòr,19,
eile,mu,19,
thàinig,fear,19,
do,mhair,19,
don,ghàidhealtachd,19,
dhuinn,gu,19,
math,ainmeil,19,
pàirt,de,19,
mura,b’,19,
àite,gu,19,
de,dh’fhaclan,19,
litir,seo,19,
beurla,ann,19,
ri,ràdh,19,
greim,air,19,
is,bliadhna,19,
iomadh,rud,19,
grunn,tursan,19,
mi,ris,19,
as,mò,19,
air,anns,19,
is,iomadh,19,
sin,gum,19,
inbhir,lòchaidh,19,
bho,fhear,19,
shaoileadh,tu,19,
’ic,coinnich,19,
cleachdadh,airson,19,
inntinneach,mu,19,
thàinig,a-mach,19,
math,eadar-dhealaichte,19,
nan,cearc,19,
gun,cuireadh,19,
duine,uasal,19,
boban,saor,19,
mac,gille,19,
loch,iall,19,
gille,mhaoil,19,
is,trice,18,
àite,sam,18,
eile,nuair,18,
h-alba,ach,18,
mi,toilichte,18,
sin,a-rithist,18,
oirre,mar,18,
sin,gam,18,
bhon,laidinn,18,
ann,bhon,18,
is,còig-deug,18,
chèile,le,18,
cur,gu,18,
sa,bhliadhna,18,
ceud,gu,18,
leth,bliadhna,18,
latha,mu,18,
dòigh,air,18,
dè,dhèanadh,18,
beag,ann,18,
chur,crìoch,18,
dèanamh,sin,18,
agam,nach,18,
aice,air,18,
àiteachan,ann,18,
nan,croitearan,18,
airson,tuilleadh,18,
a-null,thairis,18,
dhuibh,anns,18,
sin,cuideachd,18,
a-mach,ann,18,
dèidh,bàs,18,
mi,aideachadh,18,
chanar,ris,18,
chaidh,ainmeachadh,18,
dà,thuras,18,
còrr,dhen,18,
mi,gur,18,
seòrsa,de,18,
chaidh,mun,18,
chionn,còrr,18,
t-seòrsa,sin,18,
is,thogadh,18,
mu,thuath,18,
truagh,nach,18,
mòran,eile,18,
bith,ach,18,
bàs,fhaighinn,18,
sinn,anns,18,
le,iain,18,
math,sean,18,
nam,ban,18,
dòmhnall,mac,18,
iad,a-steach,18,
don,phrìosan,18,
theich,iad,18,
cuideachd,gu,18,
chanadh,muinntir,18,
falbh,gu,18,
chuala,iad,18,
duine,bochd,18,
ann,gum,18,
de,shaighdearan,18,
còmhla,air,18,
còmhla,riutha,18,
rudeigin,mar,18,
orra,gu,18,
mhòr,aige,18,
seachad,ann,18,
dhuibh,an-ath-sheachdain,18,
fuireach,còmhla,18,
cò,aige,18,
coinneachadh,ris,18,
chaidh,air,18,
dhèanamh,ach,18,
obair,mhòr,18,
sinn,ri,18,
is,ceathrad,18,
muin,eich,18,
stòiridh,innse,18,
taigh,anns,18,
mhòr,anns,18,
chòir,dhuinn,18,
sìos,don,18,
uabhasach,fhèin,18,
don,chaisteal,18,
math,airson,18,
rud,fìor,18,
chaidh,mòran,18,
ga,bruidhinn,18,
mo,leisgeul,18,
canar,ann,18,
sin,is,18,
cuideigin,air,18,
nis,ann,18,
air,eachdraidh,18,
càirdeach,do,18,
fada,gu,18,
cànan,nan,18,
mi,geall,18,
nan,cruithneach,18,
seo,de,18,
loch,ann,18,
ge,bith,18,
mac,rìgh,18,
biadh,is,18,
mòran,àiteachan,18,
leughadh,leabhar,18,
siud,’s,18,
gu,bheilear,18,
bhios,mi,18,
mi,sibh,18,
facal,beurla,18,
do,dh’obraich,18,
cinnteach,gur,18,
coltach,gur,18,
nam,fiadh,18,
obair,dheathain,18,
dhìth,air,18,
à,beul-aithris,18,
dhol,dhachaigh,18,
leig,mi,18,
mìle,bliadhna,18,
cuid,dhiubh,18,
sin,math,17,
on,the,17,
dol,don,17,
dòchas,gu,17,
ais,do,17,
mìle,air,17,
litir,do,17,
naochad,ʼs,17,
ʼs,iomadh,17,
air,ar,17,
ainm,eile,17,
chiad,turais,17,
à,uibhist,17,
chuid,ann,17,
ri,feadhainn,17,
sin,dh’fhaighnich,17,
fear,mòr,17,
air,gun,17,
gun,robhar,17,
agad,air,17,
daoine,ga,17,
bi,cuid,17,
bhiodh,muinntir,17,
le,ainm,17,
airson,sùil,17,
dh’fhuireach,anns,17,
loch,nam,17,
nan,seann,17,
eilean,ì,17,
aithris,air,17,
is,ochdad,17,
ann,ri,17,
dhà,chaidh,17,
seann,bhoireannach,17,
rudeigin,eile,17,
bhon,fhacal,17,
seann,ghàidheil,17,
bheachd,air,17,
treas,linn,17,
rium,gu,17,
mi,gum,17,
ùr,ann,17,
dà,mhìos,17,
eile,gun,17,
feadhainn,dhen,17,
air,àite,17,
follaiseach,gu,17,
dheireadh,ann,17,
de,dh’airgead,17,
mu,dhà,17,
fheudar,dha,17,
aige,do,17,
thachair,mi,17,
air,sabaid,17,
stòiridh,eile,17,
chur,a-mach,17,
aig,dòmhnall,17,
mus,fhàg,17,
gu,làr,17,
do,leig,17,
nach,bu,17,
lean,iad,17,
mharbh,iad,17,
cumail,sùil,17,
thig,mi,17,
tric,air,17,
nas,mò,17,
fear,seo,17,
is,beag,17,
chaill,iad,17,
àite,ach,17,
srath,àrdail,17,
dhà,ann,17,
bith,dè,17,
dol,a-steach,17,
mo,mhàthair,17,
fios,agad,17,
eile,mar,17,
airgead,gu,17,
san,t-saoghal,17,
pàirt,dhen,17,
rud,ris,17,
gu,diofar,17,
airgead,mòr,17,
an-diugh,mar,17,
air,m’,17,
dèiligeadh,ri,17,
b’,fhaisge,17,
fheàrr,air,17,
cumanta,ann,17,
sin,ma,17,
à,leòdhas,17,
sa,bheil,17,
beurla,mar,17,
leth-cheud,bliadhna,17,
bhith,gu,17,
air,là,17,
là,dhen,17,
aig,feadhainn,17,
iain,dòmhnallach,17,
mun,chùis,17,
tuiseal,ghinideach,17,
nach,ith,17,
as,leth,17,
pìos,de,17,
iad,mu,17,
gu,dìreach,17,
ùine,mhòir,17,
esan,air,17,
oir,b’,17,
bheil,ainm,17,
bith,aig,17,
sin,fada,17,
is,seasgad,17,
làimh,dheis,17,
dàrna,taobh,17,
b’,aithne,17,
air,fionn,17,
is,iad,17,
air,uachdar,17,
ainm,ann,17,
monadh,miongaig,17,
bhean,aige,17,
chur,suas,17,
sealan,nuadh,17,
àite,brèagha,17,
gille,carach,17,
faodaidh,sibh,16,
mi,rudeigin,16,
air,rudeigin,16,
mi,mu,16,
còmhdaichte,le,16,
mhothaich,sibh,16,
dà,eilean,16,
chanainn,gun,16,
atha,cliath,16,
eòlas,air,16,
rìgh,ann,16,
triùir,mhac,16,
ʼs,nach,16,
nach,fhaiceadh,16,
‘tha,thu,16,
faigh,mi,16,
às,mo,16,
sheòl,iad,16,
thoirt,dhaibh,16,
mòr,ach,16,
gu,eilean,16,
fhèin,anns,16,
de,bheul-aithris,16,
uilleam,macbhàtair,16,
eadar-theangachadh,air,16,
rud,air,16,
h-eileanan,sin,16,
air,gluasad,16,
dheth,gun,16,
bhith,aca,16,
bheil,ceangal,16,
bhiodh,fios,16,
chòir,dha,16,
cuid,mhath,16,
chuid,mhòir,16,
feumaidh,gu,16,
agam,dè,16,
dè,chanadh,16,
ar,caraid,16,
pàirtean,de,16,
bith,aige,16,
rugadh,is,16,
and,the,16,
air,abhainn,16,
fhèin,nuair,16,
faodaidh,sinn,16,
caisteal,dhùn,16,
gluasad,gu,16,
feumaidh,nach,16,
a-mhàin,ach,16,
dh’fhaighnich,iad,16,
dithis,eile,16,
tighinn,air,16,
falbh,ach,16,
nach,fhaca,16,
air,obair,16,
nighean,aig,16,
sabaid,le,16,
t-seachdamh,latha,16,
leantainn,air,16,
mo,chuimhne,16,
don,uachdaran,16,
cruinneachadh,de,16,
gun,canadh,16,
dh’inns,mi,16,
bàs,ann,16,
sin,leis,16,
gu,baile,16,
oirre,ach,16,
feachd,de,16,
don,loch,16,
ar-a-mach,nan,16,
arm,nan,16,
nis,air,16,
chaidh,thug,16,
gàidhlig,is,16,
deach,iad,16,
h-uile,nì,16,
nis,ach,16,
gille,òg,16,
a-null,don,16,
cheathramh,linn,16,
dèanamh,de,16,
sin,dhuibh,16,
bith,anns,16,
dà,latha,16,
ann,don,16,
eadar-theangachadh,gu,16,
làimh,ris,16,
bliadhna,ach,16,
cho,dona,16,
de,dh’àiteachan,16,
le,droch,16,
còmhla,rium,16,
chèile,ach,16,
dhuinn,mu,16,
leabhar,ùr,16,
’s,nan,16,
ri,seann,16,
no,the,16,
dhèanamh,le,16,
is,seachdad,16,
sin,leibh,16,
mhotha,de,16,
ach,chunnaic,16,
dhol,a-steach,16,
againn,fhathast,16,
cuide,rium,16,
don,fhear,16,
eilean,mu,16,
nam,chuimhne,16,
beagan,seachdainean,16,
là,sin,16,
ann,is,16,
dhen,fheadhainn,16,
aige,don,16,
sin,ro,16,
bheil,loch,16,
as,urrainn,16,
bhiodh,aig,16,
thu,gu,16,
iain,lom,16,
air,seo,16,
aig,cuid,16,
de,dh’ainmean,16,
sibh,mar,16,
mhath,air,16,
chuid,de,16,
ach,saoilidh,16,
fa,leth,16,
as,sine,16,
dà,ainm,16,
feumaidh,tu,16,
ri,fhaicinn,16,
chaidh,fear,16,
à,sealladh,16,
“tha,thu,16,
faigh,thu,16,
gun,toireadh,16,
ridirean,teampallach,16,
iain,garbh,16,
dèidh,dhomh,15,
’n,dòchas,15,
gheibh,mi,15,
sibh,a-riamh,15,
cluinnidh,sibh,15,
ma,chanas,15,
beagan,is,15,
dithis,air,15,
ri,iain,15,
sgoilear,gàidhlig,15,
bidh,feadhainn,15,
thogail,air,15,
ath,latha,15,
thu,sin,15,
ann,fada,15,
leantainn,le,15,
fios,aice,15,
a-rithist,ach,15,
slàn,fallain,15,
airson,nam,15,
leòr,aca,15,
mar,bhiadh,15,
fheudar,don,15,
air,cnoc,15,
facal,air,15,
dhuinn,gur,15,
chanas,muinntir,15,
fhèin,gu,15,
leabhar,mu,15,
caogad,ʼs,15,
thiodhlacadh,anns,15,
cliù,dha,15,
agam,gum,15,
cuid,agaibh,15,
math,ri,15,
eucoltach,ris,15,
aig,alasdair,15,
dhèanamh,airson,15,
halò,a-rithist,15,
ann,roimhe,15,
h-alba,air,15,
turas,mu,15,
is,naochad,15,
ainm,beurla,15,
bhon,bheurla,15,
math,is,15,
ceangailte,ris,15,
duine,beò,15,
gabhail,ri,15,
dìreach,airson,15,
dha,gu,15,
sealg,nam,15,
dha,airson,15,
fhàgail,air,15,
dol,tarsainn,15,
far,costa,15,
mòran,air,15,
dàrna,rann,15,
làimh,air,15,
cuimhn’,agaibh,15,
mar,chomharra,15,
air,bàs,15,
mun,ghnothach,15,
dh’aontaich,iad,15,
air,aig,15,
coinneachadh,ri,15,
air,creag,15,
mi,le,15,
m’,athair,15,
seo,thàinig,15,
uile,gu,15,
dòigh,airson,15,
seo,anns,15,
ann,no,15,
nam,cheann,15,
air,clann,15,
bhon,taigh,15,
dhachaigh,air,15,
don,phrionnsa,15,
aon,latha,15,
iad,’s,15,
latha,roimhe,15,
dhèanamh,anns,15,
ceann,ùine,15,
mi,beagan,15,
duine,gu,15,
iad,orra,15,
mi,seo,15,
dh’ainmich,mi,15,
dol,mar,15,
feitheamh,riutha,15,
bhith,gun,15,
mi,ach,15,
a-mhàin,air,15,
eile,le,15,
urrainn,don,15,
airson,taic,15,
sgrìobh,mi,15,
dearbhadh,gun,15,
d’,rachadh,15,
linn,nan,15,
fhreagair,iain,15,
bidh,thu,15,
chaidh,sinn,15,
aige,bhiodh,15,
loch,iù,15,
ciallachadh,nach,15,
mu,eachdraidh,15,
thèid,sinn,15,
air,gleann,15,
ceudan,bhliadhnaichean,15,
à,gleann,15,
leigeil,leis,15,
le,uisge,15,
smaoineachadh,gum,15,
gu,litreachail,15,
le,taic,15,
alba,gu,15,
cill,fhinn,15,
pailt,ann,15,
mi,sùil,15,
falach,ann,15,
eilean,dubh,15,
cuideachd,gun,15,
fhèin,airson,15,
aithrisean,ann,15,
chùm,iad,15,
ri,dhèanamh,15,
air,chall,15,
fada,nas,15,
iomadh,duine,15,
de,ghàidheil,15,
mu,dheas,15,
rium,fhìn,15,
àite,mar,15,
air,ainm,15,
don,dùthaich,15,
duine,sin,15,
air,ainmean-àite,15,
rudan,eile,15,
tràth,sa,15,
t-ainm,gàidhlig,15,
eisimpleir,ann,15,
air,tuiteam,15,
dè,dìreach,15,
fios,air,15,
rud,as,15,
cheud,is,15,
air,sàilleamh,15,
fad’,air,15,
gu,h-iongantach,15,
mòran,anns,15,
a-mach,o,15,
thu,ann,15,
bheil,cuid,15,
droch,bheachd,15,
dh’fhaodadh,tu,15,
eagal,orm,15,
eilean,nam,15,
leam,rudeigin,15,
tràigh,mhòr,15,
againn,fhèin,15,
nan,gaidheal,15,
sin,thill,15,
iad,à,15,
srath,eireann,15,
eile,faisg,15,
ghàidhlig,’s,15,
torc,nimhe,15,
air,oighreachd,15,
mise,ars’,15,
cus,de,15,
“mura,faigh,15,
mi,dhut,15,
von,lamont,15,
fhìn,’s,15,
nant,gwrtheyrn,15,
loch,air,14,
le,daoine,14,
seo,’s,14,
a-nise,air,14,
a-mach,cò,14,
biadh,gu,14,
bhios,sinn,14,
ach,ged,14,
gu,taobh,14,
chanas,sibh,14,
sibh,sin,14,
ma,choimheadas,14,
bheag,air,14,
beagan,mhìltean,14,
de,bhith,14,
chèile,air,14,
baile,atha,14,
cothrom,aig,14,
nàiseanta,ann,14,
a-mach,gum,14,
dèidh,làimhe,14,
seachad,mus,14,
ort,dh’fhaighnich,14,
a-null,gu,14,
leth,toilichte,14,
airson,gach,14,
gu,sàmhach,14,
turas,eile,14,
duine,seo,14,
ghàidhlig,airson,14,
air,tè,14,
h-àraidh,anns,14,
sùil,gheur,14,
aithris,ann,14,
do,thogadh,14,
nam,madadh,14,
ainm,sin,14,
comas,aig,14,
air,bhog,14,
cead,aig,14,
seo,mu,14,
alba,air,14,
air,mapa,14,
beurla,gu,14,
dhèanamh,gu,14,
mòran,nas,14,
ath,thuras,14,
droch,naidheachd,14,
dheidhinn,nan,14,
gu,mullach,14,
agaibh,eòlach,14,
rann,mu,14,
ann,uill,14,
ràdh,anns,14,
dàrna,latha,14,
sgìre,air,14,
iad,ga,14,
dithis,fhear,14,
aig,calum,14,
falbh,don,14,
bhruidhinn,ris,14,
baile,mòr,14,
iad,còmhla,14,
bheir,thu,14,
bho,chèile,14,
mu,choinneamh,14,
boireannach,òg,14,
sàs,gu,14,
siorrachd,obar,14,
airson,stad,14,
gum,fac’,14,
bheatha,air,14,
mus,biodh,14,
seo,fear,14,
iad,is,14,
sin,à,14,
fhios,nach,14,
aig,clann,14,
falach,anns,14,
air,teicheadh,14,
dha,mar,14,
air,uisge,14,
fhuair,iain,14,
mu,iain,14,
don,fhraing,14,
cùil,lodair,14,
faighinn,cuidhteas,14,
beagan,nas,14,
ri,faighinn,14,
tuirt,mi,14,
do,mharbh,14,
feadhainn,air,14,
dhaoine,air,14,
fhathast,gu,14,
toirt,seachad,14,
chuairteachadh,le,14,
òg,stiùbhart,14,
ge-tà,chaidh,14,
cheannard,air,14,
rathad,sin,14,
nach,dèan,14,
is,fheàrr,14,
air,eadar-theangachadh,14,
aig,beul,14,
toirt,gu,14,
ach,dh’fhàg,14,
bhean,agam,14,
mi,cho,14,
an-diugh,gu,14,
bualadh,air,14,
math,feumail,14,
don,fheadhainn,14,
stad,orra,14,
aithnichte,mar,14,
à,baile,14,
‘tha,sin,14,
dìreach,ann,14,
agam,ri,14,
the,highlands,14,
aice,ri,14,
ach,o,14,
ri,lorg,14,
ceist,agam,14,
sgrìobhadh,ann,14,
chlann,’ic,14,
làn,òir,14,
cho,toilichte,14,
aig,rìgh,14,
fheadhainn,eile,14,
làidir,gu,14,
don,abhainn,14,
do,chèile,14,
chòigeamh,linn,14,
dòigh,eile,14,
bho,sheann,14,
dèan,mi,14,
bhith,nan,14,
gàidhlig,uill,14,
loch,tatha,14,
sin,mu,14,
leibh,an-dràsta,14,
dreach,gàidhlig,14,
mu,bhàs,14,
ailean,dubh,14,
beag,le,14,
airson,crìoch,14,
cumanta,gu,14,
bho,àite,14,
mi,o,14,
bhliadhna,sin,14,
gàidheal,ann,14,
ciallachadh,the,14,
beò,aig,14,
obair,do,14,
leigeil,le,14,
chanainn,gur,14,
eisimpleir,canaidh,14,
mhòr,dhen,14,
fìor,mu,14,
rathad,mòr,14,
nan,òran,14,
gàidhlig,no,14,
neo,mar,14,
sinn,mar,14,
as,ùr,14,
ghàidhlig,gu,14,
do,dh’aithnich,14,
mar,fhear,14,
sin,nochd,14,
ainm,’s,14,
oir,chaidh,14,
cheap,bhreatainn,14,
duine,ach,14,
nan,albannach,14,
mòr,de,14,
bho,mhuinntir,14,
mi,a-rithist,14,
aige,le,14,
aig,ìre,14,
air,slighe,14,
thall,’s,14,
bhiodh,cuid,14,
cho,làidir,14,
naomh,pàdraig,14,
air,mionachan,14,
“cà’il,thu,14,
thu,mise,14,
ro,mhòr,14,
dùn,dearduil,14,
oidhche,shamhna,14,
eilean,donnain,14,
clann,lir,14,
lunn,dà,14,
dà,bhrà,14,
a-mach,le,13,
ciallachadh,gum,13,
eadhon,ged,13,
h-àraidh,ann,13,
air,sgèith,13,
ach,sin,13,
co-dhiù,nuair,13,
beurla,air,13,
beag,anns,13,
’s,gur,13,
o,thùs,13,
ri,calum,13,
alba,ann,13,
thachair,rudeigin,13,
rudeigin,annasach,13,
mac,iain,13,
don,dithis,13,
leis,gum,13,
tric,bhiodh,13,
tighinn,às,13,
leantainn,leis,13,
thilg,iad,13,
don,duine,13,
dhomh,ràdh,13,
seo,o,13,
chanadh,sibh,13,
mòran,daoine,13,
sa,mhuir,13,
aige,de,13,
airson,dèanamh,13,
leabhar,air,13,
carmina,gadelica,13,
mar,nach,13,
uabhasach,measail,13,
eilean,eile,13,
bliadhna,eile,13,
eadhon,ann,13,
cur,ann,13,
uill,bidh,13,
bhiodh,sibh,13,
ach,chaill,13,
eadar,loch,13,
dhachaigh,ann,13,
trithead,bliadhna,13,
ga,chleachdadh,13,
fada,mus,13,
ùidh,agaibh,13,
leig,iad,13,
iad,seachad,13,
ann,ma,13,
chaidh,cùisean,13,
ann,sa,13,
eile,aige,13,
cuideachd,mar,13,
thachair,dha,13,
is,feadhainn,13,
mo,bhean,13,
màrtainn,macillemhàrtainn,13,
choireach,ris,13,
mullach,cnuic,13,
measg,eile,13,
leigheas,airson,13,
nan,seasamh,13,
thadhal,air,13,
dhut,thuirt,13,
don,bhothan,13,
fios,gu,13,
dùthaich,nan,13,
bhliadhna,roimhe,13,
chur,orra,13,
dhen,t-sluagh,13,
de,bhàrdachd,13,
fear,às,13,
rudeigin,ann,13,
ge,b’,13,
cur,sìos,13,
agaibh,gun,13,
pòsta,aig,13,
ʼic,ille,13,
ille,naoimh,13,
oir,ʼs,13,
fheàrr,ann,13,
bidh,mòran,13,
rathad,gu,13,
mar,chuimhneachan,13,
ri,daoine,13,
toilichte,mu,13,
iad,dhachaigh,13,
bailtean,mòra,13,
tòiseachadh,air,13,
gille,air,13,
taigh,mhòr,13,
sin,bhon,13,
fheàrr,gu,13,
dh’aindeoin,’s,13,
airson,airgead,13,
nan,suidhe,13,
don,choille,13,
air,aodann,13,
iad,nas,13,
sibh,gun,13,
aon,uair,13,
suas,gu,13,
fuireach,aig,13,
mi,ceist,13,
coireach,gun,13,
seo,ge-tà,13,
aige,gun,13,
albannach,air,13,
nach,bitheadh,13,
toilichte,gu,13,
cladach,loch,13,
stòiridh,mu,13,
droch,rùn,13,
iain,bàn,13,
agad,thuirt,13,
iad,a-rithist,13,
latha,brèagha,13,
ach,thachair,13,
abair,gun,13,
is,sia-deug,13,
dhen,leabhar,13,
sgìre,seo,13,
ach,mu,13,
cho,sean,13,
alba,aig,13,
gu,beurla,13,
gabhail,ris,13,
dh’ionnsaich,mi,13,
leis,ach,13,
sin,dh’iarr,13,
gu,feumadh,13,
nochdadh,gu,13,
sìos,gu,13,
sguabadh,air,13,
o,chèile,13,
agaibh,cò,13,
urrainn,dhuinn,13,
don,bhaile,13,
thachair,ann,13,
air,gnothaichean,13,
mo,bheulaibh,13,
seumas,stiùbhart,13,
dhuibh,tuilleadh,13,
faclan,gàidhlig,13,
seanfhacal,ann,13,
dè,chanas,13,
a-rithist,air,13,
sin,dè,13,
ma,’s,13,
gleann,moireasdan,13,
ann,a-nise,13,
uisge,dè,13,
ʼic,coinnich,13,
bheachd,aig,13,
d’,fhairich,13,
math,faisg,13,
ris,gun,13,
gun,tig,13,
leam,sùil,13,
chois,ann,13,
is,nach,13,
mi,’s,13,
dìreach,gu,13,
mi,a-riamh,13,
gu,furasta,13,
dearbh,àite,13,
air,chaidh,13,
àiteachan,mar,13,
ars’,esan,13,
tighinn,à,13,
bliadhna,seachad,13,
gu,doras,13,
gun,gabh,13,
dòcha,ach,13,
chì,thu,13,
a-mach,’s,13,
mo,nighean,13,
oidhche,roimhe,13,
stoirm,mhòr,13,
dà,chànan,13,
batail,ann,13,
iarraidh,orra,13,
gun,tuirt,13,
mòran,sgìrean,13,
guma,slàn,13,
mòr,le,13,
leòr,’s,13,
fìor,ann,13,
no,eadhon,13,
leigheas,air,13,
ann,san,13,
rachadh,iad,13,
leòr,aige,13,
is,cinnteach,13,
feumail,do,13,
seo,uill,13,
math,làidir,13,
mar,chànan,13,
don,t-seann,13,
mun,leabhar,13,
stòiridh,seo,13,
m’,inntinn,13,
eagal,’s,13,
thoirt,dhi,13,
ann,chuir,13,
is,chaidh,13,
oidhche,ann,13,
mìneachadh,mar,13,
agaibh,’s,13,
mòr,aige,13,
mi,don,13,
cinnteach,mu,13,
“tha,sin,13,
fionn,maccumhail,13,
iain,macilleathain,13,
chanadh,tu,13,
sa,spot,13,
baile,dhubhthaich,13,
creidsinn,gun,13,
seo,rann,13,
loch,ma-ruibhe,13,
arsa,morachan,13,
mionachan,gus,13,
sin,às,13,
beag,ìosal,13,
de,dh’òr,13,
gann,de,13,
dithis,aca,13,
iad,grèim,13,
nan,damh,13,
mgr,pope,13,
loch,fìne,13,
annie,jane,13,
bhios,daoine,12,
ma,bheir,12,
seo,aig,12,
co-dhiù,ann,12,
mo,chuid,12,
eile,far,12,
toir,mi,12,
rudeigin,air,12,
sibh,gur,12,
is,mise,12,
chionn,dà,12,
air,sgrìobhadh,12,
coireach,gu,12,
taigh,ann,12,
uairean,sa,12,
còmhla,airson,12,
fhacal,ann,12,
faclair,gàidhlig,12,
ro,chrìosd,12,
is,cultar,12,
t-seann,bheurla,12,
is,dualchas,12,
nan,dòmhnallach,12,
coiseachd,ann,12,
feumaidh,sibh,12,
siorrachd,inbhir,12,
math,mòr,12,
aca,gu,12,
ach,ghabh,12,
a-rithist,anns,12,
dheireadh,air,12,
ùine,ann,12,
dham,buineadh,12,
dhèanamh,orra,12,
cur,a-mach,12,
mi,do,12,
measg,muinntir,12,
nam,faclan,12,
fhreagair,mi,12,
aideachadh,nach,12,
canadh,iad,12,
sin,thòisich,12,
ann,fad,12,
air,dualchas,12,
phrìosan,ann,12,
air,lusan,12,
seachad,mòran,12,
sinn,eòlach,12,
dha,oir,12,
ris,mar,12,
ainmean,gàidhlig,12,
àiteachan,far,12,
dhuibh,ann,12,
dùn,dè,12,
mhonaidh,ruaidh,12,
uill,gu,12,
mu,ainmean-àite,12,
faca,sibh,12,
dol,fodha,12,
tarraing,air,12,
agaibh,ann,12,
math,thuirt,12,
chaidh,ainm,12,
is,ceithir-deug,12,
sibh,airson,12,
dheth,ach,12,
tilleadh,gu,12,
mu,fhear,12,
dhiùlt,iad,12,
dheth,ann,12,
at,the,12,
daoine,dhen,12,
inntinneach,mar,12,
do,cheannaich,12,
chuir,sinn,12,
uilleam,ros,12,
nam,bàrd,12,
air,airson,12,
ga,aithneachadh,12,
chuireadh,iad,12,
falbh,dhachaigh,12,
chaidh,aithris,12,
cille,ann,12,
sin,faisg,12,
sgeulachd,thraidiseanta,12,
bonnach,beag,12,
rìgh,gu,12,
dh’fheuch,mi,12,
dhomh,gun,12,
à,bàideanach,12,
brèagha,air,12,
dhen,t-samhain,12,
chòir,do,12,
sgìre,aige,12,
uairean,feasgar,12,
rud,iongantach,12,
dèanamh,iomradh,12,
san,latha,12,
do,thog,12,
dheireadh,de,12,
dìreach,dà,12,
bàn,mac,12,
chuir,fear,12,
an-diugh,oir,12,
sin,chuala,12,
air,rathad,12,
air,mhàl,12,
tug,iad,12,
t-àite,far,12,
tighinn,a-mach,12,
dhol,tarsainn,12,
taic,dha,12,
chuimhneachan,air,12,
no,gu,12,
fear,anns,12,
roimhe,’s,12,
chànan,aca,12,
t-àm,ann,12,
sgìre,gu,12,
trom,air,12,
dhèanamh,eadar,12,
cuid,ann,12,
oilthigh,ann,12,
sabaid,ann,12,
iad,deiseil,12,
airson,sabaid,12,
dh’fheuch,iad,12,
bhon,latha,12,
iad,leotha,12,
bhith,cho,12,
air,mac,12,
theàrlaich,òig,12,
beul-aithris,’s,12,
chòrr,dhen,12,
mòr,mar,12,
beag,ris,12,
aimsir,bhiodh,12,
eilean,anns,12,
rathad,eile,12,
chiad,latha,12,
fhàgail,ann,12,
chaidh,buidheann,12,
bheatha,ann,12,
ainmeachadh,ann,12,
sin,buileach,12,
daoine,bochda,12,
ar,sinnsirean,12,
chòir,dhaibh,12,
sin,gus,12,
ann,leis-san,12,
don,taobh,12,
mi,ga,12,
athair,air,12,
air,feasgar,12,
t-suirbhidh,òrdanais,12,
dèanamh,tuairisgeul,12,
ri,mo,12,
iomadach,rud,12,
fhacal,gàidhlig,12,
bliadhna,’s,12,
àm,ach,12,
lus,seo,12,
air,beatha,12,
chèile,airson,12,
mi,iomradh,12,
eadar,ceann,12,
iad,fo,12,
seo,iad,12,
cill,rìmhinn,12,
ach,nan,12,
seanfhacal,eile,12,
’s,math,12,
chaidh,sin,12,
is,esan,12,
leotha,fhèin,12,
dol,timcheall,12,
sin,stad,12,
chluinneas,sibh,12,
mar,gur,12,
gin,de,12,
ars’,ise,12,
dà,àite,12,
abhainn,nis,12,
air,ur,12,
thuirt,mac,12,
gu,cruaidh,12,
cruaidh,air,12,
sibh,uile,12,
beachd,ann,12,
eadhon,nuair,12,
mìltean,de,12,
ann,neo,12,
freagarrach,airson,12,
’s,fheàrr,12,
àiteachan,air,12,
chomharra,air,12,
don,cheann,12,
’s,air,12,
thèid,mi,12,
nì,thu,12,
ann,ge-tà,12,
no,gun,12,
a-rithist,’s,12,
is,iongantach,12,
cuideachd,oir,12,
gu,h-annasach,12,
t-ainm,beurla,12,
math,coltach,12,
tric,ann,12,
pìos,mòr,12,
h-uibhir,de,12,
suas,air,12,
ann,co-dhiù,12,
h-alba,’s,12,
dhen,fhaoilleach,12,
air,costa,12,
air,balla,12,
nach,dèanadh,12,
agam,gu,12,
ràdh,mun,12,
sin,furasta,12,
àite,faisg,12,
seo,thug,12,
airson,biadh,12,
dhà,air,12,
thall,ann,12,
dha,dhol,12,
toir,thu,12,
faodaidh,tu,12,
nam,faigheadh,12,
ille,bhuidhe,12,
aghaidh,air,12,
brèagha,ann,12,
do,dh’fhàs,12,
aca,mar,12,
dhuibh,an-dràsta,12,
bi,iad,12,
orra,is,12,
daoine,sin,12,
creidsinn,ann,12,
aig,fionn,12,
iad,dìreach,12,
cho,coltach,12,
eadar,alba,12,
thu,thuirt,12,
cothrom,aige,12,
gu,dlùth,12,
dlùth,ri,12,
gu,sàbhailte,12,
toirt,ionnsaigh,12,
bu,tràithe,12,
t-uisge,ann,12,
mo,cholmaig,12,
raibeart,brus,12,
is,leth-cheud,12,
cinn,tìre,12,
chunnaic,sinn,12,
nam,poileas,12,
t-eilean,sgitheanach,12,
taigh,nan,12,
the,western,12,
t-seann,sgeulachd,12,
stòiridh,ann,12,
aithnichte,do,12,
dhen,litir,12,
cho,fad,12,
bho,dhaoine,12,
coileach,donn,12,
chaidh,innse,12,
thu,do,12,
àirde,anns,12,
mhadainn,air,12,
cnothan”,“uill,12,
bhuaineas,slat,12,
slat,slat,12,
ghabhas,air,12,
chuir,iain,12,
làimh,chlì,12,
dhen,iuchar,12,
fionn,is,12,
a-mhàin,gun,12,
bu,tu,12,
dùthchasach,do,12,
àird,chlach,12,
nan,con,12,
mòna,duibh,12,
ó,birein,12,
leithid,seo,12,
tu,fhèin,12,
is,caogad,12,
gleann,lìomhann,12,
chù,chulainn,12,
gille,dubh,12,
diluain,dimàirt,12,
neo,ann,11,
’s,toigh,11,
cinnteach,ach,11,
airson,rudeigin,11,
innse,dha,11,
faclan,eile,11,
choimheadas,sibh,11,
nan,ròmanach,11,
còmhla,anns,11,
eileanan,eile,11,
seumasach,ann,11,
sgoil,ann,11,
ann,ʼs,11,
aghaidh,nam,11,
dhen,mhàrt,11,
aig,alba,11,
dà,rann,11,
inbhir,narann,11,
air,gàidhealtachd,11,
ann,bidh,11,
air,aghaidh,11,
sin,ars,11,
tè,eile,11,
thèid,thu,11,
phòs,iad,11,
dàrna,fear,11,
fo,gheasaibh,11,
airson,daoine,11,
is,eile,11,
a-mhàin,ann,11,
ainm,mar,11,
mise,ann,11,
daoine,ri,11,
chur,ris,11,
chuir,alasdair,11,
iongnadh,air,11,
gach,seachdain,11,
toilichte,nuair,11,
air,nochdadh,11,
fhèin,ʼs,11,
cho,ainmeil,11,
gu,astràilia,11,
obair,le,11,
obair,aig,11,
falbh,airson,11,
is,nan,11,
airson,còrr,11,
coireach,ris,11,
annasach,ann,11,
gu,sin,11,
smaoinichibh,air,11,
latha,no,11,
bheil,feadhainn,11,
chleachdadh,mar,11,
ùidh,ann,11,
bliadhna,bidh,11,
còrr,math,11,
uill,feumaidh,11,
feadhainn,agaibh,11,
toirt,a-steach,11,
beurla,aig,11,
mun,deidhinn,11,
the,scottish,11,
abhainn,chluaidh,11,
de,luchd-eachdraidh,11,
airson,tilleadh,11,
rann,dhen,11,
dhen,òran,11,
through,the,11,
ro,dheireadh,11,
do,dh’fhuirich,11,
beachd,air,11,
iain,gu,11,
iongnadh,orm,11,
riamh,roimhe,11,
air,innse,11,
air,b’,11,
dhen,ghearran,11,
ainmeil,anns,11,
turas,air,11,
daoine,aig,11,
dh’fheumadh,iad,11,
thug,air,11,
ris,gum,11,
iad,romhpa,11,
a-rithist,nuair,11,
dha,ionnsaigh,11,
sa,bhaile,11,
math,toilichte,11,
rìgh,ach,11,
sin,o,11,
mharbhadh,le,11,
fìor,gus,11,
as,cumanta,11,
ainm,ach,11,
duine,ri,11,
ri,mèirle,11,
latha,fèill,11,
nas,àirde,11,
feitheamh,ri,11,
eile,is,11,
rithe,ann,11,
mun,turas,11,
faighinn,a-steach,11,
dèanamh,ceangal,11,
iad,leis,11,
chèile,chaidh,11,
doras,mòr,11,
aig,loch,11,
air,bhiodh,11,
don,chladh,11,
eile,agam,11,
agam,mu,11,
tron,choille,11,
fhàg,sinn,11,
blàr,athall,11,
mo,chreach,11,
ghleann,mhòr,11,
à,srath,11,
dèidh,don,11,
riamh,air,11,
ruigeadh,iad,11,
gu,latha,11,
aice,ach,11,
do,làmh,11,
marbh,air,11,
uile,air,11,
don,mhonadh,11,
ach,co-dhiù,11,
dèanamh,ann,11,
thuirt,esan,11,
nis,airson,11,
ghoirid,air,11,
gach,nì,11,
fhios,gum,11,
falbh,aig,11,
ceist,oirbh,11,
air,biadh,11,
dhiubh,gu,11,
nan,cumantan,11,
lochlannach,air,11,
obar,bhrothaig,11,
of,gaelic,11,
sinn,airson,11,
sgrìobhadh,leis,11,
sin,dìreach,11,
buntainn,ri,11,
cianail,fhèin,11,
àm,bhiodh,11,
àite,iomallach,11,
fearg,air,11,
latha,air,11,
dèidh,latha,11,
dhomh,mu,11,
ma,chuireas,11,
gabhail,dragh,11,
cho,sona,11,
loch,of,11,
aige,nuair,11,
aige,thug,11,
ainmeachadh,mar,11,
dà,thaobh,11,
rìoghachd,aonaichte,11,
baile,nan,11,
’s,ged,11,
t-urramach,iain,11,
’ic,shimidh,11,
fhios,gun,11,
òir,air,11,
fhuair,thu,11,
mac,shimidh,11,
chèile,gu,11,
san,leabaidh,11,
dhuinn,mar,11,
eilean,ann,11,
cudromach,ann,11,
leabhar,aig,11,
le,aon,11,
a-mach,leis,11,
gach,fear,11,
dhol,sìos,11,
nan,sasannach,11,
obair,aige,11,
cànanan,eile,11,
beurla,canaidh,11,
sinn,ris,11,
bidh,cuimhn’,11,
agam,ach,11,
gog,gog,11,
seo,do,11,
fada,bho,11,
b’,àirde,11,
dèanamh,fuaim,11,
eilean,sin,11,
oir,thàinig,11,
cheist,sin,11,
do,chlann,11,
h-alba,aig,11,
nas,sine,11,
chiad,phàirt,11,
co-dhiù,ach,11,
fad,às,11,
chuireas,mi,11,
’s,mi,11,
airson,bliadhnaichean,11,
mi,rium,11,
math,ris,11,
aige,’s,11,
dòigh,’s,11,
beinn,eighe,11,
orra,ann,11,
dhen,chriutha,11,
mion-eòlach,air,11,
bhaile,beag,11,
coimeas,eadar,11,
cuireadh,do,11,
bhaile,ann,11,
duine,anns,11,
fìor,cheann,11,
ais,mar,11,
dh’fhaighnich,fear,11,
stòiridh,beag,11,
an-diugh,airson,11,
math,nach,11,
thaghadh,mar,11,
bhliadhna,às,11,
gleann,eilg,11,
dhuibh,aig,11,
eòlach,’s,11,
làmhan,nan,11,
gàidhlig,mar,11,
no,rudeigin,11,
ghàidhlig,anns,11,
cuideachd,’s,11,
dà,fhacal,11,
duine,no,11,
creidsinn,gur,11,
biodh,sin,11,
fhios,gur,11,
ciallachadh,“the,11,
dheireadh,fhuair,11,
gum,faca,11,
costa,siar,11,
cheist,air,11,
fhoillseachadh,le,11,
dè,lorg,11,
is,toigh,11,
uaireigin,ann,11,
naoi-deug,is,11,
àirde,ann,11,
t-seann,ghàidhlig,11,
mòran,aca,11,
inbhir,aora,11,
treas,fear,11,
leabhar,the,11,
dhèanadh,iad,11,
togail,creach,11,
tu,ràdh,11,
talamh,àrd,11,
fheàrr,leibh,11,
sin,de,11,
mi,aon,11,
sin,ged,11,
comunn,gàidhlig,11,
aithris,dhuibh,11,
leabhar,beag,11,
slàn,do,11,
nan,iasgairean,11,
feadhainn,de,11,
gu,deireadh,11,
mar,mhinistear,11,
mu,bheatha,11,
chiad,chànan,11,
choimhead,mi,11,
ainmean-àite,ann,11,
grunn,àiteachan,11,
soitheach,air,11,
ma-thà,thuirt,11,
tè,à,11,
sibh,le,11,
bhiodh,mòran,11,
fada,ri,11,
gu,dona,11,
tràth,san,11,
h-alba,anns,11,
stòiridh,à,11,
tè,as,11,
as,t-sultain,11,
uisge,ann,11,
fear,no,11,
no,tè,11,
as,brèagha,11,
rabhadh,do,11,
dh’fhàg,sinn,11,
daoine,airson,11,
do,thuit,11,
cailleach,nan,11,
taigh,air,11,
don,teaghlach,11,
dol,à,11,
sgìth,dhen,11,
bhleitheas,tuagh,11,
tuagh,tuagh,11,
timcheall,amhaich,11,
ìosal,lapanach,11,
fionn,air,11,
fo,bhuaidh,11,
taigh,aig,11,
ga,dhèanamh,11,
port,rìgh,11,
rìgh,lochlainn,11,
claisneachd,mhath,11,
mu,mar,11,
gàidhlig,eilean,11,
nan,uaislean,11,
nam,bodach,11,
don,uaimh,11,
the,sea,11,
loch,chille,11,
chille,chiarain,11,
coinneach,odhar,11,
iain,moireasdan,11,
cille,choirill,11,
sìth,chailleann,11,
nar,cuimhne,10,
coimhead,a-mach,10,
tighinn,beò,10,
fuasgladh,dhuibh,10,
alasdair,stiùbhart,10,
ach,dà,10,
a-rithist,chaidh,10,
ùine,sin,10,
air,clach,10,
ràdh,ach,10,
eadhon,an-diugh,10,
thuig,mi,10,
eachdraidh,is,10,
dheireadh,aig,10,
goirid,mus,10,
bonn,òir,10,
dreach,beurla,10,
dà,sheòrsa,10,
nighean,air,10,
mo,chridhe,10,
agam,thuirt,10,
triùir,bhràithrean,10,
fhaighinn,ach,10,
fheudar,dhomh,10,
is,làidir,10,
thuirt,mo,10,
“uill,thuirt,10,
saoghal,nan,10,
leam,gun,10,
air,far,10,
brath,air,10,
droch,bhuaidh,10,
air,co-dhiù,10,
leth,inntinneach,10,
chladach,air,10,
obair,gu,10,
coireach,gur,10,
naidheachd,mu,10,
mun,aon,10,
t-ainm,ceart,10,
mo,sheanmhair,10,
bòrd,nan,10,
lusan,is,10,
fhacal,ghàidhlig,10,
biodh,fios,10,
abairt,ann,10,
ceart,air,10,
bheil,allt,10,
mus,tig,10,
bhall,de,10,
le,dòmhnall,10,
ri,bhith,10,
fear,leis,10,
le,muinntir,10,
cànan,fhèin,10,
ghàidhlig,mar,10,
uill,ʼs,10,
h-alba,gu,10,
thogail,le,10,
a-staigh,beagan,10,
san,fhraing,10,
eòlaiche,air,10,
aca,aig,10,
leis,air,10,
gu,sgoil,10,
beinn,nibheis,10,
ainm,ùr,10,
chruthaich,iad,10,
èideann,ach,10,
à,dùn,10,
air,cho,10,
do,sheòl,10,
leòr,aig,10,
gheibh,sinn,10,
nach,cuala,10,
bhon,eilean,10,
sin,chunnaic,10,
air,bho,10,
chuir,às,10,
gu,ceart,10,
thachair,seo,10,
orra,fhèin,10,
ionnsachadh,mu,10,
leth,duine,10,
aig,doras,10,
latha,seo,10,
gu,mo,10,
airson,coinneachadh,10,
dè,thug,10,
dh’fhàg,sin,10,
dhaibh,gun,10,
chaidh,calum,10,
bliadhna,gu,10,
beag,is,10,
air,bith,10,
bhiodh,tu,10,
nan,eun,10,
don,ghille,10,
bhaile,mhòr,10,
co-dhiù,seo,10,
toilichte,leis,10,
aice,fhèin,10,
is,thug,10,
tuiteam,gu,10,
bliadhna,airson,10,
t-àite,as,10,
aig,seumas,10,
bhris,iad,10,
chanar,ann,10,
do,bhris,10,
thug,fear,10,
rugadh,iain,10,
againn,an-diugh,10,
gàidhlig,bidh,10,
seo,eisimpleir,10,
is,truagh,10,
bhiodh,fear,10,
leam,innse,10,
do,rìgh,10,
sin,eadar,10,
de,chlann,10,
do,theich,10,
grunn,bhliadhnaichean,10,
de,dh’fhir,10,
ràdh,ann,10,
cunntas,air,10,
taigh,far,10,
de,chuideam,10,
fèill,brìde,10,
sàillibh,sin,10,
dh’fhàg,mi,10,
aig,cùil,10,
eile,mun,10,
nan,stàitean,10,
alba,far,10,
gun,rachadh,10,
dh’fhàilnich,air,10,
mhàthair,air,10,
don,uisge,10,
airson,cur,10,
bho,air,10,
cron,mòr,10,
uill,thuirt,10,
thoirt,leis,10,
bhratach,shìth,10,
ann,mun,10,
nis,’s,10,
ann,b’,10,
air,blàr,10,
blàr,inbhir,10,
gàidheil,air,10,
còmhla,gu,10,
tu,do,10,
ann,seo,10,
chuireas,tu,10,
cho,furasta,10,
nochdas,anns,10,
teine,mòr,10,
mhothaich,mi,10,
leabhar,ann,10,
toirt,dhuinn,10,
bho,shean,10,
uill,sin,10,
le,gàidhlig,10,
do,chleachd,10,
b’,fhasa,10,
dhuibh,gun,10,
ceangal,làidir,10,
dithis,chloinne,10,
taigh,aca,10,
thug,esan,10,
losgadh,gu,10,
fhathast,aig,10,
mòra,ann,10,
ri,foill,10,
dona,’s,10,
smachd,nan,10,
fileanta,ann,10,
fhuair,sinn,10,
tàinig,iad,10,
iad,seo,10,
air,grunn,10,
chanainn,gum,10,
fheàrr,airson,10,
leòr,anns,10,
stad,iad,10,
doras,mhòr,10,
mu,thachartas,10,
bhruidhinn,ri,10,
air,bruidhinn,10,
dhuibh,air,10,
fear,iain,10,
uisge,mòr,10,
comas,aige,10,
dad,air,10,
athair,iain,10,
thuirt,athair,10,
iain,ann,10,
chunnaic,iain,10,
dà,chù,10,
ma,thig,10,
math,mì-thoilichte,10,
seo,dhuibh,10,
airson,mo,10,
fhear,air,10,
mòr,ris,10,
leabhar,anns,10,
airgead,aige,10,
seo,eisimpleirean,10,
feum,ann,10,
chleachdadh,airson,10,
coimeas,ris,10,
lochlannach,ann,10,
cumail,ann,10,
air,suidheachadh,10,
droch,shlàinte,10,
sgìrean,eile,10,
sibh,a-mach,10,
fhèin,no,10,
à,leabhar,10,
obair,don,10,
ach,mo,10,
fhichead,bliadhna,10,
gu,talamh,10,
iad,sìos,10,
adhart,gu,10,
nam,marbh,10,
air,ceud,10,
à,siorrachd,10,
nochdas,ann,10,
fhaclair,aige,10,
chill,rìmhinn,10,
seach,fear,10,
dhen,airgead,10,
ghàidhlig,aige,10,
dhomh,ach,10,
ràdh,sin,10,
alba,mar,10,
math,sin,10,
sgioba,de,10,
de,thrì,10,
cuid,aca,10,
gach,là,10,
rèir,cuid,10,
no,co-dhiù,10,
beagan,de,10,
airson,ithe,10,
seachad,don,10,
ri,teicheadh,10,
dhachaigh,chaidh,10,
falach,air,10,
eile,thuirt,10,
cho,beag,10,
suas,is,10,
iad,cuideachd,10,
mun,t-suidheachadh,10,
tu,air,10,
is,caoraich,10,
nach,math,10,
sin,mo,10,
chlann,dòmhnaill,10,
gheur,air,10,
riutha,ann,10,
cho,fuar,10,
thar,nan,10,
mòran,rudan,10,
leis,cho,10,
alba,’s,10,
dh’iarr,mi,10,
co-ionann,ris,10,
thu,’s,10,
air,mu,10,
daoine,mar,10,
h-uile,gin,10,
nan,eileanach,10,
uill,air,10,
gheibheadh,iad,10,
iad,mòran,10,
iad,fear,10,
don,mhòr-shluagh,10,
bhreatainn,ann,10,
aithris,gu,10,
fhichead,’s,10,
thug,buaidh,10,
orra,air,10,
taigh,aice,10,
chluinntinn,mu,10,
tuigsinn,gu,10,
taing,do,10,
ro,mhath,10,
fada,air,10,
rugadh,ann,10,
bàrd,ainmeil,10,
chiad,shealladh,10,
“is,mise,10,
muinntir,inbhir,10,
cron,sam,10,
ach,is,10,
leòr,do,10,
hù,ga,10,
fhir,eile,10,
àite,le,10,
bhon,taobh,10,
airson,aon,10,
ceart,ach,10,
math,do,10,
àm,ann,10,
uisdean,friseal,10,
dheidhinn,anns,10,
leth,brèagha,10,
nan,gobhar,10,
iad,a-muigh,10,
chur,anns,10,
bheinn,as,10,
gabhail,àite,10,
ciallachadh,ann,10,
the,big,10,
creag,nam,10,
hill,of,10,
dh’èirich,stoirm,10,
fheudar,dhaibh,10,
daoine,à,10,
toilichte,gun,10,
cò,air,10,
sgeulachd,seo,10,
nàdarrach,ann,10,
orra,’s,10,
is,mòr,10,
dol,eadar,10,
sir,iain,10,
ann,eatarra,10,
chùis,orra,10,
dè,thachras,10,
as,aonais,10,
do,dh’fheuch,10,
seann,sgeulachdan,10,
mhòr,le,10,
beul-aithris,ann,10,
ainm,lochlannach,10,
alasdair,buidhe,10,
thachair,dhi,10,
aig,allt,10,
leam,ur,10,
gu,m’,10,
mo,mhac-s’,10,
fionn,mac,10,
mac,cumhail,10,
fhuair,fionn,10,
bàs,air,10,
chèile,’s,10,
dàrna,linn,10,
dhaoine,ann,10,
air,muir,10,
ma,thà,10,
tuath,’s,10,
airson,adhbhar,10,
tron,latha,10,
dhèanamh,leis,10,
aig,àmannan,10,
fuaim,mòr,10,
do,rinneadh,10,
seumas,iv,10,
cuideigin,eile,10,
fhacal,sin,10,
chèile,mu,10,
ràinig,sinn,10,
bhiodh,air,10,
dhen,dùbhlachd,10,
aontachadh,ris,10,
macbhàtair,dhen,10,
h-ainmean,sin,10,
coimeas,ri,10,
ri,stad,10,
ro,thoilichte,10,
gin,dhiubh,10,
iad,nuair,10,
chaidh,aontachadh,10,
dusan,bliadhna,10,
alba,anns,10,
eaglais,shaoir,10,
cùisean,air,10,
dè,chunnaic,10,
bheaga,dhubha,10,
sear,rois,10,
tuath,ann,10,
beurla,is,10,
iain,ros,10,
mhòr-chuid,de,10,
airson,faicinn,10,
don,doras,10,
bà,bhreaca,10,
gàidhealtachd,ach,10,
air,leabhar,10,
beò,fhathast,10,
fhèin,cho,10,
mi”,chaidh,10,
fhliuchas,clach,10,
clach,clach,10,
cinn,tàile,10,
’ic,iain,10,
falbh,thuirt,10,
bheil,cuimhne,10,
à,èirinn,10,
suas,don,10,
cho,eòlach,10,
gàidhealach,air,10,
fheadhainn,ann,10,
fo,chasaid,10,
air,sàilleabh,10,
sgrìobhadh,anns,10,
is,beurla,10,
do,dhia,10,
air,air,10,
sinn,fhathast,10,
balaich,bheaga,10,
air,amhaich,10,
t-acras,air,10,
inbhir,èireann,10,
beagan,dhen,10,
arsa,fionn,10,
oscar,is,10,
is,laoghaire,10,
gleann,sìdh,10,
meadhan,ameireagaidh,10,
mhòir,ann,10,
seann,taigh,10,
aig,fearchar,10,
don,teine,10,
rob,donn,10,
taigh,ùr,10,
lurga,luath,10,
caisteal,bhrathainn,10,
tòmas,garnett,10,
cè,tormod,10,
dòmhnall,maccaluim,10,
bhodaich,bhig,10,
buidseach,glas,10,
gabhaibh,mo,9,
brèagha,’s,9,
ghàidhealtachd,anns,9,
sneachd,air,9,
bi,mòran,9,
tèid,mi,9,
a-mach,aig,9,
chòrd,rium,9,
ann,ged,9,
mòran,ghàidheal,9,
seòrsa,rud,9,
eile,leithid,9,
nan,laighe,9,
uill,leis,9,
agam,airson,9,
mìle,ann,9,
far,cladach,9,
ghoirid,ann,9,
toiseach,nan,9,
eile,san,9,
ghluais,iad,9,
do,dh’uibhist,9,
air,the,9,
dòcha,anns,9,
air,chuir,9,
sheòrsa,eile,9,
le,clann,9,
do,mhòran,9,
àite,sònraichte,9,
nach,fhaic,9,
mi,iad,9,
iad,thuirt,9,
fhèin,chaidh,9,
air,beul,9,
stòiridh,gu,9,
fhèin,thuirt,9,
bi,thu,9,
eile,leis,9,
duine,nach,9,
sgìre,ann,9,
sin,thathar,9,
rud,sin,9,
toiseach,ach,9,
de,lusan,9,
co-dhiù,ma,9,
air,làrach,9,
alasdair,macillemhìcheil,9,
gàidhealach,ann,9,
dà,leabhar,9,
muinntir,nan,9,
dèanadh,iad,9,
ainmeachadh,anns,9,
de,sgoilearan,9,
sin,sgrìobh,9,
an-diugh,ʼs,9,
luath,gu,9,
fhaicinn,air,9,
luaidh,air,9,
uair,ann,9,
dhiubh,ach,9,
iad,math,9,
esan,ann,9,
do,ghoid,9,
chun,nan,9,
seo,ceist,9,
dualchas,gàidhlig,9,
droch,chliù,9,
druim,uachdair,9,
buntainn,ris,9,
seann,fhacal,9,
chluinneas,sinn,9,
aig,dwelly,9,
leòr,nach,9,
mi,oirbh,9,
idir,air,9,
ràdh,ri,9,
dh’fhios,agam,9,
facal,airson,9,
saighdear,air,9,
roimhe,ann,9,
de,ghàidhlig,9,
duine,à,9,
mu,cheud,9,
thoirt,a-steach,9,
cùisean,gu,9,
seachad,chaidh,9,
de,gach,9,
ro,throm,9,
ceud,mìle,9,
south,georgia,9,
fa-near,dha,9,
cheannaich,iad,9,
iad,ainm,9,
gu,h-oifigeil,9,
h-àiteachan,sin,9,
adhart,le,9,
dol,leis,9,
èideann,ann,9,
don,chuan,9,
sgrìobhadh,mu,9,
soitheach,eile,9,
air,druim,9,
bòrd,soitheach,9,
ri,càch,9,
cuala,mi,9,
eilean,siar,9,
sinn,uile,9,
co-cheangal,ri,9,
aimsir,nuair,9,
nan,leòdach,9,
innse,dhaibh,9,
air,stad,9,
diofar,bheachdan,9,
mòran,an-diugh,9,
air,port,9,
gàidheil,ann,9,
eile,cuideachd,9,
ge-tà,nach,9,
taighean,aca,9,
dàrna,cuid,9,
còmhla,mar,9,
dèidh,beagan,9,
dearbh,àm,9,
b’,ainm,9,
airson,grunn,9,
deireadh,nan,9,
air,deireadh,9,
bliadhna,chaidh,9,
dhomh,nach,9,
do,dh’inns,9,
airgid,air,9,
eile,à,9,
iad,car,9,
chionn,ʼs,9,
seumas,mac,9,
latha,ann,9,
airson,èisteachd,9,
iad,lorg,9,
t-siathamh,latha,9,
dà,uair,9,
eadar-dhealaichte,air,9,
co-dhiù,sin,9,
seo,a-nise,9,
baile,air,9,
biodh,muinntir,9,
gun,toir,9,
seo,oir,9,
sin,bu,9,
nam,fear,9,
brèagha,le,9,
le,dà,9,
dol,bho,9,
tarsainn,loch,9,
ainm,car,9,
ùine,air,9,
urra,ri,9,
dàn,ainmeil,9,
sa,choille,9,
gu,sàbhailteachd,9,
dhen,lùnastal,9,
dhuibh,cò,9,
thighinn,gu,9,
uabhasach,dèidheil,9,
idir,cho,9,
fhaigheadh,iad,9,
riamh,mu,9,
dithis,mhac,9,
pailt,air,9,
air,lus,9,
rudeigin,ceàrr,9,
alasdair,dubh,9,
cho,trom,9,
orra,aig,9,
esan,dhen,9,
do,dh’iarr,9,
gu,o,9,
droch,staid,9,
math,cumhachdach,9,
dèidh,chrìosda,9,
innse,mu,9,
mu,thuras,9,
cuirm,mhòr,9,
airson,cobhair,9,
don,t-seòmar,9,
cunnart,ann,9,
an-diugh,le,9,
òg,ann,9,
shìde,ann,9,
nan,aghaidh,9,
esan,dòmhnall,9,
chur,fo,9,
dealbh,de,9,
beò,fada,9,
le,airgead,9,
nach,till,9,
de,shliochd,9,
nan,ceilteach,9,
dhomh,thuirt,9,
greis,ann,9,
don,bhoireannach,9,
mi,lorg,9,
de,leabhar,9,
leabhar,le,9,
dàn,seo,9,
astar,mòr,9,
comunn,gàidhealach,9,
gàidheil,is,9,
eilean,mhàrtainn,9,
mus,fhalbh,9,
fhalbh,mi,9,
thug,sin,9,
bail’,ùr,9,
cuid,cloinne,9,
mhòr,ach,9,
aca,nuair,9,
le,craobhan,9,
thogail,às,9,
sin,nam,9,
is,ann,9,
ach,chanainn,9,
dhan,do,9,
sibh,ga,9,
duine,às,9,
eisimpleir,’s,9,
treas,latha,9,
dol,tro,9,
air,dè,9,
‘is,mise,9,
aca,’s,9,
rinn,iain,9,
thu,dhomh,9,
clach,bheag,9,
dha,mu,9,
seo,bidh,9,
ann,thug,9,
fhìn,air,9,
airson,cho,9,
tug,mi,9,
dhuibh,’s,9,
highlands,and,9,
creidsinn,gu,9,
cuimhn’,agam,9,
fhathast,nuair,9,
fo,stiùir,9,
fhaide,tuath,9,
gum,falbhadh,9,
leargaidh,ghallta,9,
alasdair,iii,9,
beurla,anns,9,
gàidhealtachd,ann,9,
t-airgead,air,9,
chuairt,air,9,
aca,fhathast,9,
beag,a-mach,9,
ceart,ann,9,
creidsinn,gum,9,
a-mach,anns,9,
ùr,dha,9,
daoine,eòlach,9,
do,dh’aidich,9,
uill,chaidh,9,
dhà,no,9,
air,drochaid,9,
nan,ceudan,9,
mac,aig,9,
sin,latha,9,
a-rithist,mar,9,
airson,leigeil,9,
clò,ann,9,
duine,le,9,
ʼan,mhòir,9,
sealltainn,gu,9,
nan,àbhaist,9,
air,èiginn,9,
air,rud,9,
air,èirigh,9,
dhachaigh,gu,9,
seann,eaglais,9,
inntinneach,dhomh,9,
chaidh,gu,9,
ionnsaigh,orra,9,
orra,le,9,
dùghall,bochanan,9,
a-nise,gu,9,
cho,measail,9,
is,mìle,9,
iain,stiùbhart,9,
gàidheil,albannach,9,
chuid,foghlaim,9,
mhuir,air,9,
bruidhinn,gu,9,
as,coltaiche,9,
leithid,sin,9,
deagh,adhbhar,9,
airson,sealg,9,
thrì,cheud,9,
mu,naomh,9,
seo,bu,9,
aithris,anns,9,
ann,fhuair,9,
leam,fhìn,9,
from,the,9,
ga,h-ionnsaigh,9,
faisg,oirre,9,
de,sgìrean,9,
do,chàch,9,
ruairidh,macilleathain,9,
ge-tà,gun,9,
math,bochd,9,
ann,riamh,9,
air,ruairidh,9,
coireach,airson,9,
còmhradh,ri,9,
chur,oirre,9,
de,bheatha,9,
ceud,’s,9,
nochd,iad,9,
ga,chur,9,
le,alasdair,9,
cur,ri,9,
cheannaich,mi,9,
air,làrach-lìn,9,
oilthigh,ghlaschu,9,
beò,’s,9,
le,faclan,9,
thu,mi,9,
’s,tu,9,
às,gach,9,
gach,àite,9,
seann,leabhar,9,
air,rudan,9,
teagamh,nach,9,
leigeil,ma,9,
coma,mu,9,
fhaide,air,9,
èireannach,ann,9,
bhon,uairsin,9,
riaghaltas,ann,9,
cuid,anns,9,
seachad,anns,9,
bhean,air,9,
beanntan,sin,9,
stèidheachadh,ann,9,
rudeigin,coltach,9,
iomadh,turas,9,
beag,gu,9,
sheasamh,air,9,
gin,aca,9,
aon,fhacal,9,
fear,le,9,
rìgh,deòrsa,9,
air,dhol,9,
arm,ann,9,
ris,nuair,9,
chaidh,dh’innis,9,
màiri,mhòr,9,
mhòr,nan,9,
mòran,agaibh,9,
do,dh’atharraich,9,
urramach,iain,9,
do,dhòmhnall,9,
math,ann,9,
bhàrdachd,ghàidhlig,9,
airson,bliadhna,9,
mus,tàinig,9,
saighdearan,gàidhealach,9,
feadhainn,à,9,
mar,dhuais,9,
cleachdadh,ann,9,
a-riamh,ann,9,
dhuibh,uile,9,
gabh,sibh,9,
sibh,mo,9,
thagh,mi,9,
rann,a-rithist,9,
nis,anns,9,
nis,is,9,
ro,làimh,9,
no,mach,9,
air,beanntan,9,
mar,àite,9,
is,gum,9,
eadar-theangachadh,mar,9,
sin,uile,9,
dheireadh,thuirt,9,
aige,aig,9,
cho,cinnteach,9,
sgeulachd,mu,9,
mu,thimcheall,9,
dhaoine,mar,9,
ar,cànan,9,
dhen,fhearann,9,
dha,anns,9,
air,map,9,
bhith,beò,9,
chruinneachadh,ann,9,
rud,mu,9,
tuilleadh,dhuibh,9,
ainmean-àite,air,9,
eilean,seo,9,
chànan,nan,9,
ràinig,mi,9,
air,pàipear,9,
à,sasainn,9,
naoi-deug,’s,9,
a-chaoidh,tuilleadh,9,
le,pìos,9,
air,tràigh,9,
earrann,eile,9,
facal,sin,9,
làidir,anns,9,
de,bhiadh,9,
gleann,afraig,9,
sgeulachdan,is,9,
bhliadhna,nuair,9,
ghoirid,mu,9,
mus,bi,9,
uabhasach,coltach,9,
gach,oidhche,9,
neach,eile,9,
agam,ann,9,
tuath,ach,9,
eilean,’s,9,
le,beannachd,9,
math,dha,9,
fad,’s,9,
agaibh,a-nise,9,
ri,tè,9,
baile,inbhir,9,
cuideachd,le,9,
air,tom,9,
aithreachas,airson,9,
mun,dòigh,9,
bheil,the,9,
tè,ann,9,
dàrna,bean,9,
ùine,seachad,9,
gàidheal,air,9,
deach,mi,9,
adhbhar,air,9,
latha,ach,9,
gum,faodadh,9,
dhreuchd,mar,9,
slighe,taobh,9,
mar,chiad,9,
do,dh’fhear,9,
air,srath,9,
bruach,loch,9,
deach,cùisean,9,
gun,tèid,9,
lus,beag,9,
mac,dhòmhnaill,9,
no,ma,9,
bhon,chladach,9,
no,anns,9,
will,never,9,
nuadh,ann,9,
choireach,ri,9,
choisich,iad,9,
dàrna,cogadh,9,
is,gàidhlig,9,
uill,innsidh,9,
orra,mar,9,
leithid,air,9,
feadh,alba,9,
dh’obar,dheathain,9,
is,mi,9,
iad,dha,9,
don,ghnothach,9,
dhìth,orra,9,
’s,a-bhos,9,
seanfhacal,sin,9,
uile,eòlach,9,
inntinneach,gun,9,
lorg,anns,9,
fianais,ann,9,
iain,friseal,9,
nan,ceann,9,
iain,macdhòmhnaill,9,
ciallachadh,uill,9,
ri,ithe,9,
“tha,iad,9,
chumantas,eadar,9,
dè,thuirt,9,
iad,fada,9,
dhachaigh,nuair,9,
mi,dealbh,9,
leigeil,a-steach,9,
shnàmhas,uisge,9,
uisge,uisge,9,
dachaigh,ann,9,
dhòmhnaill,’ic,9,
air,gàidhlig,9,
de,dh’uisge,9,
dh’iarr,fionn,9,
cho,àrd,9,
bheannachd,air,9,
air,leis,9,
bhreatainn,bheag,9,
ro,bheag,9,
nam,muc,9,
sin,fad,9,
aige,ris,9,
cuimhne,aig,9,
nas,luaithe,9,
rud,inntinneach,9,
as,fhaisge,9,
cho,cruaidh,9,
’ic,ailein,9,
chòigeamh,latha,9,
eisimpleir,eile,9,
tu,’n,9,
fhìn,is,9,
air,madainn,9,
òg,air,9,
ma,dh’fhaodte,9,
cànan,ceilteach,9,
sa,chuimrigh,9,
airson,latha,9,
balla,antonine,9,
nighean,rìgh,9,
latha,nuair,9,
gollaidh,nan,9,
fuireach,cuide,9,
thuirt,mgr,9,
tòn,chruaidh,9,
rathad,fada,9,
air,cladaichean,9,
leitir,fura,9,
fear,dorch,9,
thuirt,cailean,9,
bliadhna,nan,9,
nan,iasg,9,
‘glè,mhath,9,
a-mach,mar,8,
ach,faodaidh,8,
gu,mi-fhortanach,8,
eadhon,anns,8,
mhath,mar,8,
a-rèir,choltais,8,
le,gàire,8,
chunnaic,fear,8,
dh’fhaodadh,sin,8,
urrainn,dhuibh,8,
fhathast,gun,8,
don,toll,8,
toll,anns,8,
iad,an-diugh,8,
seann,chladh,8,
fhathast,’s,8,
ris,anns,8,
fada,ann,8,
gun,can,8,
bheurla,mar,8,
an-diugh,anns,8,
mhìltean,air,8,
no,eilean,8,
loch,anns,8,
sin,uaireigin,8,
ach,thog,8,
sgìth,de,8,
taighean,anns,8,
gnothach,air,8,
mhath,aig,8,
ghille,òg,8,
do,bhuannaich,8,
òrain,ghàidhlig,8,
taigh,nam,8,
gille,aige,8,
no,dè,8,
càil,eile,8,
ach,do,8,
air,coin,8,
eile,ri,8,
t-seòrsa,seo,8,
bliadhna,no,8,
mi,dhachaigh,8,
a-staigh,ach,8,
agad,fhèin,8,
bheir,mise,8,
dòigh,ann,8,
gaol,air,8,
faclan,seo,8,
tiodhlacadh,ann,8,
iad,aon,8,
gàidhealtachd,’s,8,
nach,eilear,8,
iongnadh,oirbh,8,
air,nàdar,8,
sin,ghabh,8,
iadsan,air,8,
cànan,aca,8,
sin,lean,8,
rannsachaidh,air,8,
de,sgeulachdan,8,
inntinneach,gu,8,
co-dhiù,chuir,8,
dhen,chiad,8,
bhith,nam,8,
àite,seo,8,
latha,samhraidh,8,
boireannach,air,8,
chuain,siar,8,
òir,ann,8,
airgid,ann,8,
breatainn,is,8,
gu,dùthaich,8,
gabh,thu,8,
soirbheachail,ann,8,
ceist,dhuibh,8,
leth,de,8,
faighinn,gu,8,
ceist,eile,8,
beag,bìodach,8,
h-oidhche,ann,8,
as,the,8,
the,west,8,
chomunn,gàidhlig,8,
aca,nach,8,
aon,ràmh,8,
’n,dùil,8,
cinnteach,co-dhiù,8,
shùil,air,8,
rinn,sin,8,
thachair,air,8,
bi,feadhainn,8,
airson,obair,8,
dh’atharraich,iad,8,
uilleam,mac,8,
ʼs,gum,8,
nam,mucan-mara,8,
iad,taic,8,
àite,airson,8,
taobh,dhen,8,
airson,cumail,8,
an-diugh,ma,8,
sin,seo,8,
ri,muinntir,8,
ris,air,8,
d’,rugadh,8,
seachad,bliadhnaichean,8,
an-diugh,is,8,
chionn,ceud,8,
mar,leigheas,8,
fhaighinn,bho,8,
dom,b’,8,
thuirt,calum,8,
dhaibh,ann,8,
ro,fhaisg,8,
le,aois,8,
cheann,air,8,
agad,gu,8,
ach,mise,8,
ceann,beagan,8,
air,nighean,8,
mi,guth,8,
ri,buidheann,8,
gun,rabhadh,8,
measail,orra,8,
còmhla,aig,8,
feum,air,8,
againn,fhìn,8,
chaidh,seumas,8,
mu,sgaoil,8,
seach,air,8,
nan,granndach,8,
iad,ionnsaigh,8,
aon,fhear,8,
losgadh,air,8,
thàinig,latha,8,
aig,donnchadh,8,
dreuchd,mar,8,
leòr,dhen,8,
dà,bhaile,8,
tè,às,8,
it,is,8,
tè,air,8,
chionn,fhad,8,
creach,air,8,
gan,cumail,8,
iad,biadh,8,
ainmeil,an-diugh,8,
math,brèagha,8,
timcheall,loch,8,
dragh,sam,8,
duine,chaidh,8,
t-seann,eaglais,8,
dheireadh,chuir,8,
ri,obair,8,
bi,falbh,8,
sgrìobh,iain,8,
choinnich,iad,8,
mo,chunntas,8,
de,dh’fhiodh,8,
lodair,air,8,
bliadhna,theàrlaich,8,
eucoltach,ri,8,
tòimhseachan,dhuibh,8,
còrdadh,rium,8,
ann,tuilleadh,8,
thigeadh,iad,8,
dèanamh,rannsachadh,8,
rim,faicinn,8,
rudeigin,thuirt,8,
cur,is,8,
is,cathadh,8,
leantainn,orra,8,
iad,teine,8,
fhèin,thàinig,8,
loisg,iad,8,
thachair,iad,8,
gàidhlig,aca,8,
agaibh,anns,8,
fhèin,b’,8,
innte,ach,8,
dhèanamh,oirre,8,
do,mo,8,
cho,cudromach,8,
lèir,ann,8,
nan,sìthichean,8,
chèile,aig,8,
dha,nach,8,
ceann-cinnidh,clann,8,
taobh,nan,8,
rathad,ach,8,
till,thu,8,
nan,tonn,8,
àm,’s,8,
cluinntinn,mu,8,
innse,don,8,
gun,cuir,8,
“’s,ann,8,
do,dh’innis,8,
dol,anns,8,
thoirt,à,8,
clò,anns,8,
gàidhlig,le,8,
tuilleadh,air,8,
searmonachadh,ann,8,
stobadh,a-mach,8,
fìor,sheann,8,
gan,toirt,8,
ceangal,sam,8,
làidir,air,8,
bhiodh,duine,8,
chuid,air,8,
fear,sin,8,
tuigsinn,gun,8,
gun,fheum,8,
seachad,ach,8,
dèanamh,le,8,
mi-fhìn,is,8,
dachaigh,aige,8,
fhaighinn,ann,8,
cànan,is,8,
ri,fhaighinn,8,
ghàidhealtachd,’s,8,
turas,ann,8,
nan,gleann,8,
fàs,nas,8,
agaibh,rann,8,
nan,saighdearan,8,
taiceil,don,8,
iain,gun,8,
mar,cheannard,8,
fhèin,le,8,
ann,leamsa,8,
chùis,gu,8,
mo,bheatha,8,
toirt,buaidh,8,
seo,airson,8,
iar,air,8,
airson,dearbhadh,8,
solas,air,8,
aon,sgìre,8,
iad,beò,8,
airson,iasgach,8,
aige,mun,8,
cluich,le,8,
chiad,tè,8,
eòlach,oirre,8,
eòlach,orra,8,
blàr,allt,8,
air,gnothach,8,
dà,dhùthaich,8,
no,baile,8,
nan,caimbeulach,8,
math,gàidhealach,8,
gàidhealach,ach,8,
don,uaigh,8,
nan,tigeadh,8,
lus,air,8,
gobha,ruadh,8,
thuirt,dòmhnall,8,
lorg,ach,8,
feuch,faighinn,8,
aige,rinn,8,
rinn,fear,8,
is,do,8,
uill,dh’fhaodadh,8,
falbh,chaidh,8,
mì-fhortanach,dha,8,
treas,cuid,8,
do,dhìochuimhnich,8,
faclan,mar,8,
is,bidh,8,
toirt,spèis,8,
sin,rud,8,
uilleam,uallas,8,
aonghas,maccoinnich,8,
riaraichte,le,8,
dhen,dùthaich,8,
sabaid,air,8,
sabaid,mhòr,8,
t-uabhas,de,8,
mu,seach,8,
teine,ris,8,
de,dh’uaislean,8,
leigeadh,iad,8,
mìle,saighdear,8,
ge-tà,oir,8,
feargach,mu,8,
t-oll,urr,8,
stiùbhart,ann,8,
chòir,don,8,
fear,seach,8,
air,dha,8,
roimhe,air,8,
cainnt,nan,8,
a-rithist,airson,8,
sin,mus,8,
canaidh,cuid,8,
mi,aithris,8,
riamh,ann,8,
cho,cumanta,8,
sibh,mu,8,
ar,sinnsearan,8,
dùthaich,aige,8,
orra,nuair,8,
air,caisteal,8,
dubh,mac,8,
iad,loch,8,
nan,creag,8,
beinn,air,8,
do,dh’fhuiling,8,
taigh,agam,8,
gar,toirt,8,
mu,cho,8,
fo,bhlàth,8,
annta,ach,8,
sasainn,’s,8,
tè,aig,8,
rann,eile,8,
mhotha,aca,8,
agad,dh’fhaighnich,8,
nam,bailtean,8,
gu,h-eachdraidheil,8,
ruigidh,each,8,
uill,ma,8,
do,bhean,8,
seachad,oidhche,8,
biodh,tu,8,
d’,athair,8,
sin,riamh,8,
innse,mar,8,
tuiteam,às,8,
fhear,òg,8,
tachairt,ann,8,
iad,coltach,8,
chaidh,mo,8,
beagan,sheachdainean,8,
gheibh,iad,8,
bho,chionn,8,
iain,major,8,
leth,dhen,8,
sean,’s,8,
dheth,gum,8,
h-àraidh,leis,8,
ùr,aig,8,
cuimhneachadh,gu,8,
sin,carson,8,
nach,cuir,8,
fios,nach,8,
tuig,thu,8,
math,gun,8,
gun,tuig,8,
dh’fhaodadh,sibh,8,
air,bilean,8,
carson,is,8,
bhios,feumail,8,
ann,dha,8,
air,fhathast,8,
crodh,is,8,
sluagh,ann,8,
mi,dheth,8,
sin,buaidh,8,
falbh,còmhla,8,
cuideachd,anns,8,
gu,poblach,8,
sgitheanach,’s,8,
is,gnothaichean,8,
thàinig,bho,8,
airson,mionaid,8,
gan,ithe,8,
dithis,de,8,
uair,no,8,
dhachaigh,bhon,8,
ghearradh,dheth,8,
dìleab,mhòr,8,
bhall,pàrlamaid,8,
dòcha,air,8,
do,dh’arm,8,
falbh,às,8,
sgrìobhte,ann,8,
field,of,8,
the,little,8,
litir,anns,8,
ciallachadh,mar,8,
tuilleadh,ach,8,
leig,sinn,8,
eile,nach,8,
sgìre,far,8,
talamh,ann,8,
chluinneas,tu,8,
do,bhuin,8,
ach,fhad,8,
feadh,nan,8,
pìos,pàipeir,8,
de,bheanntan,8,
cheann,loch,8,
àite,math,8,
ball,pàrlamaid,8,
oidhche,challainn,8,
san,do,8,
chèile,mar,8,
fhios,againn,8,
chuimhneachadh,fhathast,8,
ceud,not,8,
ceann,thall,8,
dhèanadh,sin,8,
fheadhainn,air,8,
blas,math,8,
sibh,dè,8,
faisg,gu,8,
fàilte,air,8,
dhi,ach,8,
a-muigh,no,8,
sin,nas,8,
dùthaich,seo,8,
ge-tà,gu,8,
à,sgìre,8,
bi,daoine,8,
rudan,air,8,
sin,co-cheangailte,8,
“tha,gu,8,
sheòrsa,air,8,
teagamh,ach,8,
nam,mèirleach,8,
chuid,obrach,8,
mionaid,no,8,
tu,gu,8,
aig,mo,8,
cò,ach,8,
air,fhoillseachadh,8,
dhuibh,de,8,
goirid,as,8,
seann,chleachdadh,8,
is,cho,8,
airson,fuireach,8,
facal,ann,8,
nan,tràillean,8,
air,buaidh,8,
nach,gabhadh,8,
ille,riabhaich,8,
ga,ionnsaigh,8,
ris,’s,8,
bho,chànan,8,
ri,thaobh,8,
allt,nan,8,
dhaibh,gu,8,
gaidheil,air,8,
coille,mhòr,8,
airson,ur,8,
taiceil,do,8,
mheud,duine,8,
de,shluagh,8,
leabhar,seo,8,
is,òrain,8,
dhol,thairis,8,
dheidhinn,fear,8,
can,sinn,8,
tè,òg,8,
bhiodh,aca,8,
siorrachd,obair,8,
mu,dhualchas,8,
eachdraidh,nan,8,
air,leathad,8,
faigh,sibh,8,
obrachadh,a-mach,8,
chionn,ceala-deug,8,
tàinig,sin,8,
airson,còraichean,8,
tòmas,telford,8,
cùisean,cho,8,
gluasad,air,8,
dearg,air,8,
beachd,aig,8,
mòr,sam,8,
iomadh,fear,8,
mi,dhen,8,
linn,ro,8,
air,boireannach,8,
ceòl,is,8,
h-uile,là,8,
à,barraigh,8,
le,mo,8,
faicinn,gu,8,
sin,ainm,8,
radio,nan,8,
nan,àiteachan,8,
ainm,bho,8,
gu,h-inntinneach,8,
air,cill,8,
cho-dhùin,iad,8,
beag,brèagha,8,
clach,air,8,
mo,cheann,8,
’s,mo,8,
fhaicinn,ann,8,
loch,lìobhann,8,
nas,coltaiche,8,
fearann,dha,8,
gun,dàil,8,
àm,ri,8,
mi,fhathast,8,
“bha,mi,8,
à,dùthaich,8,
’ic,leòid,8,
seo,dh’fhaighnich,8,
ach,tro,8,
is,sìos,8,
deagh,theans,8,
theans,ann,8,
gabhail,fois,8,
dol,do,8,
ge-tà,’s,8,
cuideachd,nuair,8,
agam,gur,8,
dhen,ghiblean,8,
dhaoine,eile,8,
niall,macleòid,8,
bharrachd,ann,8,
gu,buil,8,
chur,roimhe,8,
chuir,thu,8,
as,làidire,8,
ceudan,de,8,
aon,ainm,8,
à,port,8,
ann,seach,8,
the,seven,8,
iad,sa,8,
fhoillseachadh,o,8,
loch,is,8,
toirt,rabhadh,8,
ma,nì,8,
eile,às,8,
aige,cuideachd,8,
do,ghàidheil,8,
thachair,dhaibh,8,
gu,tìr-mòr,8,
ceann,air,8,
ach,bheir,8,
dhen,dàn,8,
mi,leas,8,
san,sgoil,8,
airson,àite,8,
cille,air,8,
naomh,ciaran,8,
dheth,air,8,
chinn,tìre,8,
sin,arsa,8,
dhol,fada,8,
rèir,nan,8,
againn,gun,8,
“o,gu,8,
riochdachadh,anns,8,
de,dh’uachdarain,8,
taghadh,nàiseanta,8,
bàrdachd,ghàidhlig,8,
don,fhacal,8,
dhen,ògmhios,8,
bàs,ach,8,
“cuiridh,mi,8,
tomhas,air,8,
names,of,8,
ath-sheachdain,nuair,8,
làidir,’s,8,
san,t-seann,8,
gun,chomas,8,
thàinig,leabhar,8,
ruitheas,fiadh,8,
fiadh,fiadh,8,
“nì,mi,8,
stòiridh,sin,8,
bodach,air,8,
don,bhùth,8,
fìor,’s,8,
suas,ann,8,
èirig,fhinn,8,
ri,fionn,8,
cuid,aodaich,8,
eadar-dhealaichte,bhon,8,
abairt,seo,8,
coinneach,air,8,
beagan,ùine,8,
aon,tè,8,
fhearann,aige,8,
a-steach,ann,8,
choltais,’s,8,
fhuair,tormod,8,
ruige,alba,8,
tharraing,iad,8,
bhon,rìgh,8,
bhiodh,esan,8,
daoine,a-mach,8,
taigh,airson,8,
air,tùs,8,
by,the,8,
pàigheadh,airson,8,
feitheamh,chun,8,
liosta,de,8,
cur,nan,8,
leòr,thuirt,8,
ainmean,ann,8,
thuirt,raghnall,8,
làimh,ach,8,
bhreatainn,bhig,8,
air,deirdre,8,
rìgh,uladh,8,
clann,uisne,8,
tron,toll,8,
dha,do,8,
h-uile,latha,8,
faighinn,bàs,8,
uisge,èireann,8,
ceud,trithead,8,
follaiseach,gun,8,
mun,d’,8,
st,clair,8,
nì,air,8,
rìgh,innis,8,
tìle,air,8,
choisich,mi,8,
beinn,ghulbain,8,
air,diarmaid,8,
aonamh,linn,8,
lochlannais,’s,8,
ceathrad,bliadhna,8,
le,falt,8,
nan,dàn,8,
innis,caillich,8,
johann,von,8,
aghaidh,àird,8,
gleann,cholm,8,
cholm,cille,8,
’s,gheibh,8,
gun,tilleadh,8,
mar,the,8,
fhreagair,fearchar,8,
b’,àill,8,
àill,leibh,8,
suidhe,artair,8,
dà,chaolas,8,
sgoilearan,dhen,8,
aithnichte,ann,8,
gollaidh,gleanna,8,
sgadain,sàth,8,
sàth,bradain,8,
mial,mhòr,8,
balgam,mòr,8,
locha,druing,8,
nan,camshronach,8,
mhath,ars,8,
árainn,mhór,8,
eilean,bhòid,8,
richard,bingham,8,
dòmhnall,macrath,8,
rugadh,iad,8,
dimàirt,diluain,8,
john,anderson,8,
padaidh,cam,8,
cù,glas,8,
cho,sleamhainn,8,
dh’fhaighnich,fionn,8,
cladh,cille,8,
fear,ach’,8,
cur,nar,7,
dhuinn,gum,7,
beò,a-rithist,7,
fuar,is,7,
gu,loch,7,
dèanamh,a-mach,7,
dhomh,ann,7,
rium,glan,7,
tur,eadar-dhealaichte,7,
taing,mhòr,7,
dh’fhairich,mi,7,
beanntan,ann,7,
h-uile,cànan,7,
neo,’s,7,
sibh,rudeigin,7,
halo,a-rithist,7,
litreach,seo,7,
thar,nam,7,
mòran,dùthchannan,7,
alba,fhèin,7,
ar,cànain,7,
air,mìle,7,
sin,co-ionann,7,
h-uile,h-àite,7,
a-muigh,sa,7,
dhen,fhicheadamh,7,
ach,dh’fhàs,7,
dh’fhàs,iad,7,
adhbhar,agam,7,
chuir,mac,7,
alba,le,7,
fear,ruairidh,7,
dheidhinn,an-ath-sheachdain,7,
dhomh,dè,7,
màiri,bhàn,7,
dheireadh,aige,7,
mar,bhall,7,
cumail,faire,7,
air,coiseachd,7,
leotha,air,7,
lus,ris,7,
do,phòs,7,
ri,bean,7,
iochlach,ùrlair,7,
dhachaigh,iad,7,
toilichte,ach,7,
agam,fhreagair,7,
t-seann,duine,7,
aig,taigh,7,
nan,dèanadh,7,
saor,bho,7,
chaidh,fios,7,
h-uile,fear,7,
don,lùchairt,7,
air,àiteachan,7,
dheireadh,thàinig,7,
mharbhadh,ann,7,
dà,adhbhar,7,
adhbhar,ann,7,
sgìre,ach,7,
rud,ri,7,
làidire,ann,7,
fhacal,anns,7,
fàs,anns,7,
luath,ʼs,7,
tioram,air,7,
sin,droch,7,
bhuaidh,air,7,
charaid,aig,7,
moiteil,às,7,
duine,leis,7,
air,beul-aithris,7,
iain,òg,7,
bhliadhna,ann,7,
èideann,far,7,
leabhar,a-mach,7,
air,alasdair,7,
nise,feumaidh,7,
le,eich,7,
bliadhna,nuair,7,
ainmeil,ri,7,
àicheadh,sin,7,
ghoid,iad,7,
tuath,gu,7,
gun,luaidh,7,
gan,cur,7,
nan,innseachan,7,
iad,chun,7,
sibh,ceart,7,
sin,no,7,
airson,alba,7,
dèidh,nan,7,
alasdair,macbheathain,7,
nas,miosa,7,
cheud,dheug,7,
rathad,a-mach,7,
choimhead,airson,7,
bheil,tòrr,7,
eile,againn,7,
nis,mar,7,
mhòir,de,7,
dùil,air,7,
ghabhail,ann,7,
mullach,air,7,
ann,rinn,7,
dìoghaltas,air,7,
chreidsinn,gun,7,
cluinntinn,mun,7,
cuairteachadh,le,7,
nach,tug,7,
bidh,tuilleadh,7,
tuilleadh,agam,7,
air,bail’,7,
ann,dhaibh,7,
toiseach,chaidh,7,
sin,chaochail,7,
math,ʼs,7,
gach,seòrsa,7,
glaschu,ann,7,
ach,saoil,7,
mòran,ùine,7,
de,cheithir,7,
dòigh,anns,7,
fhèin,gun,7,
mu,uilleam,7,
a-rithist,gu,7,
dèanamh,dì-meas,7,
dì-meas,air,7,
chaidh,don,7,
airson,fianais,7,
chaidh,ann,7,
a-nise,mar,7,
choireach,gun,7,
deas,ann,7,
le,uilleam,7,
leòr,dhiubh,7,
air,acair,7,
t-òran,seo,7,
mi,de,7,
ʼs,as,7,
de,dh’eòin,7,
bliadhna,anns,7,
ann,ainneamh,7,
macleòid,dhùn,7,
bhàillidh,air,7,
ris,oir,7,
co-dhiù,no,7,
“carson,nach,7,
rugadh,dall,7,
dall,mi,7,
chanadh,mòran,7,
math,mar,7,
aig,sgoil,7,
le,cuid,7,
ma,seach,7,
sin,fhreagair,7,
air,uill,7,
to,be,7,
h-àraidh,air,7,
m’,anam,7,
seasamh,air,7,
nach,can,7,
don,each,7,
t-each,air,7,
dhuine,bhochd,7,
don,bheinn-sheilg,7,
mo,chasan,7,
taobh,uisge,7,
iad,gur,7,
no,duine,7,
gun,fhios,7,
‘nam,biodh,7,
mise,air,7,
ghoirid,anns,7,
math,math,7,
ceanglaichean,eadar,7,
tè,seo,7,
iad,sàbhailte,7,
is,clann,7,
orra,thuirt,7,
ainmeil,à,7,
air,muin-eich,7,
is,nas,7,
it,was,7,
mar,bhàrd,7,
sheòrsa,sam,7,
le,dìreach,7,
t-seachdain-sa,le,7,
falbh,le,7,
seann,mhapaichean,7,
beò,ach,7,
teine,anns,7,
fhèin,co-dhiù,7,
uisge,spè,7,
bàta,beag,7,
goirid,ro,7,
dòmhnall,ann,7,
air,cuideigin,7,
dubh,le,7,
ceann,mòr,7,
gu,meadhan,7,
