a,bhith,a’,464
ann,am,beurla,457
an,uair,sin,433
ann,an,alba,411
air,a,bhith,396
ann,an,gàidhlig,394
air,a,bheil,369
a’,dol,a,322
aig,an,àm,284
a’,fuireach,ann,252
a,chur,air,230
mi,ag,innse,226
a,chaidh,a,219
ag,innse,dhuibh,217
an,t-seachdain,sa,204
air,a,dhol,200
t-seachdain,sa,chaidh,199
far,a,bheil,193
anns,an,eilean,192
an,t-ainm,a,177
o,chionn,ghoirid,176
ris,an,canar,175
air,an,rathad,172
fhad,’s,a,167
a,bharrachd,air,165
sibh,eòlach,air,156
anns,an,sgìre,154
mi,a’,dol,153
fuireach,ann,an,150
dhen,bheachd,gun,149
bu,mhath,leam,147
ann,am,meadhan,145
airson,a,bhith,145
ann,an,ceann,141
ag,innse,dhuinn,140
innse,dhuibh,mu,138
ann,an,inbhir,134
fear,de,na,134
ann,an,dùn,132
an,àm,sin,130
air,a’,ghàidhealtachd,129
a,thoirt,air,126
ann,an,siorrachd,126
a,h-uile,duine,125
muinntir,an,àite,125
sin,a’,ciallachadh,123
an,naoidheamh,linn,123
innsidh,mi,dhuibh,123
le,bhith,a’,122
anns,an,t-seann,121
anns,an,leabhar,121
a,rèir,beul-aithris,121
ag,ràdh,gun,120
am,fear,eile,120
thathar,ag,ràdh,119
am,fear,a,117
nuair,a,thàinig,116
mi,ann,an,115
nuair,a,chaidh,115
air,an,oidhche,114
a,bhith,ann,113
a,dhèanamh,air,113
iad,air,an,112
sin,ann,an,112
a,rèir,choltais,110
taobh,an,iar,110
bhiodh,iad,a’,110
far,an,do,109
am,measg,nan,107
nuair,a,ràinig,107
eòlach,air,an,106
anns,a,bheil,105
às,dèidh,sin,105
gu,bheil,an,103
a,bheil,an,103
’s,dòcha,gu,102
an,sàs,ann,101
an,dèidh,sin,101
ceathrad,’s,a,100
anns,a’,bhliadhna,99
an,ceann,a,99
faisg,air,a’,99
ach,nuair,a,96
faisg,air,an,95
an,inbhir,nis,95
ceann,a,tuath,94
ochdad,’s,a,94
cuid,de,na,92
ann,a,bhith,92
a’,fuireach,anns,92
an,fheadhainn,a,92
ann,an,àite,91
a’,cumail,a-mach,91
’s,a,h-aon,90
a,bheil,sibh,89
a’,coimhead,air,87
’s,dòcha,gun,87
ann,an,gleann,87
ann,an,èirinn,86
air,an,taobh,86
an,latha,an-diugh,86
dòcha,gu,bheil,85
a,dhol,a,84
an,t-seachdain,seo,84
an,dùn,èideann,84
an,eilean,sgitheanach,83
gun,a,bhith,82
ann,am,baile,81
dhen,bheachd,gur,81
a,bhith,air,81
mar,sin,a,81
ann,an,loch,80
a’,smaoineachadh,gun,80
a,bhith,na,80
trithead,’s,a,80
mi,an,dùil,78
an,aon,rud,78
a-mach,às,an,78
a,chur,an,78
air,an,fhacal,77
sam,bith,a,77
gu,tuath,air,76
aig,a,bheil,76
dhen,bheachd,gu,76
an,t-seann,aimsir,75
a’,dèanamh,dheth,75
’s,a,dhà,75
ann,an,sasainn,74
a,bu,mhotha,74
ann,mar,sin,74
’s,dòcha,gum,73
air,a’,chladach,73
anns,an,ath,73
air,a,shon,72
air,ais,don,72
an,sgìre,sin,72
ceann,a,deas,72
thuirt,am,fear,72
an,ochdamh,linn,72
sàs,ann,an,71
bheir,sinn,sùil,71
ann,an,lunnainn,70
mi,a’,bruidhinn,70
a,bhuineadh,do,70
seasgad,’s,a,70
’s,dòcha,nach,69
anns,a’,chiad,69
an,ath,litir,69
an,iar,na,68
nuair,a,chunnaic,68
ann,a,sin,67
a,bhith,ag,67
seo,mar,a,67
bliadhna,a,dh’aois,66
anns,na,h-eileanan,66
mi,a’,ciallachadh,66
a,b’,fheàrr,66
fhada,gus,an,66
b’,fhada,gus,66
ann,an,leòdhas,66
ceart,gu,leòr,66
bidh,sibh,eòlach,65
air,taobh,an,65
anns,an,naoidheamh,65
sinn,sùil,air,65
anns,a’,bhaile,65
airson,a,dhol,64
ann,an,astràilia,64
a,bu,choireach,64
seachdad,’s,a,64
mar,a,bhiodh,63
mi,an,dòchas,63
a’,tighinn,bhon,63
a’,dol,air,63
mar,a,chanas,63
innse,dhuibh,an,63
dhuibh,an,t-seachdain,63
an,ìre,mhath,62
a,dh’fhuireach,ann,62
thathar,a’,smaoineachadh,62
a,thàinig,an,62
b’,urrainn,dha,61
aig,deireadh,an,61
an,dà,chuid,61
na,b’,fheàrr,61
a’,ghàidhlig,a,61
sin,nuair,a,60
faisg,air,làimh,60
ann,an,eilean,60
naochad,’s,a,60
air,an,latha,59
iad,ann,an,59
air,a,dhèanamh,59
nuair,a,chuala,59
ann,an,srath,59
an,turas,seo,58
fuireach,anns,an,58
’s,a,h-ochd,58
aig,a’,cheann,58
nuair,a,thill,57
a,tuath,na,57
o,chionn,fhada,57
duine,sam,bith,57
a’,ghàidhlig,air,57
anns,an,aon,57
ann,an,taigh,56
air,a,chur,56
a’,dèanamh,air,55
a,chaidh,an,55
air,a,chèile,55
a,bhios,a’,55
mi,gu,bheil,55
àm,gu,àm,54
ann,am,breatainn,54
chun,an,latha,54
bhith,ann,an,53
bho,àm,gu,53
’s,dòcha,gur,53
sin,mar,a,53
nuair,a,bhiodh,53
ann,an,dòigh,53
a’,feuchainn,ri,53
a,cheart,cho,53
air,an,cur,52
an,latha,sin,52
bheil,sibh,eòlach,52
bidh,fios,agaibh,52
gun,d’,fhuair,52
innse,dhuibh,mun,52
iad,a’,dol,52
mar,a,thachair,52
anns,an,litir,52
sam,bith,eile,51
a’,coimhead,airson,51
mi,a’,dèanamh,51
caogad,’s,a,51
a’,cheann,thall,51
a-mach,às,a’,51
an,là,an-diugh,51
dòcha,gum,bi,50
air,an,eilean,50
ann,air,a,50
mi,a’,leughadh,50
am,meadhan,an,50
ann,an,dà,50
a’,tighinn,bho,50
ag,ràdh,gur,50
mhuinntir,an,àite,50
anns,a’,mhonadh,50
cheann,a,tuath,49
mar,a,chaidh,49
sin,anns,an,49
a,chì,sinn,49
bliadhna,às,dèidh,49
eile,ann,an,48
cuid,dhen,bheachd,48
air,feadh,an,48
mar,as,trice,48
sam,bith,air,48
a,thoirt,do,48
an,t-seachdamh,linn,48
gu,leòr,ann,47
air,feadh,na,47
air,ais,gu,47
mu,dheidhinn,sin,47
chaidh,a,chur,47
iad,a’,dèanamh,47
an,duine,a,47
na,daoine,a,47
’s,gun,do,47
ann,tric,a,46
ann,an,eachdraidh,46
ann,an,glaschu,46
aige,ann,an,46
dè,mu,dheidhinn,46
a,bhiodh,a’,46
an,leabhar,aige,46
mi,a’,smaoineachadh,46
an,d’,fhuair,46
a,thoirt,dha,46
co-cheangailte,ris,an,46
a’,toirt,sùil,45
ach,ann,an,45
air,a,h-uile,45
a’,chùis,air,45
a’,chiad,dol,45
chiad,dol,a-mach,45
a,chanas,iad,45
ann,an,sgìre,45
ann,an,cuid,45
dè,a’,ghàidhlig,45
’s,ann,mar,45
a’,nochdadh,ann,44
an,rud,a,44
sùil,a,thoirt,44
ann,an,uibhist,44
a,chur,ri,44
anns,an,ochdamh,44
as,dèidh,sin,44
cho,luath,’s,44
fuireach,ann,am,43
ann,air,an,43
dol,a,chur,43
far,am,biodh,43
a,leithid,de,43
ann,an,ros,43
stad,a,chur,43
mar,a,chì,43
an,cuid,de,43
leis,gu,bheil,43
a’,chuid,a,43
gu,bheil,iad,43
air,an,làimh,43
urrainn,dhomh,a,42
a,chur,gu,42
an,ros,an,42
a,bhith,cinnteach,42
mi,ag,iarraidh,42
gum,bu,chòir,42
ag,ràdh,nach,42
anns,an,taigh,42
a,rèir,aithris,42
a,thathar,a’,42
chuid,a,bu,42
fhathast,ann,an,42
am,fear,beag,42
ann,an,gallaibh,42
mar,a,fhuair,41
ann,an,dùthaich,41
chaidh,a,sgrìobhadh,41
dh’fhuireach,ann,an,41
a-mach,air,an,41
aig,toiseach,an,41
bhith,a’,cur,41
aig,an,aon,41
an,siorrachd,pheairt,41
ann,ann,an,41
gun,do,rinn,41
car,coltach,ri,41
ann,nuair,a,41
’s,ann,an,41
air,an,làrna-mhàireach,41
ag,ràdh,gu,41
air,an,t-saoghal,40
a,bhathar,a’,40
an,ceann,greis,40
o,chionn,beagan,40
air,an,àite,40
nuair,a,fhuair,40
blàr,chùil,lodair,40
gus,an,do,40
mac,mhaighstir,alasdair,40
luath,’s,a,40
mar,a,bhios,39
ràdh,gun,do,39
gum,bi,sibh,39
gum,biodh,an,39
crìoch,air,an,39
innse,dhuinn,gun,39
an,siorrachd,rois,39
air,a’,chiad,39
gu,bheil,sibh,39
an,fhicheadamh,linn,39
bho,bhith,a’,39
a,chanas,sinn,39
mi,air,a,39
ach,’s,dòcha,39
againn,ann,an,38
gu,bheil,mi,38
a,thoirt,don,38
air,sgàth,’s,38
air,an,talamh,38
an,fhìrinn,innse,38
bhon,uair,sin,38
airson,innse,dhuibh,38
mòran,de,na,38
ann,an,seann,38
an,taobh,an,38
eile,anns,an,38
a’,bruidhinn,mu,38
gu,leòr,ach,38
an,duine,aice,38
an,làimh,eile,38
aig,an,taigh,38
uill,’s,dòcha,37
mar,sin,air,37
ann,am,mòran,37
mi,airson,innse,37
ainmeil,ann,an,37
gun,do,chuir,37
fhad,ʼs,a,37
gu,math,inntinneach,37
a’,dol,gu,37
bhith,a’,toirt,37
an,oidhche,sin,37
d’,fhuair,iad,37
air,falbh,bhon,36
mi,ag,ràdh,36
leis,an,fhìrinn,36
an,dòchas,gun,36
dol,a,thoirt,36
feadh,an,t-saoghail,36
ag,obair,air,36
air,a,sin,36
ann,an,uair,36
bharrachd,air,sin,36
an,aon,àm,36
chuid,as,motha,36
mu,dheireadh,a,36
a,thoirt,seachad,36
air,a’,bhaile,36
gu,leòr,airson,36
an,gàidhlig,na,36
a’,smaoineachadh,gu,36
an,eilein,sgitheanaich,36
an,rathad,a,36
ann,an,taobh,36
sam,bith,ann,36
na,seann,daoine,36
ann,an,àiteachan,36
am,beurla,’s,36
uair,sin,a,36
bhith,a’,fuireach,36
rud,sam,bith,36
an,cuala,sibh,35
anns,an,dàrna,35
air,ann,am,35
ann,aig,an,35
a’,cheann,a,35
a’,chuid,as,35
air,falbh,bho,35
air,taobh,thall,35
am,meadhan,na,35
thu,a’,dol,35
mar,a,thuirt,35
a,h-uile,càil,35
tè,de,na,35
gu,deas,air,35
goirid,às,dèidh,35
a,dh’ionnsaigh,na,35
eile,air,an,34
toirt,sùil,air,34
dìreach,mar,a,34
an,t-ainm,a’,34
nighean,an,rìgh,34
air,ais,a,34
bidh,sibh,a’,34
sin,as,coireach,34
an,t-ainm,air,34
“tha,mi,a’,34
a,bu,chòir,34
air,an,eadar-lìon,34
ag,iarraidh,a,34
bhathar,ag,ràdh,34
a,b’,urrainn,34
ri,taobh,an,34
am,measg,na,34
àite,ris,an,34
bhith,air,a,34
a,bhuineas,do,34
cuideachd,a’,ciallachadh,34
an,là,eile,34
anns,an,dùthaich,34
goirid,an,dèidh,33
aig,deireadh,na,33
gu,bheil,am,33
a’,bruidhinn,ri,33
mi,dhuibh,mu,33
dhuibh,mu,dheidhinn,33
mu,dheireadh,dhen,33
mu,dheidhinn,an,33
iad,air,a,33
a,dh’aindeoin,sin,33
an,ath,mhadainn,33
na,faclan,sin,33
os,cionn,na,33
chur,an,grèim,33
a,ràinig,iad,33
dhen,bheachd,gum,33
ann,an,litir,33
sin,a,dhèanamh,33
anns,a’,choille,33
a,deas,na,33
mu,dheidhinn,na,33
anns,an,dòigh,33
ann,an,tiriodh,33
’s,ann,air,32
nochdadh,ann,an,32
mi,a’,coimhead,32
cò,às,a,32
mac,a’,phearsain,32
air,a’,chùis,32
ann,an,leabhar,32
anns,a’,cheann,32
eadar,an,dà,32
fhèin,ann,an,32
os,cionn,an,32
sin,air,a,32
a,bhith,an,32
furasta,gu,leòr,32
bhith,a’,dèanamh,32
ag,obair,ann,32
mu,dheireadh,thall,32
air,a’,ghàidhlig,32
an,àite,ris,32
an,dùil,gun,32
a’,fuireach,air,32
b’,iad,sin,32
chur,air,an,32
aig,an,deireadh,32
às,a,dhèidh,32
’s,ann,tric,31
dhomh,a,ràdh,31
fad,na,h-ùine,31
a,chèilidh,air,31
bu,chòir,dhomh,31
an,latha,eile,31
cumail,a-mach,gun,31
às,a,sin,31
airson,ùine,mhòr,31
a,dhèanamh,ann,31
air,mar,a,31
air,na,mapaichean,31
air,inbhir,nis,31
sin,ann,am,31
ann,an,clò,31
ann,an,cunnart,31
gus,am,biodh,31
nuair,a,bhios,31
gu,bheil,sin,31
ràdh,gu,bheil,31
air,na,daoine,31
anns,an,t-seachdamh,31
ann,an,canada,31
dèanamh,dheth,gur,31
airson,’s,gum,31
an,leabhar,a,31
anns,a’,chèitean,30
ros,an,iar,30
’s,a,chaidh,30
mus,d’,fhuair,30
anns,na,beanntan,30
gu,siar,air,30
airson,a’,chiad,30
a,thoirt,dhuibh,30
gu,leòr,air,30
a,h-uile,rud,30
thuirt,an,rìgh,30
a,choimhead,air,30
bliadhna,an,dèidh,30
anns,an,do,30
a’,bruidhinn,air,30
a’,seasamh,airson,30
b’,fheàrr,a,30
mac,na,banntraich,30
a,dhol,air,30
a’,feitheamh,ris,30
a,bhuineadh,don,30
an,àite,sin,30
air,an,taigh,30
a’,chuid,mhòr,30
air,a,chuimhneachadh,30
’s,gu,bheil,30
an,t-siathamh,linn,30
anns,an,tuiseal,30
an,gàidhlig,a,29
bheil,sibh,a’,29
mi,tarsainn,air,29
a,chuala,mi,29
mòr,ann,an,29
a,sgrìobhadh,le,29
a’,beachdachadh,air,29
dhen,bheachd,nach,29
chì,sinn,dè,29
a,rinn,an,29
a,chaidh,fhoillseachadh,29
daoine,ann,an,29
a,chanadh,daoine,29
far,am,bi,29
gàidhlig,na,h-alba,29
an,àite,a,29
bheachd,gu,bheil,29
mar,phàirt,de,29
crìoch,a,chur,29
anns,an,eaglais,29
ri,taobh,na,29
bidh,iad,a’,29
a’,dol,ga,29
sùil,air,an,29
anns,a’,ghleann,29
ann,an,steòrnabhagh,29
chur,ri,chèile,29
a,thoirt,gu,29
an,alba,a,29
a’,smaoineachadh,gur,29
ann,am,beul-aithris,29
fear,na,bùtha,29
cuid,ag,ràdh,29
ach,mar,a,28
thoirt,air,ais,28
is,mar,sin,28
an,taobh,sear,28
a’,chiad,turas,28
a,thoirt,a-mach,28
air,an,fhear,28
sin,air,an,28
a’,dol,seachad,28
ann,an,oilthigh,28
a,chanas,daoine,28
uill,a,rèir,28
fear,air,an,28
uibhist,a,tuath,28
de,mhuinntir,an,28
a’,ciallachadh,an,28
an,aghaidh,an,28
air,an,aon,28
chaidh,a,dhèanamh,28
a,chanadh,iad,28
a’,coimhead,coltach,28
mu,a,deidhinn,28
nuair,a,chaochail,28
airson,faighinn,a-mach,28
a,chur,don,28
iad,ag,ràdh,28
chaidh,iad,gu,28
an,t-eagal,air,28
bu,mhotha,a,28
a,dh’inbhir,nis,28
chreid,mi,nach,28
sa,chaidh,mu,28
am,measg,sin,28
thàinig,mi,tarsainn,28
bhiodh,daoine,a’,28
dol,a,dh’innse,28
ag,ràdh,gum,28
’s,gum,biodh,28
ann,an,innis,28
bhith,a’,dol,27
ann,an,cladh,27
ann,am,faclair,27
thàinig,am,facal,27
agaibh,gu,bheil,27
a,bhith,ri,27
àite,far,an,27
aig,an,toiseach,27
an,do,rinn,27
a,dhol,ann,27
a,dhèanamh,de,27
a,sgrìobh,an,27
as,motha,de,27
thathar,a’,dèanamh,27
anns,an,fhraing,27
an,rathad,dhachaigh,27
saoilidh,mi,gu,27
eòlach,air,na,27
ag,iarraidh,air,27
air,an,doras,27
iad,le,chèile,27
an,dùil,gur,27
seo,ann,an,27
gun,deach,an,27
an,àite,a’,27
air,an,duine,27
an,taigh,aige,27
a,rèir,an,27
sibh,gu,bheil,27
ann,an,droch,27
co-cheangailte,ris,a’,27
litir,mu,dheireadh,27
a’,tighinn,gu,27
as,coireach,ri,27
a,chur,ann,27
’s,ann,a,27
an,àm,ud,27
a,bhiodh,an,26
an,àm,seo,26
a’,tadhal,air,26
nach,b’,urrainn,26
sin,air,adhart,26
a,bhiodh,na,26
bheil,an,t-ainm,26
an,dòigh,sin,26
fios,agaibh,dè,26
gàidhlig,na,h-èireann,26
na,roinn,eòrpa,26
air,a,thiodhlacadh,26
mar,a,chanadh,26
an,sàs,anns,26
anns,a’,mhadainn,26
dol,air,ais,26
dhèanamh,ann,an,26
‘tha,mi,a’,26
mi,dhuibh,dè,26
am,measg,an,26
de,na,daoine,26
anns,a’,gheamhradh,26
iad,ann,am,26
ann,an,làmhan,26
na,bu,mhiosa,26
gum,biodh,na,26
ann,an,caisteal,26
b’,esan,an,26
an,aon,dòigh,26
sibh,a’,tuigsinn,26
air,an,leabhar,26
anns,a’,chànan,26
a,fhuair,an,26
ach,air,an,26
a,chionn,’s,26
eòlach,air,a’,26
dol,a,dhèanamh,26
’s,iad,na,26
a,dh’ionnsaigh,an,26
an,droch,fhear,26
thairis,air,an,25
anns,an,dearbh,25
às,a,thàinig,25
ann,an,earra-ghàidheal,25
eile,air,a,25
uibhist,a,deas,25
na,h-alba,ann,25
a’,dol,ann,25
a,thug,an,25
nuair,a,nochd,25
a,bu,shine,25
no,mar,a,25
taic,a,thoirt,25
ann,an,saoghal,25
a’,gabhail,a-steach,25
iad,a’,fuireach,25
b’,urrainn,do,25
ann,am,bàideanach,25
ciamar,a,fhuair,25
fios,aig,duine,25
air,an,t-slighe,25
gu,leòr,a,25
a,bheil,na,25
bhith,a’,cleachdadh,25
còrr,is,ceud,25
dhuibh,mar,a,25
a,deas,an,25
ann,am,muile,25
air,a’,ghille,25
gu,math,measail,25
math,gu,leòr,25
gum,b’,esan,25
a,ghabhail,air,25
na,bu,mhotha,25
ràinig,iad,an,25
an,àite,air,25
air,an,loch,25
mar,phàirt,dhen,25
an,aghaidh,nan,25
gu,leòr,de,25
gun,deach,a,25
air,thoiseach,air,25
mar,a,thàinig,25
sùil,air,a’,25
mi,a’,fuireach,25
cheann,a,deas,25
gàidhlig,ann,an,25
gu,bheil,na,25
an,litir,mu,25
ach,’s,ann,25
a’,bruidhinn,mun,25
fhreagair,am,fear,25
air,a’,bheinn,25
am,fear,òg,25
chreid,mi,gu,25
an,alba,ach,25
ann,anns,an,24
bheil,am,facal,24
anns,an,roinn,24
dòcha,gun,do,24
b’,urrainn,dhaibh,24
sin,gu,math,24
iar,na,gàidhealtachd,24
an,dearbh,rud,24
a’,cleachdadh,an,24
ann,an,sin,24
bu,toigh,leam,24
b’,iad,na,24
feumaidh,mi,ràdh,24
ceathrad,ʼs,a,24
an,tòir,air,24
far,an,d’,24
a’,cur,seachad,24
thairis,air,a’,24
a’,ciallachadh,gu,24
iad,a’,tighinn,24
iad,dhen,bheachd,24
a’,chiad,rann,24
nuair,a,thigeadh,24
air,ann,an,24
a,chunnaic,mi,24
a,bheil,fios,24
gu,dearbh,’s,24
iad,a’,cur,24
fhoillseachadh,ann,an,24
na,h-alba,a,24
ris,an,rìgh,24
a-mach,air,a,24
bu,chòir,a,24
a,bhiodh,ann,24
ann,mu,dheidhinn,24
ann,an,eirinn,24
a,bhuineas,don,24
fuireach,anns,a’,24
a,thàinig,bhon,24
a,bhith,anns,23
mar,sin,’s,23
h-uile,duine,a,23
an,roinn,eòrpa,23
sin,anns,a’,23
a,thàinig,am,23
air,an,t-seann,23
a’,smaoineachadh,air,23
a’,fuireach,faisg,23
bheil,thu,a’,23
fear,a,bu,23
air,an,dàrna,23
ann,an,riochd,23
fada,nuair,a,23
aige,air,an,23
air,a,thoirt,23
a,ghabhail,thairis,23
a,dhol,gu,23
gu,math,eòlach,23
chaidh,iad,a,23
na,h-eileanan,siar,23
dhuine,sam,bith,23
fad,air,falbh,23
co-dhiù,a,rèir,23
dha,a,bhith,23
aig,a,h-uile,23
a,leithid,ann,23
iad,ag,iarraidh,23
tuigidh,sibh,nach,23
anns,an,òran,23
cinnteach,gu,bheil,23
am,measg,nam,23
bho,sin,a-mach,23
a’,cur,dragh,23
obair,ann,an,23
ann,an,cruth,23
dèidh,blàr,chùil,23
an,dèidh,an,23
beò,anns,an,23
a,b’,ainmeile,23
air,an,do,23
an,ath,sheachdain,23
an,dòchas,gum,23
bhith,a’,coimhead,23
bliadhna,air,ais,23
bheil,sin,a’,23
am,beurla,the,23
far,an,deach,23
bi,sibh,eòlach,23
a’,meòrachadh,air,23
ann,an,ainmean-àite,23
as,fheàrr,a,23
eile,ag,ràdh,23
an,t-ainm,sin,23
cho,math,’s,23
mi,crìoch,air,23
b’,fheàrr,leis,22
na,b’,fhaide,22
an,do,chuir,22
mi,buileach,cinnteach,22
an,latha,a,22
an,dùil,gum,22
h-alba,ann,an,22
uair,sin,chaidh,22
a,bhith,aige,22
ochdad,ʼs,a,22
mean,air,mhean,22
nàiseanta,na,h-alba,22
a,dhol,an,22
an,dòchas,nach,22
air,an,dèanamh,22
gu,bhith,a’,22
anns,an,fhicheadamh,22
an,uibhist,a,22
as,aithne,dhomh,22
gun,do,ghabh,22
air,an,dearbh,22
do,na,daoine,22
smaoineachadh,gu,bheil,22
an,do,thachair,22
thachair,an,uair,22
cho,fada,’s,22
dh’innis,mi,dhuibh,22
air,sgàth,sin,22
ach,dè,mu,22
gu,math,tric,22
a,bhith,aig,22
a,dh’innse,dhuibh,22
b’,fheudar,do,22
mi,air,an,22
mi,a-mach,air,22
an,gàidhlig,’s,22
an,loch,abar,22
faisg,air,inbhir,22
ach,anns,an,22
a’,cur,an,22
air,a’,ghaidhealtachd,22
leth-cheud,’s,a,22
a’,bhaile,sin,22
iad,faisg,air,22
aig,an,doras,22
às,dèidh,a’,22
ann,am,bràigh,22
anns,a,h-uile,21
am,meadhan,a’,21
ann,am,fear,21
d’,fhuair,mi,21
don,a,h-uile,21
a,bheil,am,21
bheil,fios,agaibh,21
coltach,ris,an,21
chaidh,mi,a,21
a,bhiodh,dùil,21
duine,a’,fuireach,21
seasgad,ʼs,a,21
mac,a’,ghobhainn,21
trithead,ʼs,a,21
sin,an,t-ainm,21
na,stàitean,aonaichte,21
air,an,lus,21
fuireach,faisg,air,21
seachdad,ʼs,a,21
an,toiseach,ann,21
gu,sear,air,21
a,thiodhlacadh,ann,21
taobh,an,ear,21
ainmeil,air,feadh,21
air,a’,chomraich,21
cheart,cho,math,21
ach,a,dh’aindeoin,21
a’,toirt,a’,21
a,dhol,don,21
ainmeil,airson,a,21
tràth,anns,an,21
ann,an,grunn,21
fios,aig,an,21
mu,dheidhinn,a’,21
thuirt,an,gille,21
dè,thachair,an,21
mar,a,chanar,21
de,a,leithid,21
an,gnothach,a,21
an,srath,spè,21
anns,an,dorchadas,21
anns,a’,chladh,21
aig,muinntir,an,21
anns,an,loch,21
air,ais,air,21
a’,dol,dh’fhaighnich,21
a,h-uile,bliadhna,21
a,dhùn,èideann,21
ach,ciamar,a,21
air,a,sgrìobhadh,21
gum,biodh,iad,21
uair,sam,bith,21
anns,am,biodh,21
rìgh,na,h-alba,21
gu,bhith,ann,21
dà,cheud,bliadhna,21
le,bhith,ag,21
chòir,a,bhith,21
sgàth,’s,gu,21
aig,na,daoine,21
mu,dheidhinn,mar,21
bheil,iad,a’,21
anns,a’,bhìoball,21
coltach,gun,do,21
anns,an,dà,21
no,’s,dòcha,21
ach,bu,mhath,21
anns,an,àite,21
air,a’,mhapa,21
an,àite,far,20
an,dèidh,a’,20
aig,toiseach,na,20
fhuair,mi,a-mach,20
cuideachd,ann,an,20
ann,am,bàta,20
ann,an,ratharsair,20
an,aghaidh,a,20
chiad,turas,a,20
ʼs,a,h-ochd,20
an,rìgh,air,20
a,b’,òige,20
thoirt,air,falbh,20
a’,chinn,a,20
a’,nochdadh,anns,20
meadhan,an,naoidheamh,20
faisg,air,ceann,20
biodh,daoine,a’,20
gàidhlig,inbhir,nis,20
ag,èisteachd,ri,20
a,thogail,ann,20
mhòr,ann,an,20
ros,an,ear,20
gu,bheil,a’,20
gun,do,sgrìobh,20
air,leth,math,20
air,a,chleachdadh,20
cheud,gu,leth,20
gu,bhith,na,20
ann,an,obar,20
am,beurla,a,20
a’,ciallachadh,gun,20
air,a,bheulaibh,20
an,robhar,a’,20
buaidh,mhòr,air,20
bhith,air,an,20
anns,a’,chaisteal,20
mac,an,tòisich,20
an,eachdraidh,na,20
’s,iongantach,mura,20
a’,chiad,fhear,20
ag,obair,anns,20
a,tuath,an,20
a,chanadh,na,20
a’,ciallachadh,le,20
air,an,ainm,20
a’,tòiseachadh,le,20
ag,amas,air,20
iad,gu,math,20
a,thoirt,dhachaigh,20
ann,an,nirribhidh,20
am,beurla,ach,20
a,chur,seachad,20
gu,ruige,an,20
gum,b’,urrainn,20
air,nuair,a,20
air,a,bruidhinn,20
bheil,mi,a’,20
’s,ann,à,20
ann,an,new,20
sin,a’,ghàidhlig,20
mura,h-eil,sibh,20
bliadhna,as,dèidh,20
ann,an,deagh,20
ann,an,ochd-deug,20
air,a,leithid,20
an,rathad,eadar,20
às,dèidh,gun,20
t-seachdain,’s,a,20
an,alba,nuaidh,20
ann,an,geàrrloch,19
deireadh,na,litreach,19
an,aon,seòrsa,19
air,an,son,19
daoine,ag,ràdh,19
fear,mu,dheireadh,19
as,motha,a,19
ag,iarraidh,gum,19
a,dhol,seachad,19
còmhla,ann,an,19
nuair,a,thig,19
sinn,dè,thachair,19
air,a,dhruim,19
sgeul,air,an,19
faisg,air,a,19
mus,do,thòisich,19
àm,nuair,a,19
chreid,mi,gun,19
a’,fàs,ann,19
ann,am,bith,19
do,dhuine,sam,19
tìr,ann,an,19
mar,bu,trice,19
t-ainm,air,an,19
air,a’,ghnothach,19
às,a,chèile,19
air,ais,ann,19
a’,dèanamh,deiseil,19
dèanamh,deiseil,airson,19
dhen,naoidheamh,linn,19
a’,toirt,taic,19
do,mhuinntir,an,19
seo,nuair,a,19
faisg,air,baile,19
chaidh,iarraidh,air,19
a’,dèanamh,ciall,19
gu,mòr,ann,19
anns,an,abhainn,19
a,dh’ionnsaigh,a’,19
às,an,sgìre,19
air,a’,chloich,19
airson,’s,gun,19
fios,le,cinnt,19
a,chumail,air,19
a,bhuileachadh,air,19
seo,a’,chiad,19
gu,math,ainmeil,19
a,rèir,na,19
muinntir,na,h-alba,19
nuair,a,thòisich,19
a,dhol,à,19
dhol,à,bith,19
cionn,na,mara,19
is,dà,cheud,19
innsidh,mi,tuilleadh,19
taobh,siar,na,19
fad,ùine,mhòr,19
alasdair,mac,mhaighstir,19
an,fhear,eile,19
na,h-ainmean,a,19
sìos,an,rathad,19
ann,am,badeigin,19
air,an,fhearann,19
dèidh,sin,chaidh,19
sin,’s,dòcha,19
gu,math,eadar-dhealaichte,19
an,dùthaich,sin,19
math,’s,a,19
an,dùn,eideann,19
air,an,litir,19
do,rinn,iad,19
a-steach,don,taigh,19
“tha,mi,ag,19
mar,a,rinn,19
thuirt,an,duine,19
mar,is,trice,18
àite,sam,bith,18
eile,nuair,a,18
na,h-alba,ach,18
do,lorg,mi,18
sin,gam,thoirt,18
ann,anns,a’,18
a,fhuair,mi,18
ann,an,diofar,18
ach,a,bheil,18
bruidhinn,ann,an,18
am,fear,mu,18
anns,an,treas,18
sin,aig,an,18
ann,eadar,an,18
sàs,ann,am,18
eòlach,air,mar,18
chur,air,chois,18
gu,leth,bliadhna,18
an,latha,mu,18
bhith,a’,faighinn,18
a,chur,crìoch,18
air,an,sgeulachd,18
a’,dèanamh,sin,18
air,falbh,leis,18
fios,agaibh,gu,18
a’,fàs,air,18
b’,urrainn,dhomh,18
fon,ghrèin,a,18
taobh,a-muigh,an,18
ʼs,a,dhà,18
toiseach,ann,an,18
ri,a,linn,18
stèidhichte,ann,an,18
thiodhlacadh,ann,an,18
feumaidh,mi,aideachadh,18
a,chanar,ris,18
a’,cur,na,18
am,fear,as,18
an,còrr,dhen,18
air,a,thogail,18
chur,air,dòigh,18
sa,chaidh,mun,18
coimhead,coltach,ri,18
chèile,ann,an,18
thairis,air,na,18
o,chionn,còrr,18
dhen,t-seòrsa,sin,18
anns,a’,chuan,18
air,fear,de,18
bheachd,gun,do,18
àite,ann,an,18
an,taobh,thall,18
mu,dheidhinn,a,18
fhèin,air,a,18
chur,air,a’,18
gach,turas,a,18
fuireach,anns,na,18
a’,tighinn,cruinn,18
seo,ann,am,18
ann,an,cabhaig,18
ris,a’,ghille,18
air,an,t-seachdamh,18
às,dèidh,a,18
mac,an,t-saoir,18
bidh,cuimhne,agaibh,18
am,fuaim,a,18
cuid,a’,cumail,18
ann,an,cinn,18
mi,cinnteach,gu,18
tuigidh,sibh,gu,18
cuala,sibh,riamh,18
bhith,a’,cumail,18
an,dùil,gu,18
nuair,a,thug,18
gu,bheil,sinn,18
ann,an,ameireagaidh,18
fhèin,is,a,18
mi,dhuibh,an,18
bliadhna,ann,an,18
air,muin,eich,18
an,rìgh,a,18
beò,ann,an,18
ann,an,arcaibh,18
còrr,is,dà,18
seo,na,sgrìobh,18
mi,cinnteach,gun,18
ach,feumaidh,mi,18
an,canar,ann,18
canar,ann,am,18
a’,chiad,duine,18
dheidhinn,mar,a,18
mac,an,t-srònaich,18
mhinistear,ann,an,18
a’,gabhail,air,18
gur,ann,air,18
a,dhèanamh,na,18
am,facal,a,18
às,dèidh,dha,18
às,dèidh,làimh,18
air,falbh,o,18
a,thàinig,na,18
dol,seachad,air,18
a’,leughadh,leabhar,18
an,siud,’s,18
dhol,a,dh’fhuireach,18
ann,am,bothan,18
dhomh,a,bhith,18
a’,tighinn,a-steach,18
iar,na,gaidhealtachd,18
an,canar,an,18
a’,chùis,a,18
an,t-seachdain,’s,18
air,an,stòiridh,18
an,duine,uasal,18
àm,seo,dhen,17
bidh,mi,a’,17
air,ais,do,17
naochad,ʼs,a,17
ann,an,cuimris,17
tuath,air,an,17
ri,chèile,le,17
aig,àm,an,17
a’,chiad,turais,17
eadar,inbhir,nis,17
dà,chuid,ann,17
an,dèidh,a,17
gàidhealtachd,na,h-alba,17
iarraidh,gum,biodh,17
ceud,gu,leth,17
air,an,uinneig,17
a,dhol,a-null,17
a-nise,ann,an,17
sin,far,an,17
an,fhear,a,17
ann,an,suidheachadh,17
iad,air,ais,17
a,bheil,gàidhlig,17
b’,fheàrr,leam,17
dhuibh,anns,an,17
a,dh’fhuireach,anns,17
air,tìr,ann,17
càil,a,dh’fhios,17
na,h-alba,a’,17
coimhead,air,an,17
an,dà,cheud,17
is,ceud,bliadhna,17
airson,a’,chòrr,17
chaidh,a,thogail,17
thòisich,iad,air,17
chur,gu,feum,17
aig,na,gàidheil,17
mu,dheireadh,ann,17
sin,a’,tighinn,17
b’,fheudar,dha,17
chanainn,gu,bheil,17
fios,agaibh,gur,17
fhios,a’m,dè,17
air,an,dùthaich,17
sin,a’,chiad,17
a,chur,a-mach,17
sgeul,air,a’,17
thàinig,an,t-ainm,17
leis,an,amas,17
mi,ann,am,17
a’,chòrr,de,17
an,dèidh,blàr,17
a’,cumail,sùil,17
chanadh,daoine,ris,17
ged,a,chaidh,17
ann,am,fìor,17
ann,an,cataibh,17
dhèanamh,air,an,17
am,fear,seo,17
iad,sin,na,17
air,a’,bhlàr,17
innse,dhuinn,gu,17
dùil,gu,bheil,17
a’,dol,a-steach,17
air,an,treas,17
an,fhìrinn,a,17
leòr,ann,an,17
bu,chòir,dhuinn,17
ann,an,eaglais,17
glè,bheag,de,17
b’,esan,am,17
na,bu,lugha,17
aig,ceann,an,17
airson,a,leithid,17
ràdh,mu,dheidhinn,17
cuid,de,mhuinntir,17
cumanta,ann,an,17
don,eilean,sgitheanach,17
ag,èisteachd,ris,17
an,tuiseal,ghinideach,17
a,bu,mhò,17
an,tiomnadh,nuadh,17
siud,’s,an,17
’s,an,seo,17
na,gàidheil,a’,17
no,ann,am,17
a’,dèanamh,a’,17
daoine,a’,fuireach,17
mar,gum,biodh,17
bhathar,a’,creidsinn,17
mi,a’,toirt,17
air,an,t-sàbaid,17
ann,an,cnòideart,17
cho,mòr,’s,17
seo,am,fear,17
math,measail,air,17
an,tè,a,17
a,chur,suas,17
tighinn,bhon,ghàidhlig,17
an,innis,tìle,17
an,gille,carach,17
ged,a,bhiodh,16
seo,dhen,bhliadhna,16
air,na,beanntan,16
car,coltach,ris,16
dòchas,gu,bheil,16
’s,ann,às,16
sin,a,bhith,16
air,a,shèimheachadh,16
airson,na,h-oidhche,16
do,mhothaich,sibh,16
ann,an,laideann,16
ann,o,chionn,16
mìle,gu,leth,16
deireadh,an,naoidheamh,16
leam,cluinntinn,bhuaibh,16
àite,anns,an,16
dè,thachair,don,16
chuid,ann,an,16
gu,bheil,thu,16
fear,a,b’,16
nuair,a,dhùisg,16
uair,sin,air,16
air,a,litreachadh,16
dòcha,nach,bi,16
a,thoirt,dhaibh,16
gur,ann,à,16
math,eòlach,air,16
a’,bruidhinn,an,16
na,h-eileanan,sin,16
aig,aon,àm,16
sinn,ann,an,16
sibh,a’,smaoineachadh,16
na,seann,ghàidheil,16
air,an,each,16
bu,chòir,dha,16
a,chuir,mi,16
dualchas,nan,gàidheal,16
gu,bheil,mòran,16
air,a’,bhòrd,16
àite,a,bhith,16
eile,ann,am,16
chionn,còrr,is,16
na,daoine,a’,16
bhith,an,sàs,16
sam,bith,aige,16
faisg,air,dùn,16
nach,d’,fhuair,16
iad,a’,coimhead,16
seach,a,bhith,16
bhathar,a’,cleachdadh,16
sam,bith,ach,16
ann,an,co-cheangal,16
a’,falbh,a,16
a,dh’èirich,an,16
‘a,bheil,thu,16
dhuibh,dè,thachair,16
an,t-seachdamh,latha,16
an,fheadhainn,aig,16
a,bheil,iad,16
air,gach,taobh,16
anns,a’,phrìosan,16
sin,a,rèir,16
a,h-uile,nì,16
an,sin,ach,16
airson,sùil,a,16
anns,an,t-seòmar,16
gu,tric,air,16
leis,a,sin,16
ri,taobh,loch,16
a,dhèanamh,ach,16
bhiodh,na,seann,16
de,a,bheatha,16
ann,an,cill,16
uair,sin,ann,16
daoine,anns,an,16
cumail,a-mach,gur,16
iad,a’,gabhail,16
an,do,ràinig,16
aon,rud,fìor,16
a,dhèanamh,le,16
tuilleadh,mu,dheidhinn,16
air,cuid,de,16
na,mhinistear,ann,16
an,litir,seo,16
air,a,son,16
anns,a’,ghàidhlig,16
bu,mhotha,de,16
air,am,bi,16
càite,a,bheil,16
mar,a,b’,16
nis,ann,an,16
fhathast,ann,am,16
coireach,ri,sin,16
anns,an,t-siathamh,16
ag,obair,mar,16
coltach,gu,bheil,16
biodh,iad,a’,16
deas,an,eilein,16
a,bhiodh,daoine,16
oir,’s,ann,16
fhada,gus,am,16
rudeigin,a,ràdh,16
thar,a’,chuain,16
air,na,creagan,16
na,daoine,air,16
’s,ann,anns,16
a,lorg,ann,16
sam,bith,aig,16
ach,saoilidh,mi,16
bidh,daoine,a’,16
a,dhìth,air,16
coimhead,air,na,16
mòr,gu,leòr,16
cho,tric,’s,16
luchd,na,beurla,16
na,daoine,ann,16
an,dàrna,taobh,16
ann,an,uisge,16
tuath,an,eilein,16
thuirt,am,bodach,16
anns,an,fhaclair,16
dha,ann,an,16
air,an,làraich,16
gu,math,sean,16
a,rinn,iad,16
airgead,gu,leòr,16
ann,an,asainte,16
latha,is,bliadhna,16
ri,a,bhean,16
mac,gille,mhaoil,16
sin,gu,bheil,15
anns,am,bi,15
a’,dol,don,15
mi,’n,dòchas,15
am,baile,beag,15
a’,chlach,a,15
ʼs,dòcha,gun,15
a,bheil,mi,15
sibh,ag,iarraidh,15
anns,an,fhaoilleach,15
sibh,ag,aithneachadh,15
bi,sibh,a’,15
dèidh,a,bhàis,15
mhòr,air,an,15
a,thogail,air,15
an,ath,latha,15
an,taobh,a,15
chì,sinn,an-ath-sheachdain,15
chur,crìoch,air,15
gun,robhar,a’,15
gu,leòr,aca,15
b’,fheudar,don,15
chionn,beagan,bhliadhnaichean,15
a,chanas,muinntir,15
na,bu,làidire,15
cleachdadh,an,fhacail,15
fàs,ann,an,15
ris,an,canadh,15
ann,an,ceap,15
caogad,ʼs,a,15
cliù,dha,fhèin,15
faisg,air,loch,15
a-mach,ann,an,15
mar,bu,chòir,15
a,dhèanamh,airson,15
cuide,ri,a,15
leithid,ann,an,15
dèanamh,dheth,gun,15
an,litir,an,15
na,h-alba,air,15
an,treas,linn,15
chòrr,de,a,15
air,an,fheadhainn,15
air,tìr-mòr,na,15
anns,na,stàitean,15
thogail,ann,an,15
duine,air,bòrd,15
a’,dol,tarsainn,15
dheireadh,ann,an,15
ann,an,hiort,15
an,gille,an,15
mi,a’,cur,15
chaidh,a,chruinneachadh,15
chur,gu,bàs,15
ùr,an,t-slèibh,15
dh’iarr,iad,air,15
eaglais,ann,an,15
ann,am,bliadhna,15
grèim,air,an,15
mòr,anns,an,15
an,ceann,ùine,15
mi,airson,’s,15
a’,cheathramh,linn,15
oirre,ann,an,15
gur,dòcha,gur,15
ann,an,èiginn,15
a,chunnaic,iad,15
chaidh,a,mharbhadh,15
a’,feitheamh,riutha,15
anns,an,ainm,15
mi,a’,tuigsinn,15
chaidh,fhoillseachadh,ann,15
ann,ann,am,15
air,a,chasan,15
stòiridh,innse,dhuibh,15
tarsainn,na,h-aibhne,15
’s,ann,le,15
ri,taobh,a’,15
ciallachadh,le,sin,15
iad,a’,cleachdadh,15
innse,dhuinn,mu,15
mi,eòlach,air,15
a’,fàs,gu,15
air,an,rìgh,15
a’,ciallachadh,nach,15
anns,an,talamh,15
d’,fhuair,an,15
nuair,a,rinn,15
a’,smaoineachadh,gum,15
a’,dèanamh,an,15
rud,ris,an,15
gun,cuala,sibh,15
iarraidh,a,bhith,15
an,t-àite,a,15
mar,sin,leibh,15
leis,gun,do,15
am,falach,ann,15
ach,a,rèir,15
anns,a’,ghiblean,15
coltach,ris,a’,15
às,dèidh,an,15
a’,mhonadh,ruadh,15
a,bheil,loch,15
a,ràdh,mu,15
ann,air,a’,15
an,t-ainm,gàidhlig,15
mar,eisimpleir,ann,15
gus,am,bi,15
airson,ùine,mhòir,15
ag,ionnsachadh,na,15
ionnsachadh,na,gàidhlig,15
a’,bheurla,a,15
air,bòrd,an,15
a,bhios,mi,15
an,new,zealand,15
feadh,na,gàidhealtachd,15
seo,an,rann,15
cuid,eile,ag,15
às,an,eilean,15
sin,a,thachair,15
a’,coiseachd,air,15
an,do,mhothaich,15
a,bheil,ainm,15
anns,an,sgeulachd,15
àiteachan,ann,an,15
a,thàinig,a-mach,15
air,a,cheann,15
gur,iad,na,15
air,an,t-soitheach,15
air,an,tiodhlacadh,15
an,tiotal,a,15
a,bheil,a’,15
bharrachd,air,a,15
an,ceann,loch,15
gum,biodh,a,15
fhèin,nuair,a,15
a’,bhean,aige,15
às,an,dèidh,15
air,an,ath,15
alba,is,èirinn,15
air,a,h-ainmeachadh,15
na,ridirean,teampallach,15
a,bhios,an,14
eile,ann,a,14
aig,an,duine,14
mi,am,facal,14
a,bhios,sinn,14
litir,do,luchd-ionnsachaidh,14
nuair,a,bhathar,14
bhon,t-seann,lochlannais,14
mhath,leam,cluinntinn,14
an,aghaidh,na,14
baile,atha,cliath,14
a,bhiodh,iad,14
bliadhna,air,a,14
latha,mu,dheireadh,14
gu,tric,a’,14
an,dòigh,air,14
an,dèidh,greis,14
nuair,a,ruigeas,14
air,leth,toilichte,14
a,chuid,aodaich,14
mi,anns,an,14
chinn,a,tuath,14
sin,an,ath-sheachdain,14
ùidh,mhòr,aig,14
ann,an,afraga,14
mar,a,sgrìobh,14
bruidhinn,an,t-seachdain,14
no,ann,an,14
anns,na,h-innseachan,14
am,biodh,daoine,14
ann,an,dualchas,14
a,leugh,mi,14
bhith,a’,bruidhinn,14
air,cùl,an,14
mu,dheidhinn,nan,14
a’,dol,an,14
h-uile,duine,air,14
rugadh,is,thogadh,14
cumail,a,dol,14
an,dàrna,rann,14
anns,an,latha,14
an,dàrna,latha,14
gun,do,chaill,14
sin,a-mhàin,ach,14
aig,an,dearbh,14
air,falbh,ach,14
ars,an,gille,14
nighean,an,fhamhair,14
a,bhruidhinn,ris,14
a,ràinig,an,14
an,sàs,gu,14
siorrachd,obar,dheathain,14
rinn,iad,air,14
airson,stad,a,14
a’,bhaile,air,14
a,bheatha,air,14
biodh,iad,air,14
a,chuir,an,14
sin,a’,cur,14
am,falach,anns,14
os,a,chionn,14
às,an,taigh,14
air,beulaibh,an,14
bheachd,gum,biodh,14
ar-a-mach,nan,seumasach,14
sin,a,chaidh,14
inbhir,nis,air,14
ann,an,cànan,14
an,cànan,a,14
chì,sinn,an,14
air,ceann,a,14
aca,air,an,14
anns,a’,cheathramh,14
thathar,ag,innse,14
cumail,sùil,air,14
cobhair,a,dhèanamh,14
a’,fuireach,còmhla,14
air,a,chuairteachadh,14
duine,ann,an,14
aon,duine,a,14
dèidh,gun,deach,14
an,rathad,sin,14
aca,ann,an,14
a,bhith,aca,14
ris,ann,am,14
beag,air,falbh,14
air,an,eaglais,14
air,a’,bhoireannach,14
gun,do,chaochail,14
oilthigh,dhùn,èideann,14
innse,dhuinn,gur,14
air,na,faclan,14
cuid,de,dh’àiteachan,14
mac,an,duine,14
iad,anns,an,14
fada,’s,a,14
gu,math,feumail,14
timcheall,na,bliadhna,14
am,biodh,an,14
a,chaidh,na,14
dèanamh,dheth,gu,14
ann,an,sgìrean,14
dòigh,air,choreigin,14
anns,a’,chòigeamh,14
a’,chòigeamh,linn,14
am,fear,de,14
eachdraidh,na,h-alba,14
seachad,air,a’,14
bhith,ag,innse,14
air,taobh,siar,14
ann,am,bàrdachd,14
mhotha,de,na,14
anns,an,dàn,14
ràdh,gum,b’,14
mi,air,mo,14
a,dhol,a-steach,14
airson,crìoch,a,14
cumanta,gu,leòr,14
gun,do,thachair,14
mi,o,chionn,14
gàidhlig,air,a,14
nan,gàidheal,ann,14
a’,ciallachadh,the,14
am,beurla,mar,14
seachad,air,an,14
a,bhith,gu,14
bhith,gu,math,14
cuiridh,mi,geall,14
gus,am,faigheadh,14
mar,eisimpleir,canaidh,14
a,thoirt,am,14
measg,nan,gàidheal,14
coltach,ri,sin,14
deiseil,airson,falbh,14
ge,bith,dè,14
dhèanamh,air,na,14
h-eil,sibh,eòlach,14
thug,iad,an,14
na,bu,luaithe,14
iad,a’,falbh,14
a-mach,o,chionn,14
an,alba,is,14
uaireigin,a’,fuireach,14
daoine,a’,dèanamh,14
a,fhuair,iad,14
anns,a’,mhàrt,14
ann,an,naoi-deug,14
tric,’s,a,14
a,dhol,dhachaigh,14
de,na,faclan,14
airson,a,chuid,14
ann,an,rìoghachd,14
uair,a,thìde,14
chur,ann,an,14
eile,faisg,air,14
dhol,air,ais,14
ainm,gàidhlig,a,14
a-mach,às,na,14
àite,air,an,14
ach,carson,a,14
bith,air,a’,14
mar,a,dh’èirich,14
“cà’il,thu,a’,14
gus,nach,ith,14
“mura,faigh,thu,14
an,ceap,breatainn,14
an,eilean,mhanainn,14
thuirt,a,bhean,14
clann,’ic,coinnich,14
lunn,dà,bhrà,14
a’,ciallachadh,gum,13
gum,b’,fheàrr,13
mòran,ann,an,13
gu,h-àraidh,ann,13
a,bheil,sin,13
air,turas,a,13
an,dùthaich,mhicaoidh,13
sinn,a’,bruidhinn,13
beag,air,a,13
toiseach,na,litreach,13
an,ceangal,a,13
dòcha,gum,biodh,13
measail,air,a’,13
air,an,toirt,13
sin,a,rinn,13
ʼs,gun,do,13
chaidh,a,thoirt,13
ann,am,blàr,13
sam,bith,a’,13
gu,h-àraidh,anns,13
airson,dèanamh,cinnteach,13
uairean,a,thìde,13
a,thiodhlacadh,anns,13
loch,nam,madadh,13
mi,cinnteach,dè,13
à,bith,ann,13
uair,sin,gu,13
leis,an,t-sruth,13
a,dhà,chaidh,13
fad,an,latha,13
sinn,a’,fuireach,13
litir,an,t-seachdain,13
nas,fheàrr,na,13
ceann,a’,ghiùthsaich,13
ciaradh,an,fheasgair,13
a,dhèanamh,gu,13
toirt,a’,chreidsinn,13
an,ath,thuras,13
a,chaidh,a’,13
ùr,ann,an,13
ais,ann,an,13
mi,dhuibh,mar,13
an,soitheach,a,13
agaibh,eòlach,air,13
an,rann,mu,13
rann,mu,dheireadh,13
an,t-ùghdar,a’,13
air,làimh,air,13
bu,choireach,ris,13
ràdh,anns,an,13
bhith,a’,gabhail,13
às,dèidh,na,13
am,measg,eile,13
a,thadhal,air,13
iad,anns,a’,13
fios,aig,a’,13
sàs,gu,mòr,13
an,obar,dheathain,13
bharrachd,air,a’,13
a,chur,orra,13
a’,leantainn,air,13
ann,an,sgoil,13
an,do,ghabh,13
a’,cur,sìos,13
cur,sìos,air,13
ʼic,ille,naoimh,13
ri,chèile,ann,13
iad,air,falbh,13
gu,lèir,a,13
fear,aig,an,13
an,oidhche,a,13
air,cladach,an,13
arm,nan,seumasach,13
nuair,a,thachair,13
na,saighdearan,dearga,13
gus,nach,biodh,13
anns,an,lùnastal,13
dìreach,air,a,13
mar,an,ceudna,13
sa,chaidh,thug,13
ri,fear,a,13
a,dhèanamh,anns,13
an,gàidhlig,is,13
an,gille,a,13
eadar,an,dithis,13
taobh,thall,an,13
iad,air,na,13
air,a,dèanamh,13
faighinn,a-mach,dè,13
a,chuairteachadh,le,13
do,chloinn,’ic,13
a,dh’aindeoin,’s,13
nas,lugha,na,13
tuath,air,a’,13
an,obair,a,13
an,t-ùghdar,ag,13
pìos,beag,air,13
chanas,daoine,ris,13
air,ceann,an,13
thug,am,fear,13
a’,bhean,agam,13
airson,taic,a,13
mhath,leam,a,13
air,an,òran,13
an,saoghal,na,13
an,àiteachan,eile,13
air,an,t-sluagh,13
air,cladach,loch,13
ann,an,cille,13
ri,linn,nan,13
nuair,a,chuir,13
ciallachadh,gu,bheil,13
an,aon,àite,13
bith,ann,an,13
is,a,chompanaich,13
deas,na,h-alba,13
ceist,agam,dhuibh,13
chuir,iad,an,13
air,a’,chnoc,13
nach,urrainn,dhomh,13
sàs,anns,an,13
sguabadh,air,falbh,13
anns,an,fharsaingeachd,13
air,an,rèidio,13
aig,deireadh,a’,13
air,mo,bheulaibh,13
ghàidhlig,air,a,13
mi,dhuibh,tuilleadh,13
aige,anns,an,13
thòisich,mi,air,13
dè,an,seòrsa,13
anns,an,iuchar,13
gu,math,faisg,13
eile,anns,a’,13
an-diugh,ann,an,13
air,a,sheinn,13
’s,iomadh,rud,13
ann,airson,a,13
thug,sinn,sùil,13
fada,gu,leòr,13
ris,an,fhear,13
do,na,gàidheil,13
chun,an,là,13
cho,mòr,ri,13
an,gàidhlig,ach,13
chuir,mi,seachad,13
a’,falbh,a-mach,13
an,dearbh,àite,13
fhèin,is,an,13
a,dhol,a-mach,13
air,an,là,13
an,là,sin,13
dheth,gu,dè,13
thuirt,mi,ris,13
a’,ghàidhealtachd,a,13
ris,ann,an,13
’s,dòcha,ach,13
’s,a,b’,13
gàidhlig,anns,an,13
eisimpleir,ann,an,13
dè,dìreach,a,13
a’,nochdadh,air,13
is,beag,an,13
beag,an,t-iongnadh,13
fhad,’s,as,13
a,bhean,a’,13
an,eilean,mu,13
gu,leòr,’s,13
air,mullach,na,13
gu,leòr,aige,13
chaidh,a,chlàradh,13
air,na,h-eileanan,13
àite,air,a,13
sibh,mar,a,13
bhith,ag,obair,13
cur,às,don,13
gu,math,làidir,13
fear,an,taighe,13
sin,a,thàinig,13
gu,bheil,cuid,13
ach,ann,am,13
deireadh,an,ochdamh,13
iad,air,a’,13
aig,àm,a’,13
a,thoirt,dhi,13
’s,ann,as,13
mar,sin,ann,13
a’,mìneachadh,mar,13
seachad,an,oidhche,13
a-muigh,air,an,13
a’,creidsinn,gun,13
chùis,a,dhèanamh,13
air,mionachan,gus,13
mionachan,gus,nach,13
cus,de,na,13
de,na,cnothan”,13
fhaigh,thu,mise,13
thu,mise,ars’,13
am,bràigh,mhàrr,13
mi,an,t-seachdain,13
an,annie,jane,13
air,a’,mhap,12
na,litreach,an,12
dhuibh,an,ath,12
air,a’,chraoibh,12
mi,sin,a-rithist,12
o,chionn,dà,12
bhios,sinn,a’,12
uairean,sa,mhadainn,12
sibh,ann,an,12
eòlach,air,a,12
mi,gu,math,12
ris,an,fhacal,12
uair,sin,a’,12
siorrachd,inbhir,nis,12
gu,math,mòr,12
uair,sin,thàinig,12
an,taigh,a’,12
a,dhèanamh,orra,12
airson,sin,a,12
mi,fhìn,a’,12
ʼs,a,h-aon,12
an,dèidh,làimhe,12
an,rìgh,a’,12
an,sin,a,12
a’,tighinn,às,12
an,seann,duine,12
bheir,mi,an,12
falbh,leis,an,12
am,measg,muinntir,12
luchd-ionnsachaidh,na,gàidhlig,12
seo,o,chionn,12
gu,mòr,an,12
nochdadh,anns,an,12
anns,an,t-saoghal,12
amharas,agam,gum,12
gum,bi,cuid,12
cho,math,ri,12
ris,an,duine,12
an,duine,seo,12
aca,anns,an,12
a,b’,àbhaist,12
sàs,anns,a’,12
turas,mu,dheireadh,12
an,do,nochd,12
a’,mhonaidh,ruaidh,12
am,faclair,dwelly,12
a’,chuid,mhòir,12
a’,tilleadh,dhachaigh,12
an,duine,eile,12
saoilidh,mi,gun,12
ath,thuras,a,12
a’,dol,am,12
ann,an,dùthchannan,12
bruidhinn,mu,dheidhinn,12
sin,an,aon,12
nuair,a,dh’fhalbh,12
de,na,h-eileanan,12
deiseil,airson,a,12
dèidh,a’,chogaidh,12
airson,an,cumail,12
sinn,a,bhith,12
ag,ràdh,anns,12
iad,a’,faighinn,12
mòr,air,a,12
fhios,agam,dè,12
dà,cheud,gu,12
tighinn,cruinn,còmhla,12
sin,a,thug,12
sin,faisg,air,12
an,t-each,a,12
na,laighe,air,12
urrainn,dha,a,12
mus,do,dh’fhalbh,12
dol,a,laighe,12
thachair,mi,ri,12
na,gàidhlig,ann,12
an,ceann,an,12
air,a’,chroich,12
air,a,thòir,12
chur,don,phrìosan,12
bu,chòir,do,12
air,an,t-siathamh,12
a,rèir,a’,12
a’,dèanamh,iomradh,12
mu,dheireadh,de,12
donnchadh,bàn,mac,12
bàn,mac,an,12
às,dèidh,do,12
amharas,agam,gun,12
ann,an,albais,12
clann,ʼic,ille,12
gu,taigh,an,12
loch,a’,ghartain,12
chanadh,muinntir,an,12
a,chuala,iad,12
an,t-àite,far,12
t-àite,far,an,12
ann,an,uisgeachan,12
ann,leis,an,12
an,rathad,gu,12
ràdh,gun,deach,12
mar,chuimhneachan,air,12
an,latha,roimhe,12
anns,an,sgoil,12
ann,am,bail’,12
an,t-àm,ann,12
a,dhèanamh,eadar,12
thu,ag,iarraidh,12
ars,am,fear,12
an,gille,air,12
chaidh,an,dithis,12
an,dèidh,dha,12
seachad,ann,an,12
thachair,an,aon,12
gu,leòr,a’,12
nic,an,tòisich,12
mi,anns,a’,12
mòran,na,bu,12
àite,far,am,12
teàrlach,òg,stiùbhart,12
duine,air,a,12
sam,bith,anns,12
inbhir,nis,a,12
a’,dol,mar,12
ag,innse,dhomh,12
an,ameireagaidh,a,12
sin,am,fuaim,12
ann,an,aon,12
beag,ris,an,12
a,sin,a,12
as,coireach,gun,12
a’,cleachdadh,a’,12
ann,mar,a,12
sùil,air,na,12
b’,urrainn,don,12
seann,daoine,a’,12
ach,gu,bheil,12
dòchas,gum,bi,12
a,dh’fhaodadh,a,12
dh’fhaodadh,a,bhith,12
air,an,oighreachd,12
a’,bualadh,air,12
ag,iarraidh,an,12
iad,aig,an,12
dèanamh,air,an,12
air,a’,mhonadh,12
bu,chòir,dhaibh,12
ann,leis-san,a,12
grèim,air,a’,12
ann,am,beul,12
taigh,anns,an,12
air,a,cur,12
b’,fheàrr,na,12
mhòr,anns,an,12
an,t-suirbhidh,òrdanais,12
air,daoine,a,12
t-ainm,a’,ciallachadh,12
sinn,an,ath-sheachdain,12
a’,dèanamh,tuairisgeul,12
gu,bheil,a,12
’s,ann,dìreach,12
ann,far,am,12
air,a’,bhliadhna,12
bhith,a’,coiseachd,12
ag,innse,na,12
is,a,bhean,12
seo,na,chanas,12
an,cunnart,a,12
làidir,gu,leòr,12
chur,an,sàs,12
air,a’,cheist,12
do,chuir,sin,12
cur,dragh,air,12
sin,leibh,an-dràsta,12
’s,gum,bi,12
duine,air,an,12
air,mullach,an,12
aige,air,a,12
a’,dol,timcheall,12
chuir,sin,stad,12
falach,ann,an,12
an,eilean,dubh,12
sin,chaidh,an,12
cumail,a-mach,nach,12
bi,fios,agaibh,12
a,bheilear,a’,12
bheil,sibh,ag,12
mhath,leam,sùil,12
leam,sùil,a,12
iad,a’,toirt,12
math,an,còcaire,12
chaidh,a,dh’fhuireach,12
air,leth,a,12
gàidheal,ann,an,12
grunnd,na,mara,12
ann,am,barraigh,12
fear,eile,a,12
an,duine,sin,12
measg,an,fheadhainn,12
às,a’,cheud,12
ràdh,gur,ann,12
ann,às,a’,12
mi,sin,dhuibh,12
an,t-ainm,beurla,12
gu,math,coltach,12
an,oidhche,roimhe,12
sinn,mar,a,12
na,h-uibhir,de,12
ghàidhlig,ann,an,12
na,h-alba,’s,12
gu,bheilear,a’,12
an,aghaidh,a’,12
fàgaidh,mi,sibh,12
airson,a,ràdh,12
às,dèidh,blàr,12
àite,faisg,air,12
taobh,an,rathaid,12
an,deach,a,12
am,facal,beurla,12
chur,an,clò,12
a’,cleachdadh,airson,12
tric,a,bhiodh,12
ach,gu,mì-fhortanach,12
mi,a’,faicinn,12
mar,a,thug,12
obair,anns,an,12
fhathast,anns,an,12
gun,do,chòrd,12
na,gàidhlig,a,12
mhath,leam,rudeigin,12
a,rinn,am,12
iad,air,am,12
a’,creidsinn,ann,12
rinn,iad,an,12
iad,an,uair,12
airson,na,rinn,12
bàs,ann,an,12
ann,an,laidinn,12
a’,toirt,ionnsaigh,12
mìneachadh,mar,a,12
na,bu,tràithe,12
an,t-uisge,ann,12
gum,biodh,a’,12
sin,a’,fàgail,12
aig,ceann,shuas,12
an,t-eilean,sgitheanach,12
a,chur,a,12
bheachd,gun,tàinig,12
ann,an,coire,12
of,the,western,12
air,a’,bhalla,12
às,dèidh,dhomh,12
muinntir,a’,bhaile,12
an,rìgh,an,12
na,cnothan”,“uill,12
tuagh,a,bhuaineas,12
a,bhuaineas,slat,12
bhuaineas,slat,slat,12
slat,slat,a,12
slat,a,ghabhas,12
a,ghabhas,air,12
ghabhas,air,mionachan,12
ainm,a’,bhaile,12
sùil,a,bharrachd,12
na,mòna,duibh,12
mi,a’,cluinntinn,12
ars,an,duine,12
an,gille,dubh,12
sgeulachdan,na,fèinne,12
a,bhios,daoine,11
leam,a,bhith,11
a’,ghrian,a’,11
coimhead,air,a’,11
ann,gun,do,11
seo,na,thuirt,11
canaidh,mi,sin,11
aig,ceann,loch,11
coireach,gu,bheil,11
ach,ged,a,11
gam,thoirt,gu,11
ma,choimheadas,sibh,11
bheil,sin,fìor,11
le,chèile,a’,11
an,aghaidh,nam,11
mu,dheireadh,air,11
fear,eile,ann,11
air,gàidhealtachd,na,11
dol,air,adhart,11
air,cùl,na,11
iad,a,h-uile,11
gu,tric,bhiodh,11
ann,an,uamh,11
ann,airson,an,11
an,dàrna,fear,11
fios,a,chur,11
chur,air,na,11
nach,do,rinn,11
air,an,ainmeachadh,11
chanas,iad,ann,11
a’,ghàidhlig,airson,11
far,a,bheilear,11
seo,air,a,11
an,dà,rud,11
sùil,air,a,11
bharrachd,air,na,11
phrìosan,ann,an,11
leabhar,mu,dheidhinn,11
chaidh,a,thiodhlacadh,11
fhèin,anns,an,11
san,eilean,sgitheanach,11
a,chur,ris,11
gu,h-àraidh,an,11
toilichte,nuair,a,11
air,an,turas,11
dhuinn,gun,do,11
gun,do,rugadh,11
falbh,bho,na,11
airson,còrr,is,11
as,coireach,ris,11
a,ràdh,gun,11
bidh,sinn,a’,11
nuair,a,chluinneas,11
a’,cheist,a,11
an,duilgheadas,a,11
an,dualchas,nan,11
do,rinn,mi,11
gu,leòr,an,11
ann,an,toiseach,11
toiseach,an,fhicheadamh,11
bhith,a’,fàs,11
sin,chaidh,a,11
feadhainn,dhen,bheachd,11
is,feadhainn,eile,11
daoine,dhen,bheachd,11
bhith,ag,ràdh,11
a-mach,gun,do,11
dè,thachair,do,11
air,bàs,fhaighinn,11
feumaidh,gun,do,11
do,nochd,an,11
bliadhna,mus,do,11
a,rinn,thu,11
chuir,iad,romhpa,11
a-rithist,nuair,a,11
gu,math,toilichte,11
daoine,a’,gabhail,11
sabaid,le,chèile,11
am,biodh,iad,11
thathar,ag,aithris,11
air,a,togail,11
a’,feitheamh,ri,11
dèanamh,iomradh,air,11
san,latha,an-diugh,11
dhuibh,an,ath-sheachdain,11
mi,air,ais,11
a’,dèanamh,ceangal,11
à,loch,abar,11
thug,an,rìgh,11
sinn,anns,an,11
a,chanadh,muinntir,11
aig,toiseach,a’,11
mus,fhàg,sinn,11
às,a’,ghàidhealtachd,11
dèidh,gun,do,11
bharrachd,air,an,11
toilichte,mu,dheidhinn,11
ann,an,stoirm,11
an,cois,na,11
anns,an,ùine,11
thuirt,fear,de,11
fios,aig,na,11
iad,an,dùil,11
air,a,chùlaibh,11
daoine,ris,an,11
do,ràinig,iad,11
am,broinn,an,11
mu,na,thachair,11
h-uile,càil,a,11
dèidh,dha,a,11
dèidh,sin,a,11
a,thill,an,11
mi,dhuibh,an-ath-sheachdain,11
anns,an,stòiridh,11
a’,chòrr,dhen,11
seo,agaibh,an,11
tuigidh,sibh,gun,11
faisg,air,na,11
t-seann,aimsir,bhiodh,11
ris,an,eaglais,11
feadhainn,ann,an,11
ann,eadar,na,11
air,na,seann,11
a’,chiad,latha,11
an,àite,ach,11
ann,am,moireibh,11
a,bheatha,ann,11
a,sgrìobhadh,leis,11
saoghal,na,gàidhlig,11
eaglais,na,h-alba,11
a,thuirt,mi,11
a’,buntainn,ri,11
an,cille,chuimein,11
nach,bu,chòir,11
le,droch,rùn,11
h-uile,duine,aca,11
clach,an,fhithich,11
a’,gabhail,dragh,11
strì,an,aghaidh,11
do,chuir,iad,11
bhith,a’,falbh,11
dìreach,ann,an,11
anns,an,dàmhair,11
aige,nuair,a,11
aige,ann,am,11
mar,sin,gu,11
dòcha,gum,bu,11
allt,a’,bhonnaich,11
a,ràdh,gu,11
an,àite,an,11
bhiodh,na,daoine,11
an,t-urramach,iain,11
dheth,gu,bheil,11
an,lus,seo,11
ged,nach,urrainn,11
gu,dè,an,11
a’,nochdadh,gu,11
am,broinn,na,11
a,sguabadh,air,11
cudromach,ann,an,11
de,na,saighdearan,11
uair,sin,ach,11
thachair,ann,an,11
anns,an,arm,11
a,bhith,nan,11
mi,an,còrr,11
anns,an,dùbhlachd,11
am,beurla,canaidh,11
chanas,sinn,ris,11
aig,àm,na,11
bidh,cuimhn’,agaibh,11
os,cionn,a’,11
beurla,ann,an,11
sin,stad,air,11
gum,bi,fios,11
a’,dèanamh,fuaim,11
a,bhith,ga,11
eadhon,nuair,a,11
sin,far,a,11
air,chois,ann,11
chois,ann,an,11
na,h-alba,aig,11
de,na,h-ainmean,11
iomadh,rud,a,11
a’,chiad,phàirt,11
an,còcaire,an,11
sibh,a’,cuimhneachadh,11
a’,bruidhinn,ris,11
math,faisg,air,11
mi,rium,fhìn,11
seo,a’,tighinn,11
ag,obair,do,11
air,an,sgìre,11
muinntir,na,gàidhealtachd,11
ann,an,linne,11
chuid,mhòr,dhen,11
a’,tighinn,à,11
air,ais,mar,11
beurla,a,thàinig,11
a,thaghadh,mar,11
bhliadhna,às,dèidh,11
innsidh,mi,sin,11
is,iongantach,mura,11
sgrìobh,am,bàrd,11
lorg,ann,an,11
aon,rud,a,11
neo,mar,a,11
am,mòran,àiteachan,11
am,facal,gàidhlig,11
fad’,air,falbh,11
thall,an,sin,11
air,cùl,a’,11
bith,air,an,11
às,dèidh,dhaibh,11
bhith,anns,an,11
’s,as,aithne,11
a’,ciallachadh,“the,11
tighinn,a-steach,don,11
mu,dheireadh,fhuair,11
thall,ann,an,11
nan,daoine,a,11
a,thathar,ag,11
dh’òrdaich,an,rìgh,11
na,cheannard,air,11
thu,ann,an,11
dh’fhuireach,ann,am,11
biadh,gu,leòr,11
na,h-eileanan,an,11
taobh,a-muigh,a’,11
bheachd,gum,b’,11
nuair,a,ruigeadh,11
thuirt,am,ministear,11
sin,a,ràdh,11
ann,an,àird,11
chì,sibh,gu,11
a’,togail,creach,11
am,facal,a’,11
bho,mhuinntir,an,11
an,droch,shìde,11
an,stòiridh,seo,11
thathar,a’,cleachdadh,11
canaidh,mi,a-rithist,11
an,ùine,a,11
ris,an,fheadhainn,11
a,b’,aithne,11
an,rud,as,11
air,uachdar,na,11
ann,am,melbourne,11
is,an,uair,11
ann,an,seachd-deug,11
slàn,do,na,11
agaibh,’s,dòcha,11
sin,a,chluinntinn,11
sinn,sùil,a,11
anns,a’,chumantas,11
fad,na,h-oidhche,11
ainm,ann,an,11
mar,sin,chuir,11
cho,fada,ri,11
na,h-alba,anns,11
le,taic,bho,11
dhuinn,gu,bheil,11
faisg,air,mullach,11
rinn,iad,a’,11
iad,a’,chùis,11
dè,an,t-ainm,11
smaoineachadh,gun,do,11
anns,a’,ghrèig,11
dhèanamh,air,a’,11
“a,bheil,thu,11
a-mach,à,sealladh,11
ann,am,fraingis,11
a,rinn,na,11
ann,an,ainm,11
a’,dol,à,11
nuair,a,dh’fhàg,11
ann,an,canaigh,11
gum,faigheadh,iad,11
clach,a,bhleitheas,11
a,bhleitheas,tuagh,11
bhleitheas,tuagh,tuagh,11
tuagh,tuagh,a,11
uisge,a,fhliuchas,11
nuair,a,thathar,11
an,àird,an,11
a,rinn,mi,11
chaidh,iad,a-steach,11
air,a’,mhullach,11
no,air,an,11
seo,an,tè,11
àite,brèagha,a,11
mu,mar,a,11
gàidhlig,eilean,mhanainn,11
loch,chille,chiarain,11
mar,a,bu,11
na,rudan,a,10
eadhon,ged,a,10
carson,a,bhiodh,10
an,àite,sam,10
aon,rud,eile,10
mi,am,fuasgladh,10
am,fuasgladh,dhuibh,10
co-dhiù,nuair,a,10
tric,a,bhios,10
solas,an,latha,10
a,chì,sibh,10
laighe,air,an,10
air,an,t-seanfhacal,10
a’,ruith,an,10
cuimhne,agam,air,10
iar,na,h-alba,10
nan,seumasach,ann,10
thar,a’,chaolais,10
cur,gu,feum,10
mu,dheireadh,aig,10
aghaidh,a,chèile,10
thoirt,air,a’,10
bruidhinn,ri,chèile,10
ag,aithneachadh,an,10
à,uibhist,a,10
nàiseanta,ann,an,10
ann,am,poilitigs,10
iad,a’,smaoineachadh,10
ameireagaidh,a,tuath,10
dhen,aon,seòrsa,10
air,a,chuid,10
a’,leantainn,leis,10
chaidh,am,fear,10
uair,sin,dh’fhalbh,10
thuirt,an,seann,10
iad,uile,a’,10
ann,an,lios,10
an,lios,mòr,10
air,a’,chaisteal,10
a,thoirt,a,10
am,facal,air,10
tuath,na,gàidhealtachd,10
eile,ann,cuideachd,10
an,canadh,iad,10
am,prìomh,bhaile,10
an,taobh,a-muigh,10
agam,gum,bi,10
air,leth,inntinneach,10
an,dèidh,bàs,10
uabhasach,measail,air,10
anns,a’,chunntas,10
as,coireach,gur,10
an,t-ainm,ceart,10
anns,na,seachdadan,10
a,bheil,sinn,10
aghaidh,an,lagh,10
an,alba,air,10
a,bheil,ceangal,10
coireach,ris,an,10
an,turas,mu,10
dhachaigh,ann,an,10
air,ceann,a’,10
a,bheil,allt,10
anns,an,adhar,10
sinn,ag,ràdh,10
air,an,fheasgar,10
an,dòchas,gu,10
ann,gu,bheil,10
còrr,math,is,10
ris,an,eilean,10
a’,tarraing,air,10
ri,a,leithid,10
air,eilean,beag,10
stèidhichte,air,an,10
ùidh,agaibh,ann,10
na,h-alba,gu,10
bheil,sibh,air,10
air,an,togail,10
taobh,a-staigh,beagan,10
agam,air,an,10
anns,an,ògmhios,10
sin,am,measg,10
toirt,taic,do,10
mi,cinnteach,gum,10
cinnteach,gum,bi,10
ag,ràdh,an,10
gu,leòr,aig,10
a’,ciallachadh,na,10
sinn,air,a,10
caisteal,dhùn,bheagain,10
ann,air,sgàth,10
a,chuir,às,10
gu,leth,duine,10
a’,tighinn,air,10
h-uile,rud,a,10
an,cù,a,10
an,rìgh,gu,10
a,mharbhadh,le,10
fìor,gus,nach,10
an,t-àite,as,10
beò,ann,am,10
iad,ag,obair,10
a,chanar,ann,10
anns,a’,chùirt,10
mus,do,ràinig,10
gun,deach,am,10
mhath,leam,an,10
faighinn,air,falbh,10
an,taobh,siar,10
leam,innse,dhuibh,10
an,coltas,a,10
iad,às,an,10
fhathast,a’,fuireach,10
cuid,na,h-oidhche,10
no,dhà,a,10
air,a,shlighe,10
às,an,tàinig,10
mòr,air,an,10
dol,a,dh’ionnsaigh,10
air,sàillibh,sin,10
muinntir,na,sgìre,10
mòran,dhen,bheachd,10
nan,stàitean,aonaichte,10
ceann,an,iar-thuath,10
anns,na,bailtean,10
thu,a’,dèanamh,10
lean,iad,orra,10
thàinig,an,dà,10
iad,deiseil,airson,10
ris,an,àite,10
bhon,latha,sin,10
stad,air,an,10
ann,an,litrichean,10
a,thoirt,leis,10
a’,bhratach,shìth,10
am,broinn,a’,10
ann,an,arm,10
deas,air,inbhir,10
air,a,mharbhadh,10
dol,mar,seo,10
a,nochdas,anns,10
eadar-theangachadh,gu,gàidhlig,10
mi,gum,biodh,10
a’,cur,air,10
a’,toirt,dhuinn,10
a’,fuireach,aig,10
chuir,mi,ceist,10
cuideachd,ag,innse,10
an,ear,na,10
air,an,abhainn,10
gum,biodh,am,10
an,oilthigh,dhùn,10
air,an,cumail,10
no,dhà,ann,10
fileanta,ann,an,10
chanas,sinn,ri,10
gu,leòr,anns,10
a’,cur,a,10
air,muinntir,an,10
taobh,loch,nis,10
a,bhruidhinn,ri,10
sin,ceart,gu,10
air,ais,na,10
gu,math,mì-thoilichte,10
nuair,a,chanas,10
an,seo,ann,10
an,sgìre,seo,10
an,coimeas,ris,10
’s,ged,a,10
na,daoine,anns,10
a’,toirt,seachad,10
chionn,’s,gun,10
às,an,rathad,10
a,chaidh,am,10
air,fhàgail,air,10
air,an,allt,10
ag,obair,don,10
am,bu,chòir,10
cinnteach,gun,cuala,10
an,alba,aig,10
bu,lugha,na,10
tarsainn,na,drochaid,10
air,adhart,gu,10
anns,an,iris,10
a,nochdas,ann,10
iad,sin,an,10
ann,an,cànanan,10
an,fhaclair,aige,10
ag,ràdh,sin,10
a,rèir,cuid,10
mi,sùil,air,10
gàidhlig,aig,an,10
am,bi,sibh,10
an,toiseach,an,10
a,chanas,na,10
fhathast,anns,a’,10
chaidh,an,duine,10
na,sgìre,sin,10
am,falach,air,10
air,mar,ainm,10
a,thuirt,an,10
gin,de,na,10
taobh,a,deas,10
de,dhaoine,a’,10
fios,agaibh,cò,10
an,eilean,sin,10
bho,àite,gu,10
àite,gu,àite,10
ris,an,do,10
ris,an,can,10
nas,motha,na,10
sùil,gheur,air,10
a’,cheist,sin,10
coltach,ri,chèile,10
gus,am,faigh,10
an,gàidhlig,airson,10
’s,ann,ann,10
cho,math,ris,10
dhiubh,air,a,10
a,h-uile,gin,10
ann,ri,linn,10
a,chanas,mi,10
cumail,a-mach,gu,10
an,seòrsa,a,10
fìor,cheann,a,10
ann,às,an,10
air,anns,an,10
a’,faighinn,air,10
uair,sin,thuirt,10
a,chluinntinn,mu,10
thug,mi,an,10
dhen,t-seòrsa,a,10
ann,an,cogadh,10
aig,an,fheadhainn,10
a,thachair,ann,10
cùisean,a’,dol,10
as,dèidh,a,10
is,gu,dearbh,10
bheachd,gur,dòcha,10
a,rugadh,ann,10
a’,chiad,shealladh,10
a,dhèanamh,an,10
cron,sam,bith,10
gu,leòr,do,10
an,dà,chànan,10
fear,eile,air,10
air,bòrd,a’,10
mar,sin,ach,10
a,bhith,cho,10
an,fhir,eile,10
am,beurla,a’,10
pàrlamaid,na,h-alba,10
anns,an,iar-thuath,10
iad,a’,bruidhinn,10
ann,am,pàirtean,10
bidh,daoine,ag,10
fìor,ann,an,10
is,air,a,10
mu,dheidhinn,anns,10
taobh,sear,na,10
air,leth,brèagha,10
ri,a,taobh,10
a,chur,anns,10
às,a’,bhaile,10
air,a’,mhachair,10
a,chunnaic,an,10
gun,do,dh’èirich,10
aig,àm,nuair,10
ann,anns,na,10
ann,an,abhainn,10
a’,bheinn,as,10
bheinn,as,àirde,10
a’,gabhail,àite,10
a’,ciallachadh,ann,10
ris,an,ainm,10
air,sin,a,10
ach,aig,an,10
bhios,daoine,a’,10
a’,dol,eadar,10
sin,math,gu,10
a’,chùis,orra,10
iad,a’,ciallachadh,10
air,a’,mhargaidh,10
h-eileanan,an,iar,10
an,t-eilean,a,10
anns,a’,chuid,10
ann,an,diùra,10
as,dèidh,làimh,10
inntinneach,mu,dheidhinn,10
na,bu,mhò,10
a’,ghàidhlig,ann,10
air,a’,chànan,10
mhòr,nach,do,10
na,daoine,an,10
dha,air,an,10
mi,a’,meòrachadh,10
mar,a,theirear,10
creidsinn,ann,an,10
fionn,mac,cumhail,10
iad,a’,sabaid,10
is,mar,a,10
a-mach,gu,bheil,10
nan,gàidheal,a,10
nochdadh,anns,a’,10
an,dàrna,linn,10
ag,iarraidh,orra,10
air,an,obair,10
anns,na,h-ochdadan,10
comunn,gàidhlig,inbhir,10
guma,slàn,do,10
anns,na,beagan,10
a,dhèanamh,leis,10
sgrìobh,an,leabhar,10
ainmean-àite,ann,an,10
chuala,mi,an,10
a’,ghàidhlig,gu,10
an,cinn,tìre,10
an,àite,mar,10
dhiubh,ann,an,10
a,bhiodh,air,10
macbhàtair,dhen,bheachd,10
na,h-ainmean,sin,10
cinnteach,mu,dheidhinn,10
dheidhinn,sin,ach,10
an,coimeas,ri,10
ri,stad,a,10
iad,nuair,a,10
bòrd,an,t-soithich,10
anns,a’,ghearmailt,10
fheadhainn,a,bu,10
fear,no,tè,10
ann,a,rèir,10
an,t-seann,sgeulachd,10
air,a’,chòigeamh,10
cuiridh,mi,crìoch,10
an,t-sluaigh,a,10
ann,an,coille,10
an,t-seann,ghàidhlig,10
anns,a’,chuimrigh,10
taobh,a-muigh,na,10
an,tè,as,10
as,àirde,anns,10
toilichte,a,bhith,10
eagal,air,na,10
bhith,a’,cuimhneachadh,10
a,fhliuchas,clach,10
fhliuchas,clach,clach,10
clach,clach,a,10
nuair,a,chuireas,10
an,t-uisge,a’,10
b’,iad,an,10
fear,beag,ìosal,10
beag,ìosal,lapanach,10
bhith,a’,sabaid,10
an,stòiridh,a’,10
na,daoine,sin,10
gun,tàinig,am,10
tàinig,am,facal,10
anns,a’,bhothan,10
an,t-acras,air,10
iad,grèim,air,10
sin,a’,dèanamh,10
do,a,bhean,10
leithid,seo,de,10
brèagha,ann,an,10
an,gille,òg,10
thàinig,bhon,ghàidhlig,10
fhaighinn,air,ais,10
dh’fhaighnich,an,sgiobair,10
ann,an,ile,10
rìoghachd,na,fuarachd,10
mac,an,t-sagairt,10
thuirt,an,t-iasg,10
am,buidseach,glas,10
a’,coimhead,a-mach,9
aig,muinntir,na,9
meadhan,a’,gheamhraidh,9
neo,ann,am,9
ann,às,a,9
gun,do,lorg,9
feadhainn,eile,a,9
bheir,mi,am,9
gu,bheil,fios,9
b’,fhaide,na,9
a,chaidh,mi,9
a’,bruidhinn,ann,9
ri,calum,cille,9
chionn,ghoirid,ann,9
muinntir,an,eilein,9
de,bhith,a’,9
an,cur,gu,9
am,baile,atha,9
do,dh’uibhist,a,9
dè,an,ceangal,9
dùil,gum,bi,9
ùine,ann,an,9
an,èirinn,a,9
air,loch,nis,9
am,beurla,an,9
aig,bonn,na,9
chaidh,an,gille,9
bean,an,taighe,9
innse,dhuibh,na,9
gach,duine,aca,9
sin,thuirt,an,9
ars,an,rìgh,9
amharas,agam,nach,9
airson,daoine,a,9
b’,fheudar,dhomh,9
fhios,gu,bheil,9
a-mhàin,ann,an,9
sibh,a’,mothachadh,9
an,toiseach,ach,9
ciamar,a,chanas,9
an,sin,ann,9
dh’fhuireach,anns,an,9
am,fear,air,9
ach,dè,an,9
a,chaidh,ainmeachadh,9
toigh,leam,an,9
a,bhios,ag,9
sin,anns,na,9
cur,ann,an,9
ag,innse,do,9
air,falbh,airson,9
sùil,a,chumail,9
cumail,a-mach,gum,9
anns,a’,phrìomh,9
anns,an,eadailt,9
a,chluinneas,sinn,9
gu,leòr,nach,9
ùidh,ann,an,9
bhith,ag,èisteachd,9
ris,a’,mhuir,9
air,an,iasg,9
a,dh’fhios,agam,9
ann,an,seirbheis,9
do,rinn,an,9
a,thogail,le,9
chanadh,iad,ris,9
dol,gu,math,9
a,thoirt,a-steach,9
mun,àm,sin,9
daoine,a’,cur,9
air,dùn,èideann,9
na,h-àiteachan,sin,9
air,adhart,le,9
eile,a’,dèanamh,9
dùn,èideann,ann,9
èideann,ann,an,9
a’,tilleadh,a,9
