gu,bheil,3414,
gu,math,2275,
mar,sin,1725,
uair,sin,1491,
mu,dheidhinn,1333,
sam,bith,1302,
gu,leòr,1249,
’s,dòcha,1057,
faisg,air,1041,
air,ais,1008,
gum,bi,948,
gum,biodh,851,
’s,ann,780,
chur,air,750,
iad,air,728,
gun,do,702,
às,dèidh,679,
mu,dheireadh,678,
mi,air,651,
air,falbh,646,
o,chionn,608,
gu,bhith,602,
air,adhart,589,
air,feadh,580,
h-uile,duine,573,
fhios,agad,568,
toiseach,ann,567,
inbhir,nis,551,
prògram,seo,534,
of,the,532,
eòlach,air,481,
bhith,ann,446,
sin,air,443,
eilidh,nicleòid,437,
gu,h-àraidh,425,
ann,ach,424,
bu,chòir,423,
fuireach,ann,422,
dhen,bheachd,416,
shona,nicdhòmhnaill,404,
cuid,de,402,
h-uile,càil,401,
‘s,dòcha,386,
dòmhnall,moireasdan,386,
bharrachd,air,379,
coimhead,air,376,
ann,air,373,
ann,airson,370,
gu,dearbh,370,
d’,fhuair,368,
b’,urrainn,368,
ri,chèile,364,
bheil,iad,364,
gu,mòr,363,
sin,ach,362,
còrr,is,349,
dèidh,sin,346,
‘s,ann,342,
dol,air,340,
cho,math,336,
aon,rud,335,
sin,gu,334,
còmhla,ri,330,
innse,dhuibh,326,
no,dhà,319,
mi,cinnteach,319,
mi,gu,310,
feuchainn,ri,310,
sinn,air,308,
smaoineachadh,gu,306,
a-mach,às,301,
bhith,air,301,
thoirt,air,299,
gu,ruige,299,
b’,fheàrr,297,
sin,ann,296,
aig,deireadh,295,
air,leth,294,
andreas,wolff,294,
air,sgàth,293,
as,fheàrr,291,
thairis,air,290,
mar,eisimpleir,290,
ach,’s,288,
dùn,èideann,287,
mi,ann,286,
rud,beag,285,
fhad,’s,284,
in,the,283,
gu,lèir,282,
air,taobh,281,
bidh,mi,277,
sùil,air,276,
bhiodh,iad,276,
gur,ann,275,
air,fad,275,
dhèanamh,air,273,
nan,eilean,272,
air,dòigh,270,
sin,’s,269,
eilean,sgitheanach,269,
mar,seo,269,
nicdhòmhnaill,neach-aithris,269,
as,motha,264,
seo,air,264,
bheil,thu,262,
glè,mhath,261,
ged,nach,260,
bho,chionn,258,
rudan,mar,258,
eile,ann,254,
fear,eile,254,
air,sin,253,
fhuair,mi,252,
fear,de,252,
fhios,a’m,249,
chì,sinn,249,
seonaidh,maccoinnich,249,
nas,fheàrr,247,
coltach,ri,246,
air,mo,246,
as,dèidh,244,
mar,as,242,
le,bhith,242,
t-seachdain,sa,241,
àm,sin,240,
bidh,sinn,239,
màiri,anna,236,
mar,phàirt,235,
eile,air,234,
chionn,ghoirid,233,
calum,macilleathain,233,
bidh,iad,231,
mar,gum,230,
nach,bi,229,
nam,biodh,228,
gu,leth,226,
a-mach,air,225,
dà,cheud,225,
seo,ann,224,
seo,aig,223,
do,rinn,223,
smaoineachadh,gun,222,
sa,chaidh,222,
ann,mar,221,
airson,sin,220,
iad,gu,220,
obair,air,219,
latha,an-diugh,218,
do,dhaoine,216,
smaoineachadh,gur,215,
nach,do,214,
iad,sin,214,
gun,deach,214,
iad,ann,213,
mi,fhìn,212,
urrainn,dhomh,209,
mi,airson,208,
’s,gun,208,
dòcha,gun,207,
sàs,ann,207,
mi,smaoineachadh,207,
dòcha,nach,206,
ràdh,gun,205,
os,cionn,204,
uill,’s,203,
deiseil,airson,203,
mi,dhuibh,202,
dòchas,gun,201,
feumaidh,mi,201,
nan,gàidheal,201,
ga,dhèanamh,200,
aon,àm,198,
chaidh,mi,197,
rinn,mi,197,
mi,dìreach,196,
aonghas,dòmhnallach,196,
chuir,iad,195,
rinn,iad,195,
a-mach,à,195,
bheil,mi,194,
air,bòrd,194,
dòcha,gu,193,
ri,taobh,191,
mun,cuairt,189,
dè,cho,188,
fhuair,iad,188,
bheil,sibh,185,
dhuibh,mu,185,
nicleòid,neach-aithris,185,
seo,mar,183,
dol,a-mach,182,
sibh,eòlach,181,
ann,aig,181,
chuala,mi,180,
do,chuir,180,
timcheall,air,180,
sin,mar,179,
sin,chaidh,178,
bheil,sinn,178,
innse,dhuinn,177,
aig,àm,177,
dòchas,gum,177,
air,choreigin,176,
mus,do,176,
taobh,a-muigh,176,
fuireach,anns,176,
ràdh,gu,175,
ann,cuideachd,175,
seo,ach,175,
gum,b’,174,
nach,biodh,174,
naoidheamh,linn,173,
innsidh,mi,173,
fios,aig,173,
aca,air,171,
ga,chur,170,
air,fhàgail,169,
measg,nan,168,
bheachd,gun,168,
ann,gu,168,
chuir,mi,167,
math,air,166,
ann,’s,166,
ach,‘s,165,
ach,gu,163,
chaidh,iad,163,
duine,sam,163,
chreid,mi,162,
thuirt,mi,160,
air,mar,160,
ann,ann,160,
nam,measg,160,
seachad,air,160,
a-steach,don,159,
ach,nuair,159,
ach,dè,159,
còmhla,ris,159,
co-cheangailte,ri,158,
air,daoine,157,
bu,mhath,157,
seo,gu,157,
seo,a-nis,157,
dhùn,èideann,156,
air,tìr,156,
gu,ìre,156,
taing,do,156,
dè,seòrsa,155,
mhath,leam,153,
nas,motha,153,
iad,airson,153,
air,tighinn,152,
bu,mhotha,152,
wolff,neach-aithris,152,
sin,nuair,151,
gun,tèid,151,
sinn,gu,150,
ann,gun,149,
fhèin,air,148,
mi,sin,147,
agam,air,147,
gu,tric,147,
ann,mu,147,
iad,fhèin,147,
gu,sònraichte,147,
feumaidh,sinn,147,
mo,mhàthair,147,
bheil,sin,146,
gu,feum,146,
as,trice,146,
taobh,siar,146,
dòmhnall,maclaomainn,146,
bliadhna,air,145,
aige,air,145,
sin,anns,144,
fhios,agam,144,
cho,fada,143,
leis,gu,143,
dà,bhliadhna,142,
rèir,choltais,142,
b’,ann,142,
tighinn,a-steach,142,
bidh,sibh,141,
dà,chuid,141,
thug,iad,141,
dhol,air,141,
ceart,gu,141,
aig,toiseach,140,
bheir,mi,140,
dìreach,mar,140,
dol,gu,140,
nas,fhaide,140,
’s,gu,140,
thu,fhèin,139,
de,dhaoine,139,
dìreach,air,139,
air,cùl,138,
cinnteach,gu,137,
chunnaic,mi,137,
ruaraidh,rothach,137,
airson,’s,136,
ri,dhèanamh,136,
feumaidh,tu,136,
le,taing,136,
dòcha,gum,135,
fiù,’s,135,
ìre,mhath,134,
mòran,de,134,
cheart,cho,134,
obair,ann,134,
bruidhinn,mu,134,
gu,dearbha,134,
obar,dheathain,133,
faighinn,a-mach,133,
math,gu,133,
chur,ann,133,
aig,daoine,132,
dà,mhìle,132,
gu,tuath,132,
taobh,a-staigh,132,
duine,air,132,
and,the,132,
bhith,ga,132,
cur,air,132,
mòr,ann,131,
roinn,eòrpa,130,
aithris,seo,130,
moireasdan,neach-aithris,130,
chì,sibh,129,
dèanamh,cinnteach,129,
ri,linn,129,
fhèin,is,129,
rèir,beul-aithris,129,
chì,thu,129,
to,the,129,
seo,’s,128,
fios,agaibh,128,
mar,ainm,128,
saoilidh,mi,128,
gus,nach,128,
dol,ga,127,
a-mach,gu,127,
cho,mòr,127,
dhà,no,127,
là,ann,127,
kerr,gibb,127,
nan,daoine,126,
daoine,air,126,
phàirt,de,126,
air,gach,126,
tighinn,air,126,
dol,ann,125,
nas,fhasa,125,
sin,airson,125,
thoirt,do,125,
coinneach,mac,125,
ach,mar,124,
le,sin,124,
iain,macilleathain,124,
dòcha,gur,123,
b’,esan,123,
fhaighinn,air,122,
iad,uile,122,
tro,mheadhan,122,
preseantair,nise,122,
macilleathain,neach-aithris,122,
cho,luath,121,
mhòr,air,120,
measail,air,120,
ann,à,120,
b’,fheudar,120,
ri,fhaicinn,120,
gach,bliadhna,119,
m’,athair,119,
dol,dhan,119,
you,know,119,
’s,gum,118,
ri,sin,118,
smaointinn,gu,118,
toigh,leam,117,
leugh,mi,117,
chanas,iad,117,
gum,faigh,117,
còrr,air,117,
h-uile,rud,116,
ceud,bliadhna,116,
gun,tig,116,
rud,sam,116,
feadhainn,eile,115,
calum,cille,115,
sinn,sùil,115,
thoirt,seachad,115,
mòr,air,114,
cheann,thall,114,
uabhasach,math,114,
maccoinnich,neach-aithris,114,
bith,eile,113,
ach,air,113,
thu,air,113,
’s,nach,113,
to,be,113,
thòisich,mi,113,
bi,iad,113,
macleòid,neach-aithris,113,
aca,fhèin,112,
gun,d’,112,
gu,mì-fhortanach,112,
fhuair,sinn,112,
tighinn,gu,112,
mi,a-mach,111,
sibh,air,111,
gum,bu,111,
it,was,111,
ri,daoine,111,
for,the,111,
sin,aig,110,
ais,gu,110,
bheachd,gu,110,
smaoineachadh,gum,110,
neach-aithris,‘s,110,
ach,ann,109,
cumail,a-mach,109,
bruidhinn,air,109,
uile,gu,109,
urrainn,dhuinn,109,
sa,mhadainn,108,
ann,an-diugh,108,
uabhasach,fhèin,108,
’s,iomadh,108,
rud,as,108,
sin,math,107,
on,the,107,
uiread,de,107,
bheir,sinn,107,
co-cheangailte,ris,107,
gheibh,thu,107,
iain,macaonghais,107,
dèanamh,air,106,
ach,aig,106,
ach,bidh,106,
tuigidh,sibh,106,
fhada,gus,106,
sin,bidh,106,
t-seachdain,seo,105,
còrdadh,rium,105,
cuiridh,mi,105,
mi,fhèin,105,
suas,ri,104,
seo,agaibh,104,
againn,air,104,
air,dà,104,
smaoineachadh,air,103,
ann,nuair,103,
air,fhichead,103,
chanadh,iad,103,
at,the,103,
fear,dhiubh,103,
iarraidh,air,103,
ann,bho,103,
urrainn,dhut,103,
aig,ceann,102,
stèidhichte,air,102,
tuath,air,102,
beag,air,102,
as,t-samhradh,102,
dè,mu,102,
turas,seo,102,
sin,cuideachd,102,
ann,le,102,
air,làimh,102,
sin,‘s,102,
nicdhòmhnaill,bbc,102,
urrainn,dha,101,
ann,anns,101,
urrainn,dhaibh,101,
dè,thachair,101,
air,do,101,
taobh,eile,101,
chùil,lodair,101,
ochdamh,linn,101,
airson,nan,101,
sin,agad,101,
baile,beag,100,
gun,tàinig,100,
cuimhne,agam,100,
nan,seumasach,100,
ann,eadar,100,
“tha,mi,100,
ceathrad,’s,100,
math,tric,100,
seo,airson,100,
gun,teagamh,100,
fhathast,ann,100,
’s,iad,100,
‘s,iad,100,
tadhal,air,99,
sgìre,sin,99,
as,coireach,99,
feumach,air,99,
ràdh,gur,99,
bhith,gu,99,
againn,ann,98,
bhon,uair,98,
às,aonais,98,
dèanamh,dheth,98,
bhith,aig,98,
sinn,ann,98,
aig,amannan,98,
duine,eile,98,
cuideachd,air,98,
tòrr,nas,98,
dòmhnallach,neach-aithris,98,
dùil,gun,97,
airson,greis,97,
chuid,as,97,
gàidhlig,ann,97,
agam,ann,97,
fhèin,ach,96,
sin,fìor,96,
gàidhlig,air,96,
aige,ann,96,
bheachd,gur,96,
ràdh,nach,96,
amas,air,96,
chiad,uair,96,
rothach,neach-aithris,96,
tighinn,bhon,95,
ùr,air,95,
chur,gu,95,
dhèanamh,ach,95,
leòr,ann,94,
ach,chaidh,94,
bith,ann,94,
ochdad,’s,94,
bliadhna,ann,94,
bhios,ann,94,
dh’,fhaodadh,94,
ailean,macleòid,94,
daoine,eile,93,
is,mar,93,
iad,cho,93,
sgeul,air,93,
an-diugh,ach,93,
mi,ga,93,
coltach,gu,93,
chiad,turas,92,
math,cudromach,92,
biodh,iad,92,
dhèanamh,ann,92,
thogail,ann,92,
gu,dè,92,
macilleathain,preseantair,92,
bruidhinn,ri,91,
gu,ceann,91,
b’,fhada,91,
mi,gun,91,
air,mullach,91,
coltach,gun,91,
chur,ri,91,
de,dh’,91,
nach,b’,90,
b’,àbhaist,90,
air,ach,90,
ann,gum,90,
chionn,’s,90,
car,coltach,89,
ann,às,89,
is,mise,89,
o,shean,89,
taobh,sear,89,
crìoch,air,89,
chionn,fhada,89,
aon,duine,89,
cho,cudromach,89,
falbh,bhon,88,
rud,eile,88,
ach,ma,88,
bith,air,88,
air,tìr-mòr,88,
eilean,siar,88,
ràinig,iad,88,
ach,anns,88,
‘s,gu,88,
àite,far,87,
gu,tur,87,
b’,iad,87,
air,beulaibh,87,
gàidhlig,aig,87,
deas,air,87,
dìreach,airson,87,
cheud,bliadhna,87,
loch,abar,87,
nì,mi,87,
thàinig,mi,87,
ma,bhios,87,
dà,fhichead,87,
ri,teachd,87,
toirt,air,87,
doneil,macleòid,87,
àm,seo,86,
dhen,bhliadhna,86,
do,caledonia,86,
caledonia,tv,86,
do,dh’,86,
mi,smaointinn,86,
bidh,fios,85,
fhèin,’s,85,
thoirt,dha,85,
tighinn,bho,85,
cinnteach,gun,85,
às,ùr,85,
mo,bheatha,85,
ràdh,gum,85,
thug,mi,84,
dà,rud,84,
daoine,ann,84,
aig,aon,84,
aige,fhèin,84,
gun,toir,84,
gum,faigheadh,84,
dh’fhaodadh,tu,84,
sgoil,ghàidhlig,84,
mhàiri,anna,84,
a-nis,air,84,
‘s,gun,84,
angela,nicilleathain,84,
coimhead,airson,83,
ann,fhathast,83,
cuid,dhen,83,
eile,anns,83,
seòrsa,de,83,
mhòr,ann,83,
gu,deas,83,
sin,dìreach,83,
air,fàs,83,
ann,nach,83,
thuige,seo,83,
ach,dìreach,83,
ach,aon,82,
sin,far,82,
le,chèile,82,
air,fear,82,
eile,ach,82,
san,eilean,82,
aca,ri,82,
nàdar,de,82,
airson,faighinn,82,
aig,nach,82,
trithead,’s,82,
ri,dhol,82,
math,airson,82,
rud,math,82,
àm,ri,82,
nicleòid,bbc,82,
dòchas,ann,82,
maclaomainn,neach-aithris,82,
coltach,ris,81,
t-seann,aimsir,81,
airson,ùine,81,
beachdachadh,air,81,
grèim,air,81,
air,atharrachadh,81,
leòr,airson,81,
bu,choireach,81,
feum,air,81,
air,seo,81,
far,nach,80,
sgàth,’s,80,
ann,bhon,80,
aca,airson,80,
no,mar,80,
dha,fhèin,80,
ùine,mhòr,80,
cuideachd,airson,80,
buaidh,air,80,
fìor,mhath,80,
toirt,seachad,80,
sin,ceart,80,
glè,bheag,80,
fios,agam,80,
no,rudeigin,80,
thu,gu,80,
aig,ìre,80,
seo,‘s,80,
oir,’s,79,
cothrom,aig,79,
sinn,dè,79,
bi,thu,79,
canaidh,sinn,79,
mìle,not,79,
dheidhinn,sin,79,
h-uile,bliadhna,79,
bho,thùs,79,
bith,dè,79,
tòrr,dhaoine,79,
sin,gun,79,
là,an-diugh,79,
dhol,a-mach,79,
and,we,79,
toirt,sùil,78,
going,to,78,
fhèin,ann,78,
cuideachd,ach,78,
ri,bhith,78,
bhuineadh,do,78,
eilein,sgitheanaich,78,
agam,ri,78,
tighinn,còmhla,78,
aon,de,78,
millean,not,78,
h-uile,latha,78,
h-uile,sìon,78,
gu,àm,77,
carson,nach,77,
air,latha,77,
dhèanamh,airson,77,
air,ceann,77,
èisteachd,ri,77,
ùr,ann,77,
sin,bhiodh,77,
cinnteach,gum,77,
tighinn,a-mach,77,
sibh,fhèin,77,
rudeigin,mar,77,
dol,a-steach,77,
ach,le,77,
air,thoiseach,76,
sin,thàinig,76,
thàinig,iad,76,
ais,don,76,
dhol,gu,76,
bhith,aca,76,
do,thachair,76,
bidh,daoine,76,
dhiubh,sin,76,
ach,feumaidh,76,
san,sgìre,76,
cia,mheud,75,
sibh,gu,75,
thoirt,gu,75,
bi,sibh,75,
air,eilean,75,
aig,iain,75,
mi,riamh,75,
àite,air,75,
iad,ri,75,
aon,uair,75,
còmhla,rium,75,
aig,muinntir,74,
àm,gu,74,
bhith,anns,74,
sin,uill,74,
latha,sin,74,
leòr,air,74,
aig,duine,74,
leithid,de,74,
dhen,t-seòrsa,74,
with,the,74,
do,mhuinntir,74,
faighinn,air,74,
phàirt,dhen,74,
seann,daoine,74,
ge,bith,74,
bhios,mi,74,
ga,thoirt,74,
cho,fad,74,
comhairle,nan,74,
a-steach,dhan,74,
dhan,àmhainn,74,
nicilleathain,preseantair,74,
innes,rothach,74,
chùis,air,73,
mi,anns,73,
à,bith,73,
de,mhuinntir,73,
mar,bu,73,
falbh,bho,73,
bliadhna,ach,73,
agam,fhìn,73,
obair,còmhla,73,
gu,taigh,72,
dèanamh,sin,72,
do,dhuine,72,
barrachd,dhaoine,72,
sàs,anns,72,
ga,chleachdadh,72,
dheidhinn,nan,72,
air,aon,72,
ciallachadh,gu,72,
mi,nach,72,
iad,a-mach,72,
seasgad,’s,72,
cho,furasta,72,
suas,gu,72,
dhaibh,fhèin,72,
’s,mar,72,
seo,fuine,72,
's,dòcha,72,
ann,tric,71,
ghàidhlig,air,71,
air,ann,71,
sinn,uile,71,
sa,bhaile,71,
mise,air,71,
fuireach,air,71,
airson,beagan,71,
ann,dìreach,71,
math,eadar-dhealaichte,71,
eileen,nicdhòmhnaill,71,
mi,toilichte,70,
lorg,mi,70,
gach,latha,70,
sa,bhliadhna,70,
dòigh,air,70,
ach,a-mhàin,70,
mura,h-eil,70,
àite,ann,70,
do,ghabh,70,
dèidh,dha,70,
seachdad,’s,70,
rudan,eile,70,
ach,airson,70,
chiad,leabhar,70,
bho,àm,69,
aithne,dhomh,69,
sin,fhèin,69,
dùil,gum,69,
rud,nach,69,
ath,litir,69,
cinnteach,nach,69,
h-eileanan,siar,69,
gu,tìr,69,
a-steach,gu,69,
eile,airson,69,
lorg,air,69,
as,àirde,69,
aca,ann,69,
tè,de,69,
idir,ach,69,
bhiodh,ann,69,
ann,do,69,
fiù,‘s,69,
nochdadh,ann,68,
ʼs,ann,68,
air,loch,68,
ach,cuideachd,68,
nach,maireann,68,
do,thòisich,68,
bhiodh,daoine,68,
ann,de,68,
gun,tug,68,
a-mach,gun,68,
siorrachd,pheairt,68,
dòmhnall,iain,68,
ann,as,68,
aig,muir,68,
do,chuid,68,
as,urrainn,68,
th,ann,68,
ann,‘s,68,
den,t-seòrsa,68,
ri,thighinn,68,
ri,fhaotainn,68,
mus,deach,67,
mhòr,nach,67,
ainmeil,airson,67,
ri,fear,67,
aige,ach,67,
chumail,air,67,
mi,ach,67,
mu,thràth,67,
new,zealand,67,
feumaidh,iad,67,
seo,dìreach,67,
neach-aithris,ach,67,
air,chois,66,
sinn,ga,66,
air,muin,66,
stad,air,66,
roimhe,sin,66,
gu,fortanach,66,
bho,bhith,66,
air,dè,66,
sin,fhathast,66,
bliadhna,bhon,66,
seo,thuige,66,
rothach,preseantair,66,
ʼs,dòcha,65,
do,thuig,65,
ceangailte,ri,65,
gàidhlig,ach,65,
dol,seachad,65,
obair,mar,65,
no,air,65,
sin,le,65,
mi,ri,65,
buidheann,de,65,
beagan,nas,65,
aige,ri,65,
chaidh,sinn,65,
luath,’s,65,
faicinn,gu,65,
port,rìgh,65,
math,doirbh,65,
ghobhainn,neach-aithris,65,
gibb,neach-aithris,65,
innse,dhomh,64,
is,gu,64,
dh’fhuireach,ann,64,
dhuibh,mun,64,
taobh,thall,64,
sin,a-mach,64,
iad,ga,64,
bhiodh,tu,64,
san,latha,64,
gach,taobh,64,
ri,fhaighinn,64,
chuid,mhòr,64,
naochad,’s,64,
bliadhna,às,64,
dhen,sin,64,
rinn,sinn,64,
bi,sinn,64,
a-staigh,dhan,64,
aon,àite,63,
tarsainn,air,63,
airson,daoine,63,
mi,nam,63,
bhith,cinnteach,63,
cuid,eile,63,
leis,gun,63,
sgìre,seo,63,
air,cuid,63,
faigh,sinn,63,
mi,’s,63,
math,nas,63,
bheil,daoine,63,
dìreach,rud,63,
cuiridh,sinn,63,
math,dha-rìribh,63,
we,have,63,
that,we,63,
iain,macdiarmaid,63,
air,ar,62,
eadar-dhealaichte,bho,62,
loch,nis,62,
thu,ga,62,
beagan,bhliadhnaichean,62,
cur,ann,62,
nuair,nach,62,
mu,thuath,62,
mu,dhà,62,
duine,ann,62,
sìos,gu,62,
chur,seachad,62,
sinn,sin,62,
dèanamh,tòrr,62,
iad,cuideachd,62,
bidh,mise,62,
thu,ann,62,
all,the,62,
feasgar,math,62,
's,ann,62,
tighinn,a-staigh,62,
thoirt,dhan,62,
’s,toigh,61,
nam,beann,61,
cò,às,61,
airson,innse,61,
ùidh,mhòr,61,
mhòr,aig,61,
fàs,gu,61,
obair,aig,61,
cur,às,61,
cur,seachad,61,
do,chòrd,61,
rinn,thu,61,
iad,anns,61,
seo,chaidh,61,
chur,a-mach,61,
air,inbhir,61,
obair,anns,61,
bhiodh,sin,61,
t-seachdamh,linn,61,
dhèanamh,le,61,
mhaighstir,alasdair,61,
sin,a-nis,61,
tuilleadh,aig,61,
gun,dèan,61,
cuimhne,a’m,61,
fàilte,oirbh,60,
bheil,fios,60,
iain,mac,60,
no,ann,60,
chanas,sinn,60,
gu,bràth,60,
do,ràinig,60,
air,cladach,60,
blàr,chùil,60,
buaidh,mhòr,60,
air,muinntir,60,
an-diugh,’s,60,
fhios,againn,60,
tron,latha,60,
mi,dhut,60,
fhios,a’d,60,
chionn,‘s,60,
bhiodh,sinn,60,
dhan,eaglais,60,
bbc,alba,60,
wolff,bbc,60,
lot,of,60,
là,glaschu,60,
aon,seòrsa,59,
mi,eòlach,59,
buileach,cinnteach,59,
chiad,dol,59,
iad,nan,59,
dhol,ann,59,
airson,dèanamh,59,
cho,tric,59,
air,obair,59,
math,toilichte,59,
don,taigh,59,
gun,tigeadh,59,
inbhir,pheofharain,59,
dhaoine,air,59,
is,gun,59,
rud,gu,59,
bidh,thu,59,
anns,gach,59,
dol,timcheall,59,
seo,cuideachd,59,
sin,ma,59,
siud,’s,59,
is,rudan,59,
feadh,alba,59,
to,do,59,
macaonghais,preseantair,59,
le,daoine,58,
siar,air,58,
airson,nam,58,
chionn,beagan,58,
air,bhog,58,
ainmeil,air,58,
leòr,ach,58,
chunnaic,iad,58,
cuideachd,gu,58,
le,cinnt,58,
bho,air,58,
buileach,cho,58,
fàs,nas,58,
creidsinn,gu,58,
sin,idir,58,
gu,cinnteach,57,
seòrsa,rud,57,
ach,rinn,57,
ann,chaidh,57,
dòchas,nach,57,
is,ceud,57,
dh’aindeoin,sin,57,
beagan,làithean,57,
thòisich,iad,57,
gu,h-oifigeil,57,
fhèin,mar,57,
ann,leis,57,
iad,ach,57,
mi,cho,57,
alasdair,friseal,57,
fad,’s,57,
fhios,aig,57,
bheil,seo,57,
as,cudromaiche,57,
cò,ris,57,
have,to,57,
sin,thuirt,56,
fhathast,ach,56,
eòlas,air,56,
ainmeil,ann,56,
droch,shìde,56,
còmhla,ann,56,
fear,beag,56,
chaidh,fhoillseachadh,56,
air,nochdadh,56,
fear,air,56,
rud,air,56,
math,inntinneach,56,
siorrachd,rois,56,
sin,chuir,56,
t-seòrsa,sin,56,
mòr,ri,56,
latha,dhen,56,
aon,turas,56,
gur,dòcha,56,
dèidheil,air,56,
clann,’ic,56,
dragh,air,56,
fios,agad,56,
nach,urrainn,56,
adhart,gu,56,
à,leòdhas,56,
bhon,ghàidhlig,56,
bhios,tu,56,
cuid,dhiubh,56,
dìreach,ga,56,
gum,feum,56,
nì,sinn,56,
this,is,56,
air,tòiseachadh,56,
sin,dheth,56,
seo,aibisidh,56,
maccoinnich,bbc,56,
ùisdean,uill,56,
dòchas,gu,55,
do,lorg,55,
thoirt,a-mach,55,
nan,caorach,55,
leis,nach,55,
fhèin,gu,55,
sin,cho,55,
cuideachd,mar,55,
toirt,taic,55,
air,iain,55,
air,mòran,55,
mi,aig,55,
sin,fhuair,55,
tòiseachadh,air,55,
don,eilean,55,
air,chuairt,55,
toilichte,gu,55,
thèid,sinn,55,
chuir,sin,55,
gun,dèanadh,55,
as,t-earrach,55,
dìreach,gu,55,
sin,gum,55,
eile,de,55,
bhith,againn,55,
coimhead,às,55,
den,bheachd,55,
fhicheadamh,linn,54,
do,mhòran,54,
a-steach,air,54,
amharas,agam,54,
sin,as,54,
leis,fhèin,54,
rium,gu,54,
loch,laomainn,54,
ro,fhada,54,
sìos,air,54,
eadar,dà,54,
air,tachairt,54,
nas,lugha,54,
obair,mhòr,54,
fo,smachd,54,
math,’s,54,
uair,sam,54,
chleachdadh,airson,54,
aig,gach,54,
chaidh,seachad,54,
mi,creidsinn,54,
idir,idir,54,
macilleathain,bbc,54,
air,duine,53,
ceann,loch,53,
cuala,sibh,53,
sin,agaibh,53,
eile,aig,53,
leabhar,aige,53,
nach,ann,53,
latha,eile,53,
bidh,cuid,53,
do,rugadh,53,
gan,cur,53,
do,nochd,53,
feumaidh,gun,53,
sin,ri,53,
seo,anns,53,
iomradh,air,53,
làimh,eile,53,
fàgaidh,mi,53,
beagan,de,53,
dhol,a-steach,53,
bhios,iad,53,
agam,gu,53,
iad,dìreach,53,
dhaoine,ann,53,
air,seann,52,
ceud,gu,52,
iad,le,52,
cuide,ri,52,
atharrachadh,gu,52,
furasta,gu,52,
taic,bho,52,
dheireadh,thall,52,
gu,muir,52,
ach,bhiodh,52,
ionnsachadh,mu,52,
air,baile,52,
caogad,’s,52,
mun,chuairt,52,
ga,fhaicinn,52,
pìos,beag,52,
daoine,ris,52,
mac,mhaighstir,52,
air,rudan,52,
feadh,nan,52,
fa,leth,52,
dhìth,air,52,
san,àm,52,
dhan,sgoil,52,
dhan,oilthigh,52,
neach-aithris,bidh,52,
àite,anns,51,
ma,thèid,51,
a-mach,airson,51,
le,fear,51,
tighinn,às,51,
agad,air,51,
ach,b’,51,
chur,ris,51,
dhuine,sam,51,
aca,anns,51,
iad,math,51,
gu,crìch,51,
taobh,loch,51,
an-diugh,air,51,
ais,air,51,
iad,aig,51,
aon,dòigh,51,
fear,seo,51,
math,dhuibh,51,
àiteachan,eile,51,
canaidh,iad,51,
gu,diofar,51,
fada,nas,51,
gheibh,iad,51,
bliadhna,bho,51,
coltas,ann,51,
chumail,ann,51,
air,tòrr,51,
cothrom,ann,51,
niall,iain,51,
caitriana,deeprose,51,
ruairidh,rothach,51,
fios,againn,50,
feadhainn,ann,50,
gu,siar,50,
sgrìobhadh,le,50,
daoine,gu,50,
dèanamh,deiseil,50,
gheibh,sinn,50,
duine,aice,50,
mu,choinneamh,50,
fios,aige,50,
mi,seo,50,
èirigh,suas,50,
seo,far,50,
ghabh,mi,50,
air,eachdraidh,50,
tu,air,50,
mi,seachad,50,
gun,gabh,50,
mhath,air,50,
faodaidh,tu,50,
daoine,sin,50,
sinn,a-mach,50,
’s,urrainn,50,
air,cùisean,50,
thu,dìreach,50,
smaointinn,gur,50,
toirt,cothrom,50,
iad,a-nis,50,
macleòid,bbc,50,
sort,of,50,
moireasdan,preseantair,50,
air,gu,49,
do,thill,49,
thòisich,sinn,49,
innse,do,49,
agam,gun,49,
aig,aois,49,
gabhail,a-steach,49,
loch,nam,49,
urrainn,do,49,
h-alba,air,49,
thall,thairis,49,
ais,ann,49,
cheud,gu,49,
‘tha,mi,49,
de,sheann,49,
as,fhaide,49,
iad,fhathast,49,
smachd,air,49,
ach,gun,49,
le,taic,49,
aca,ach,49,
dèiligeadh,ri,49,
biodh,tu,49,
’s,bidh,49,
nas,sine,49,
iomadh,rud,49,
leth-cheud,bliadhna,49,
bi,mi,49,
airson,seo,49,
dhol,dhan,49,
smaointinn,gun,49,
fhìrinn,innse,48,
nam,bliadhnaichean,48,
iad,mar,48,
uill,seo,48,
aig,bonn,48,
mise,ann,48,
dèidh,dhaibh,48,
motha,de,48,
mo,sheanmhair,48,
mi,ràdh,48,
tòrr,de,48,
gu,h-àrd,48,
gabhail,pàirt,48,
a-mach,dè,48,
ann,a-mhàin,48,
ach,thàinig,48,
cho,dona,48,
an-diugh,gu,48,
the,highlands,48,
eile,’s,48,
no,’s,48,
aig,màiri,48,
àireamh,de,48,
chur,suas,48,
ach,a-nis,48,
dà,phuing,48,
ann,a-nis,48,
as,fhèarr,48,
and,it’s,48,
dha,daoine,48,
mhìle,‘s,48,
fhad,‘s,48,
dhan,eilean,48,
dh’,fhalbh,48,
aige,mar,47,
iongantach,mura,47,
agaibh,fhèin,47,
stàitean,aonaichte,47,
bu,shine,47,
dòigh,sin,47,
duine,aca,47,
sin,nach,47,
fheàrr,leam,47,
iad,ris,47,
stèidhichte,ann,47,
airson,dà,47,
fad,air,47,
ùidh,ann,47,
bheil,mòran,47,
ceangailte,ris,47,
dòigh,anns,47,
dà,uair,47,
nach,deach,47,
air,sàillibh,47,
seo,le,47,
iad,nas,47,
the,first,47,
cuairt,air,47,
air,talamh,47,
tòiseachadh,le,47,
beò,air,47,
coltach,nach,47,
gàidhlig,’s,47,
from,the,47,
an-diugh,airson,47,
mu,thimcheall,47,
ann,idir,47,
innis,tìle,47,
sin,ga,47,
sa,ghàidhlig,47,
tighinn,dhan,47,
math,‘s,47,
cho,brèagha,46,
mi,’n,46,
mi,buileach,46,
bheachd,nach,46,
lorg,iad,46,
airson,gach,46,
choimhead,air,46,
bhith,ri,46,
chòir,dhomh,46,
nochdadh,anns,46,
math,eòlach,46,
nam,madadh,46,
fhathast,air,46,
bhith,gan,46,
à,eilean,46,
ghabh,iad,46,
ri,duine,46,
ach,fhuair,46,
ge-tà,ach,46,
còmhla,riutha,46,
falbh,air,46,
bruidhinn,ris,46,
à,alba,46,
ga,chumail,46,
is,dà,46,
freagarrach,airson,46,
bheil,fhios,46,
bidh,sin,46,
cùisean,air,46,
coimhead,math,46,
sna,h-eileanan,46,
gun,urrainn,46,
chur,dhan,46,
dh’,aois,46,
ò,uill,46,
‘s,iomadh,46,
to,get,46,
and,then,46,
là,inbhir,46,
dòmhnallach,bbc,46,
air,nach,45,
mi,mo,45,
thoirt,don,45,
còmhla,airson,45,
air,turas,45,
cruinn,còmhla,45,
dheireadh,dhen,45,
fear,òg,45,
as,aithne,45,
ann,far,45,
math,ri,45,
obair,gu,45,
bu,toigh,45,
ann,ri,45,
mòran,dhiubh,45,
bheil,tòrr,45,
taic,do,45,
air,dùn,45,
fhear,eile,45,
dh’fhalbh,iad,45,
gu,bàs,45,
àite,sin,45,
taigh,aige,45,
ùidh,aig,45,
dhèanamh,anns,45,
nan,leabhraichean,45,
thuirt,fear,45,
cumail,sùil,45,
m’,aire,45,
iad,seo,45,
eile,mar,45,
eilean,mhanainn,45,
rud,ris,45,
sinn,dìreach,45,
rium,fhìn,45,
dèidh,làimh,45,
gàidhlig,gu,45,
a-staigh,ann,45,
dol,suas,45,
taobh,seo,45,
to,see,45,
sònraichte,air,45,
as,well,45,
dèanamh,seo,45,
neach-aithris,chaidh,45,
mìle,gu,44,
eadar,inbhir,44,
comasach,air,44,
bliadhna,no,44,
faigh,mi,44,
ars,esan,44,
chiad,rud,44,
sin,oir,44,
biodh,daoine,44,
chuir,sinn,44,
sgìre,air,44,
sinn,anns,44,
beò,ann,44,
de,sheòrsa,44,
mòran,dhen,44,
rèir,aithris,44,
dà,latha,44,
gun,cuir,44,
sinn,airson,44,
feadhainn,dhiubh,44,
bhuineas,do,44,
dhiubh,ann,44,
alba,ach,44,
gàidhlig,anns,44,
t-siathamh,linn,44,
chionn,bliadhna,44,
là,eile,44,
as,ùr,44,
fhaisge,air,44,
bi,daoine,44,
gum,faodadh,44,
seo,an-diugh,44,
and,it,44,
gach,sgioba,44,
bh,ann,44,
an-sàs,ann,44,
dh’,fhàg,44,
bun-sgoil,ghàidhlig,44,
a',dol,44,
gu,crìoch,44,
anne,lundon,44,
seo,dhen,43,
seo,fhèin,43,
rud,ann,43,
fhèin,aig,43,
mìle,duine,43,
dà,sgioba,43,
thogail,air,43,
fhad,ʼs,43,
dhuinn,gun,43,
sin,ge-tà,43,
dhèanamh,nas,43,
ach,bu,43,
gu,luath,43,
dhomh,fhìn,43,
thoirt,a-steach,43,
rannsachadh,air,43,
oidhche,sin,43,
ann,no,43,
àite,ris,43,
mhòr,de,43,
air,feadhainn,43,
le,tuilleadh,43,
aig,eilidh,43,
gabhail,ris,43,
daoine,anns,43,
air,rud,43,
ann,a-nise,43,
thuilleadh,air,43,
bhith,deiseil,43,
fada,air,43,
fàilte,air,43,
faireachdainn,gu,43,
chanadh,tu,43,
còrdadh,ris,43,
iomadach,bliadhna,43,
’s,mathaid,43,
mo,làimh,43,
càil,sam,43,
airson,‘s,43,
aig,mòran,42,
àite,sam,42,
rudeigin,air,42,
airidh,air,42,
agam,airson,42,
againn,airson,42,
cuideachd,ann,42,
cur,a-mach,42,
ach,thug,42,
ceann,greis,42,
thoirt,dhaibh,42,
sin,thug,42,
bhith,nam,42,
bheil,ùidh,42,
agam,dè,42,
ceud,is,42,
chionn,còrr,42,
mar,gun,42,
dhuibh,dè,42,
falbh,gu,42,
bheachd,gum,42,
fuireach,còmhla,42,
chiad,fhear,42,
gan,toirt,42,
sgàth,sin,42,
math,òg,42,
leabhar,ùr,42,
iomadach,rud,42,
chòir,dhuinn,42,
ais,dhan,42,
air,’s,42,
oilthigh,ghlaschu,42,
thug,sinn,42,
air,oidhche,42,
a-steach,airson,42,
cinnteach,gur,42,
thachair,sin,42,
gabhail,àite,42,
sin,do,42,
ainm,gàidhlig,42,
mi,fhathast,42,
t-eilean,sgitheanach,42,
chiad,chogaidh,42,
cho,làidir,42,
rud,mar,42,
mhòr-chuid,de,42,
a-steach,ann,42,
dìreach,cho,42,
ron,sin,42,
dhan,bhaile,42,
‘s,urrainn,42,
a',chiad,42,
‘s,gum,42,
foghlam,tro,42,
dh’,fhosgail,42,
anna,nicleòid,42,
co-dhiù,’s,41,
air,rudeigin,41,
do,luchd-ionnsachaidh,41,
b’,fhaide,41,
ri,iain,41,
thuirt,iad,41,
bheil,gàidhlig,41,
agaibh,air,41,
ann,dhaibh,41,
chiad,chogadh,41,
dhol,don,41,
thill,iad,41,
follaiseach,gu,41,
fios,aca,41,
measg,nam,41,
iain,air,41,
eile,cuideachd,41,
ach,mus,41,
aig,dòmhnall,41,
as,ainmeile,41,
fhaighinn,airson,41,
thoiseach,air,41,
ach,co-dhiù,41,
airson,airgead,41,
mòr,mòr,41,
airson,taic,41,
pàirt,de,41,
dhol,à,41,
ri,mo,41,
ach,mu,41,
àite,gu,41,
pàirt,dhen,41,
bheag,de,41,
agam,ach,41,
math,faisg,41,
is,bliadhna,41,
which,is,41,
fheàrr,air,41,
fhaide,air,41,
aig,cuid,41,
dol,sìos,41,
sabhal,mòr,41,
mòr,’s,41,
nan,rudan,41,
creidsinn,gun,41,
bhith,agad,41,
feuchainn,ris,41,
would,be,41,
they,are,41,
a-nis,airson,41,
murchadh,peutan,41,
murray,macleòid,41,
catriona,nicfhionghain,41,
a-mach,le,40,
fheàrr,leis,40,
chì,mi,40,
uaireannan,bidh,40,
ach,sin,40,
thoirt,dhuibh,40,
fear,à,40,
eilean,leòdhais,40,
a’m,dè,40,
ach,chuir,40,
mi,dhan,40,
eilean,air,40,
chanadh,daoine,40,
a-mach,ann,40,
fear,as,40,
dhiubh,air,40,
mus,tig,40,
nach,d’,40,
eile,dhen,40,
do,chaill,40,
seo,thuirt,40,
and,they,40,
sin,leis,40,
dh’fhàg,mi,40,
aon,latha,40,
gu,àite,40,
uill,sin,40,
ach,leis,40,
fhoillseachadh,ann,40,
dhà,ann,40,
tormod,macleòid,40,
airson,mo,40,
dh’fhaighnich,mi,40,
dol,aig,40,
taigh,mòr,40,
agad,dè,40,
sin,rud,40,
fhichead,bliadhna,40,
gum,faic,40,
’s,mi,40,
mi,a-riamh,40,
mus,tèid,40,
bliadhna,as,40,
alba,nuadh,40,
aig,cridhe,40,
seo,bho,40,
bhith,ro,40,
a-muigh,air,40,
iain,’s,40,
faigh,iad,40,
it,and,40,
sinn,a-nis,40,
mòran,dhaoine,40,
thar,fhichead,40,
dol,a-staigh,40,
mothachail,air,40,
dhan,h-uile,40,
dhan,choimhearsnachd,40,
dùil,ri,40,
greisean,de,40,
we,are,40,
rodgers,preseantair,40,
iain,macdiarmid,40,
deireadh,sheachdain,40,
’n,dòchas,39,
mus,d’,39,
sibh,ann,39,
orra,ach,39,
air,aghaidh,39,
gu,gàidhlig,39,
às,leth,39,
obair,le,39,
mhòr,gu,39,
t-ainm,air,39,
ceud,duine,39,
mun,àm,39,
dà,mhìos,39,
ach,cò,39,
faclan,sin,39,
coinneachadh,ri,39,
dòigh,airson,39,
meòrachadh,air,39,
no,gu,39,
dh’inbhir,nis,39,
bu,mhiosa,39,
do,chloinn,39,
oilthigh,dhùn,39,
ris,fhèin,39,
ar,fhichead,39,
beurla,’s,39,
ciallachadh,nach,39,
an-diugh,mar,39,
bi,fios,39,
iomadh,duine,39,
às,gach,39,
aig,feadhainn,39,
sin,an-diugh,39,
airson,barrachd,39,
mi,uabhasach,39,
bith,aig,39,
dhèanamh,’s,39,
cleachdadh,airson,39,
bheil,barrachd,39,
eagal,orm,39,
air,cùlaibh,39,
uabhasach,cudromach,39,
làimh,dheis,39,
daoine,bho,39,
mòr,ostaig,39,
mòr,aig,39,
do,bheatha,39,
faigh,thu,39,
math,luath,39,
tòrr,rudan,39,
cothrom,do,39,
alasdair,macleòid,39,
tapadh,leat,39,
agad,’s,39,
tilleadh,dhachaigh,38,
mi,rudeigin,38,
do,dh’fhàg,38,
chèilidh,air,38,
gach,duine,38,
ars,ise,38,
agaibh,gu,38,
airson,tuilleadh,38,
fhèin,anns,38,
eagal,air,38,
chòir,dha,38,
coimhead,coltach,38,
gun,gabhadh,38,
chaidh,dòmhnall,38,
a-staigh,air,38,
againn,fhìn,38,
it,is,38,
ceangal,eadar,38,
srath,spè,38,
ann,oir,38,
rim,faicinn,38,
bhith,cho,38,
chiad,latha,38,
dheth,gu,38,
air,tilleadh,38,
coiseachd,air,38,
tè,dhiubh,38,
dèan,mi,38,
air,ceud,38,
cho,faisg,38,
ainm,air,38,
bhith,mar,38,
là,air,38,
dè,thachras,38,
tric,’s,38,
as,sine,38,
eachdraidh,nan,38,
gu,h-àraid,38,
san,sgoil,38,
inbhir,ùige,38,
bruidhinn,gàidhlig,38,
ìre,mhòr,38,
fàgaidh,sinn,38,
dhan,fheadhainn,38,
ìre,seo,38,
phàirt,den,38,
’s,rudan,38,
seo,leugh,38,
to,go,38,
aidh,aidh,38,
bhith,dèanamh,38,
dh’,aindeoin,38,
moireasdan,bbc,38,
rothach,bbc,38,
‘s,bidh,38,
sin,dòmhnall,38,
nicfhionghain,neach-aithris,38,
dòmhnall,angaidh,38,
bho,thòisich,37,
thar,nam,37,
eile,gu,37,
eilean,beag,37,
thog,iad,37,
à,uibhist,37,
falbh,leis,37,
dèiligeadh,ris,37,
bhith,aige,37,
aig,alasdair,37,
sinn,aig,37,
leithid,ann,37,
uill,bidh,37,
measg,eile,37,
èisteachd,ris,37,
agad,gu,37,
dùil,gur,37,
nas,àirde,37,
donnchadh,bàn,37,
feadhainn,aca,37,
bhon,taigh,37,
iain,ruadh,37,
aghaidh,nan,37,
nach,bu,37,
dhomh,gu,37,
ris,ann,37,
thug,sin,37,
air,ainmeachadh,37,
alasdair,mac,37,
gur,iad,37,
san,t-saoghal,37,
fear,ann,37,
fhuair,thu,37,
nochdadh,air,37,
cuideachd,gun,37,
sin,is,37,
ann,is,37,
cuideachd,’s,37,
shaoileadh,tu,37,
ghàidhlig,ann,37,
fhaigh,thu,37,
seo,uill,37,
mus,bi,37,
againn,fhèin,37,
is,iad,37,
againne,ann,37,
char,as,37,
dàrna,leth,37,
nas,luaithe,37,
leig,thu,37,
ghàidhlig,ghlaschu,37,
thu,cho,37,
cheart,àm,37,
fhios,aca,37,
agam,’s,37,
uill,‘s,37,
ann,dhan,37,
catriona,nicilleathain,37,
tighinn,beò,36,
bhios,sinn,36,
ach,ged,36,
co-ionann,ri,36,
dùthaich,mhicaoidh,36,
cur,gu,36,
math,mòr,36,
aca,gu,36,
ach,do,36,
iarraidh,gum,36,
is,air,36,
fios,a’m,36,
agad,fhèin,36,
guth,air,36,
aice,air,36,
iad,às,36,
ach,seo,36,
alba,air,36,
airson,còrr,36,
rudeigin,eile,36,
mi,gur,36,
as,ùire,36,
iad,gun,36,
oir,bidh,36,
beò,anns,36,
gluasad,gu,36,
daoine,aig,36,
aig,calum,36,
don,eaglais,36,
siorrachd,obar,36,
sluagh,mòr,36,
ciallachadh,gun,36,
nis,ach,36,
uile,air,36,
fhathast,gu,36,
cò,aige,36,
toirt,dhuinn,36,
air,bheag,36,
measg,sin,36,
lorg,ann,36,
latha,air,36,
ma,thig,36,
seo,bidh,36,
dhà,eile,36,
a-mach,gur,36,
he,was,36,
of,scotland,36,
goirid,às,36,
nis,ann,36,
beachd,ann,36,
barrachd,air,36,
dèanamh,rudan,36,
dualchas,nàdair,36,
mo,sheanair,36,
leabhar,seo,36,
àm,ud,36,
dhaoine,eile,36,
gu,buil,36,
eaglais,shaoir,36,
iomadh,bliadhna,36,
seo,idir,36,
math,ach,36,
mo,chùlaibh,36,
air,barrachd,36,
one,of,36,
kind,of,36,
chaidh,sibh,36,
do,mactv,36,
sa,sgìre,36,
uimhir,de,36,
math,duilich,36,
ron,seo,36,
coimhead,ri,36,
want,to,36,
fhaicinn,aig,36,
mun,chost,36,
we,can,36,
ghàidhlig,inbhir,36,
ruairidh,macìomhair,36,
angaidh,moireasdan,36,
canaidh,mi,35,
sin,a-rithist,35,
mi,mu,35,
air,alba,35,
alba,is,35,
fad,ùine,35,
thu,sin,35,
b’,òige,35,
dèidh,do,35,
fhaicinn,air,35,
chòrr,de,35,
facal,eile,35,
chaidh,mu,35,
dol,airson,35,
air,àite,35,
is,thogadh,35,
de,dh’airgead,35,
aig,sgoil,35,
do,dh’iain,35,
dha,ach,35,
ach,thuirt,35,
thig,iad,35,
cur,dragh,35,
cron,air,35,
aige,gu,35,
feitheamh,ris,35,
chanainn,gu,35,
ach,an-diugh,35,
chaidh,iain,35,
nis,air,35,
iad,’s,35,
duine,gu,35,
sin,bhon,35,
an-diugh,le,35,
dearbh,’s,35,
air,taigh,35,
mi,òg,35,
leithid,sin,35,
fhèin,airson,35,
gu,bith,35,
leis,cho,35,
iain,dòmhnallach,35,
creidsinn,gur,35,
dè,dìreach,35,
iad,faisg,35,
mòr,gu,35,
air,uachdar,35,
rathad,eadar,35,
daoine,airson,35,
beag,nas,35,
air,gàidhlig,35,
againn,ach,35,
will,be,35,
teagamh,sam,35,
that,they,35,
have,been,35,
as,àbhaist,35,
cuideachd,so,35,
halò,is,35,
ùisdean,aidh,35,
tur,eadar-dhealaichte,34,
mu,chòig,34,
nan,lochlannach,34,
mi,dol,34,
t-seòrsa,seo,34,
ris,gu,34,
is,eile,34,
thuirt,thu,34,
seo,o,34,
a-null,thairis,34,
gach,seachdain,34,
chaluim,chille,34,
ged,as,34,
seo,mu,34,
bheil,ceangal,34,
dhèanamh,gu,34,
aca,aig,34,
to,make,34,
às,do,34,
fhaighinn,bho,34,
gu,h-obann,34,
à,inbhir,34,
nam,ban,34,
ionnsaigh,air,34,
a-mach,ach,34,
againn,an-diugh,34,
leantainn,air,34,
fhathast,beò,34,
eaglais,ann,34,
nach,fhaigheadh,34,
dèidh,blàr,34,
fada,’s,34,
seachad,ann,34,
canaidh,daoine,34,
gàidhlig,airson,34,
sinn,ri,34,
cothrom,air,34,
rud,no,34,
pàirt,ann,34,
sgioba,de,34,
cuid,aca,34,
fhathast,anns,34,
air,nuair,34,
chaidh,mo,34,
co-dhiù,ach,34,
ràdh,rium,34,
ann,dha,34,
’s,air,34,
bhiodh,aig,34,
rudan,air,34,
mionaid,no,34,
rud,mu,34,
fàs,suas,34,
eòlach,gu,34,
radio,nan,34,
air,slighe,34,
cuideigin,eile,34,
math,trang,34,
phort,rìgh,34,
suas,ann,34,
cheud,mìle,34,
thu,leas,34,
cur,nan,34,
that,the,34,
h-uile,seòrsa,34,
chiad,fhacal,34,
uh,huh,34,
tighinn,ann,34,
dà,unnsa,34,
mise,ga,34,
glè,thric,34,
air,a',34,
de,shoilleireachd,34,
aig,fèis,34,
aig,shona,34,
brigadier,iain,34,
ùisdean,’s,34,
mo,charaid,33,
’s,chaidh,33,
’s,gur,33,
bhon,t-seann,33,
ann,o,33,
fear,mu,33,
h-alba,ann,33,
dhol,seachad,33,
dearbh,rud,33,
dèidh,greis,33,
bu,lugha,33,
agaibh,dè,33,
còmhla,rinn,33,
ann,uaireigin,33,
tìr,ann,33,
bliadhna,eile,33,
bhiodh,mo,33,
gu,dubh,33,
cupa,tì,33,
toirt,a-steach,33,
cuimhne,agaibh,33,
chèile,ann,33,
mòran,air,33,
cho,pailt,33,
ro,dheireadh,33,
ath,mhadainn,33,
dèanamh,ciall,33,
don,àite,33,
ach,ciamar,33,
leòr,de,33,
air,beinn,33,
gàidhlig,ionnsachadh,33,
cuideachd,chaidh,33,
dìreach,aon,33,
bith,anns,33,
gu,nàdarrach,33,
to,have,33,
iad,gan,33,
math,ainmeil,33,
mu,eachdraidh,33,
a-rithist,air,33,
faic,sinn,33,
mo,leisgeul,33,
do,dh’ionnsaich,33,
ràdh,mu,33,
air,chall,33,
b’,fhaisge,33,
is,the,33,
là,dhen,33,
ro,mhath,33,
gàidhlig,mar,33,
mus,tàinig,33,
smaoineachadh,mu,33,
gun,fhiosta,33,
math,làidir,33,
leth-cheud,’s,33,
thàinig,a-mach,33,
dòigh,as,33,
dè,mar,33,
chleachdadh,ann,33,
cuideachd,‘s,33,
uisge,ann,33,
loch,baghasdail,33,
sin,às,33,
up,to,33,
dithis,aca,33,
dùil,againn,33,
seo,fhathast,33,
agad,ann,33,
into,the,33,
dòmhnall,macleòid,33,
iain,ò,33,
iain,uill,33,
màiri,rodgers,33,
cudromach,‘s,33,
seo,calum,33,
darren,linc,33,
dòmhnall,maclaomain,33,
ciallachadh,gum,32,
mòran,ann,32,
ma,bheir,32,
mo,chuid,32,
chionn,dà,32,
gheibh,sibh,32,
dh’fhàg,iad,32,
leth,bliadhna,32,
tè,eile,32,
àm,nuair,32,
sear,air,32,
mi,aideachadh,32,
fhaca,mi,32,
aige,airson,32,
gan,dèanamh,32,
beagan,mhìosan,32,
dhuibh,mar,32,
mòran,eile,32,
faodaidh,sinn,32,
dhùn,bheagain,32,
ged,is,32,
do,sgrìobh,32,
mi,mar,32,
toilichte,leis,32,
chaidh,iarraidh,32,
bliadhna,airson,32,
a-steach,do,32,
rudeigin,ann,32,
clann,ʼic,32,
car,annasach,32,
dhèanamh,eadar,32,
ceap,breatainn,32,
sin,co-dhiù,32,
fear,dhen,32,
coinneachadh,ris,32,
làidir,ann,32,
ath,sheachdain,32,
mòra,ann,32,
sin,rinn,32,
math,feumail,32,
deoch,làidir,32,
ma,gheibh,32,
dìreach,ann,32,
sgìrean,eile,32,
cho,toilichte,32,
bhith,nan,32,
sin,leibh,32,
sin,dè,32,
againn,gu,32,
cuideigin,air,32,
ga,iarraidh,32,
sinn,mar,32,
cheud,is,32,
bhith,faiceallach,32,
thall,ann,32,
sin,bho,32,
bhaile,sin,32,
seo,is,32,
fhèin,math,32,
ri,seo,32,
seo,an-dràsta,32,
ann,an-dràsta,32,
ro,mhòr,32,
ullachadh,airson,32,
sgoil,ùr,32,
daoine,òga,32,
againn,anns,32,
ga,mo,32,
agam,fhèin,32,
air,bhonn,32,
anna,’s,32,
den,bhliadhna,32,
mòr,‘s,32,
‘s,air,32,
iad,a',32,
dhan,àite,32,
dhan,sgìre,32,
dhan,chloinn,32,
cuid,dhe,32,
‘s,nach,32,
‘s,nan,32,
maclaomainn,bbc,32,
sa,chiad,32,
dh’,fheumadh,32,
pàdraig,macamhlaigh,32,
màiri,dè,32,
neach-aithris,ged,32,
h-àraidh,ann,31,
h-alba,ach,31,
gheibh,mi,31,
carson,uill,31,
an-diugh,ann,31,
beannachd,leibh,31,
bhiodh,dùil,31,
sgoil,ann,31,
dhomh,dè,31,
cho,soirbheachail,31,
càil,eile,31,
fuireach,faisg,31,
thèid,thu,31,
fhios,gu,31,
the,gaelic,31,
prìomh,bhaile,31,
dhèanamh,de,31,
cinnteach,dè,31,
àite,seo,31,
air,fhèin,31,
bu,trice,31,
chun,nan,31,
bhiodh,sibh,31,
turas,mu,31,
nas,miosa,31,
sa,mhonadh,31,
seasamh,airson,31,
faclair,dwelly,31,
mi,gum,31,
the,scottish,31,
rugadh,is,31,
tràth,anns,31,
bith,ach,31,
ann,uill,31,
sin,iain,31,
do,chaochail,31,
seo,nuair,31,
do,dh’fhalbh,31,
tu,sin,31,
bhaile,air,31,
chur,orra,31,
latha,is,31,
ga,fhàgail,31,
iad,dhen,31,
air,fearann,31,
fheàrr,ann,31,
aig,blàr,31,
mar,chuimhneachan,31,
duine,aig,31,
cleachdte,ri,31,
eile,le,31,
fhaighinn,ann,31,
tòrr,dhen,31,
mu,mheadhan,31,
sealltainn,gu,31,
air,èirigh,31,
tuilleadh,mu,31,
sin,mu,31,
ri,ràdh,31,
math,fortanach,31,
a-mach,nach,31,
thogail,anns,31,
de,rudan,31,
air,m’,31,
dheth,gur,31,
daoine,mar,31,
falbh,a-mach,31,
mi,ris,31,
stèidheachadh,ann,31,
air,anns,31,
nì,thu,31,
tiomnadh,nuadh,31,
sreath,de,31,
facal,gàidhlig,31,
math,ann,31,
toilichte,gun,31,
ùidh,agam,31,
gun,cuireadh,31,
b’,aithne,31,
dìreach,beagan,31,
deach,mi,31,
latha,ach,31,
fhathast,ri,31,
thall,’s,31,
coimhead,gu,31,
rudan,sin,31,
it,would,31,
there,is,31,
some,of,31,
cudromach,airson,31,
smaointinn,gum,31,
còrdadh,ri,31,
seo,balaich,31,
able,to,31,
karen,elder,31,
bhios,daoine,30,
àite,eile,30,
sin,b’,30,
dèidh,dhomh,30,
mi,tarsainn,30,
do,mhothaich,30,
h-uile,seachdain,30,
bruidhinn,ann,30,
ʼs,gun,30,
latha,mu,30,
às,mo,30,
a-nise,ann,30,
beag,ann,30,
fhaighinn,ach,30,
fon,ghrèin,30,
air,le,30,
mean,air,30,
air,mhean,30,
air,faighinn,30,
sibh,riamh,30,
mar,gu,30,
gabhail,ri,30,
mòran,nas,30,
ach,dhiùlt,30,
air,cho,30,
sin,a-mhàin,30,
fear,aig,30,
baile,mòr,30,
bho,chèile,30,
aice,fhèin,30,
and,he,30,
bhuineadh,don,30,
à,fianais,30,
t-eagal,air,30,
no,càil,30,
chiad,rann,30,
mhòr,aige,30,
dùil,gu,30,
aige,anns,30,
ceann,shuas,30,
chuireas,tu,30,
ach,beagan,30,
le,gàidhlig,30,
an-diugh,chaidh,30,
bhean,agam,30,
toirt,buaidh,30,
do,cheann,30,
tachairt,anns,30,
àm,ach,30,
fheadhainn,eile,30,
dòigh,eile,30,
ga,bruidhinn,30,
chaidh,sin,30,
chiad,duine,30,
leam,fhìn,30,
“a,bheil,30,
chlann,raghnaill,30,
aig,oilthigh,30,
mi,geall,30,
ma,sgaoil,30,
duine,anns,30,
’s,as,30,
dòigh,sam,30,
duine,no,30,
ann,co-dhiù,30,
airson,aon,30,
dòmhnall,dòmhnallach,30,
airson,biadh,30,
sin,uile,30,
chuid,de,30,
air,buaidh,30,
do,dh’fheuch,30,
càil,mar,30,
gluasad,air,30,
gu,tìr-mòr,30,
làimh,chlì,30,
gun,toireadh,30,
mo,phàrantan,30,
h-eileanan,mu,30,
feum,againn,30,
a-nis,gu,30,
pàirt,den,30,
math,furasta,30,
seo,beul,30,
beul,chainnt,30,
seo,alleluia,30,
so,’s,30,
sin,so,30,
mi,a-nis,30,
bit,of,30,
iain,macillemhìcheil,30,
so,we,30,
if,you,30,
nise,chaidh,30,
bhith,a',30,
aithris-sa,aig,30,
là,steòrnabhagh,30,
seo,dòmhnall,30,
we,had,30,
gibb,bbc,30,
gum,faod,29,
gach,turas,29,
airson,rudeigin,29,
sin,gam,29,
dol,chun,29,
ach,nach,29,
do,dh’alba,29,
ri,feadhainn,29,
rìgh,air,29,
seann,duine,29,
gu,sìorraidh,29,
lios,mòr,29,
don,chladach,29,
duine,seo,29,
mo,bhràthair,29,
as,t-fhoghar,29,
mòr,anns,29,
ghabhail,thairis,29,
còrr,dhen,29,
rathad,dhachaigh,29,
airson,obair,29,
dheth,ach,29,
fhàgail,air,29,
bho,sin,29,
ga,fhaighinn,29,
air,aig,29,
math,measail,29,
latha,ann,29,
ghabhail,air,29,
faighinn,a-steach,29,
à,loch,29,
gan,cumail,29,
dòmhnall,air,29,
mhòr,mhòr,29,
dubh,air,29,
ann,mun,29,
nach,dèan,29,
eile,mu,29,
fhàgail,ann,29,
chaill,iad,29,
dhuinn,gu,29,
latha,brèagha,29,
mhòr,anns,29,
airgead,gu,29,
airson,iomadach,29,
bruidhinn,mun,29,
agam,dhuibh,29,
rìoghachd,aonaichte,29,
dearbh,fhèin,29,
air,beatha,29,
iain,maccoinnich,29,
is,mìle,29,
eilean,dubh,29,
cleachdte,ris,29,
ruairidh,macilleathain,29,
seo,nach,29,
coireach,ri,29,
do,chlann,29,
fad,às,29,
gach,àite,29,
àite,mar,29,
air,là,29,
duine,sin,29,
seachad,anns,29,
nach,gabh,29,
dè,nì,29,
a-mach,’s,29,
bhith,nas,29,
esan,air,29,
bhith,beò,29,
sin,feumaidh,29,
m’,inntinn,29,
air,dìreach,29,
rudan,ann,29,
sin,ged,29,
gu,deireadh,29,
bhith,agam,29,
cà’,bheil,29,
duine,againn,29,
nach,fhaigh,29,
baile,dhubhthaich,29,
new,york,29,
seachad,airson,29,
de,luchd-turais,29,
ath,bhliadhna,29,
chòir,dhut,29,
gun,till,29,
toirt,dhaibh,29,
thig,sinn,29,
chur,a-steach,29,
airson,gum,29,
sin,'s,29,
sgàth,‘s,29,
ruairidh,alasdair,29,
le,barrachd,29,
preseantair,chaidh,29,
gu,taobh,28,
ceann-cinnidh,nan,28,
chanainn,gun,28,
mac,ille,28,
bidh,feadhainn,28,
leatha,fhèin,28,
a-rithist,ach,28,
agam,nach,28,
chanas,daoine,28,
gun,cuala,28,
gu,sear,28,
the,island,28,
smaoineachadh,nach,28,
feumaidh,gu,28,
an-dràsta,ach,28,
mun,deidhinn,28,
ach,carson,28,
ann,ma,28,
iomadach,dòigh,28,
dàrna,latha,28,
aig,astar,28,
bhaile,mhòr,28,
dh’fheuch,mi,28,
mòr,is,28,
chur,don,28,
do,thog,28,
mo,chuimhne,28,
gun,canadh,28,
fheadhainn,aig,28,
air,rathad,28,
dèidh,gun,28,
taic,dha,28,
aig,fear,28,
trom,air,28,
iad,deiseil,28,
litir,mu,28,
dhachaigh,leis,28,
nis,airson,28,
’s,iongantach,28,
don,sgìre,28,
fheadhainn,as,28,
dol,anns,28,
seo,ge-tà,28,
àite,ach,28,
à,baile,28,
sin,uabhasach,28,
mi,a-staigh,28,
’s,nan,28,
dh’ionnsaich,mi,28,
sgrìobhadh,ann,28,
làidir,gu,28,
leigeil,leis,28,
thoirt,dhachaigh,28,
dhol,sìos,28,
leotha,fhèin,28,
tro,thìde,28,
air,iomall,28,
cho,beag,28,
dheidhinn,mar,28,
nan,eileanan,28,
mìltean,de,28,
’s,fheàrr,28,
bhuineas,don,28,
thoirt,às,28,
càil,nas,28,
siar,leòdhais,28,
aig,mo,28,
choimhearsnachd,air,28,
air,bruach,28,
inbhir,theòrsa,28,
talamh,àrd,28,
dhèanamh,leis,28,
fhaicinn,ann,28,
air,choireigin,28,
faighinn,cothrom,28,
ma,nì,28,
bho,dhaoine,28,
dhuibh,uill,28,
leth,cudromach,28,
atharrachadh,mòr,28,
fhichead,mìle,28,
by,the,28,
ruith,air,28,
mu,thrì,28,
àbhaist,dhomh,28,
diofar,rudan,28,
droch,fhear,28,
thogail,airson,28,
bhith,dol,28,
chaidh,thu,28,
dìreach,gus,28,
dhan,ghàidhealtachd,28,
fhios,agamsa,28,
sinn,seo,28,
ùisdean,macillfhinnein,28,
fàgail,gu,28,
that,you,28,
bhith,bruidhinn,28,
feuchaidh,sinn,28,
airson,gun,28,
mar,siud,28,
seo,dhan,28,
san,fharsaingeachd,28,
we’ve,got,28,
that,people,28,
tuilleadh,seo,28,
là,uibhist,28,
ghobhainn,bbc,28,
alasdair,macillfhinnein,28,
sin,màiri,28,
a-mach,mar,27,
cinnteach,ach,27,
fear,aca,27,
is,coireach,27,
o,thùs,27,
bliadhna,mus,27,
‘a,bheil,27,
mi,iad,27,
leòr,aca,27,
bhith,còmhla,27,
air,làrach,27,
nan,seann,27,
cho,ainmeil,27,
bi,barrachd,27,
fìor,dhroch,27,
chleachdadh,mar,27,
math,is,27,
ràdh,ris,27,
air,cluinntinn,27,
dùthchannan,eile,27,
ann,sa,27,
iad,uabhasach,27,
fheudar,dha,27,
ainmeil,mar,27,
dh’fheumadh,iad,27,
mi,le,27,
tuiteam,gu,27,
air,clann,27,
cheud,duine,27,
dè,rinn,27,
le,dà,27,
rìgh,seumas,27,
ruige,seo,27,
iad,orra,27,
iain,dubh,27,
don,rìgh,27,
nis,’s,27,
air,fàire,27,
airson,bruidhinn,27,
ris,ach,27,
air,airgead,27,
thàinig,sinn,27,
ma,chuireas,27,
chèile,ach,27,
highlands,and,27,
ri,seann,27,
bliadhna,’s,27,
mura,b’,27,
fhèin,no,27,
uill,chaidh,27,
eilean,ann,27,
cudromach,ann,27,
’s,nuair,27,
strì,airson,27,
beurla,ach,27,
de,dh’alba,27,
gàidhlig,ri,27,
uabhasach,toilichte,27,
airgead,mòr,27,
de,sgìrean,27,
gu,làidir,27,
seach,gu,27,
thoirt,dhomh,27,
airson,bliadhnaichean,27,
dè,bhios,27,
àiteachan,mar,27,
bu,mhò,27,
air,tuiteam,27,
airson,bliadhna,27,
mòr,le,27,
ri,rudan,27,
t-ainm,sin,27,
aca,mar,27,
seann,ainm,27,
san,eaglais,27,
a-mhàin,gu,27,
tron,oidhche,27,
mu,bheatha,27,
air,beagan,27,
dhèanamh,mar,27,
chumail,anns,27,
mhòran,sgìrean,27,
mi,crìoch,27,
seo,fad,27,
piseach,air,27,
dhìth,orra,27,
dhut,fhèin,27,
uile,eòlach,27,
gleann,dail,27,
seo,bhon,27,
gann,de,27,
seo,uile,27,
fhìn,’s,27,
that,was,27,
ma,dh’fhaodte,27,
an-diugh,aig,27,
mise,ach,27,
dòmhnall,meek,27,
tòrr,obair,27,
luath,‘s,27,
gun,deigheadh,27,
màiri-anna,nicdhòmhnaill,27,
you,can,27,
norma,nicleòid,27,
chur,a-staigh,27,
seo,ruaraidh,27,
ùisdean,ò,27,
sin,ùisdean,27,
nicilleathain,neach-aithris,27,
faodaidh,sibh,26,
coireach,gu,26,
ràdh,ach,26,
chèile,le,26,
ann,bhiodh,26,
gàidhlig,aige,26,
do,mhàiri,26,
ann,bidh,26,
dhen,aon,26,
leis,gum,26,
mi,dhachaigh,26,
a-mach,don,26,
mo,mhàthar,26,
fàs,air,26,
no,nach,26,
oilthigh,obar,26,
nan,croitearan,26,
canadh,iad,26,
mu,choinneimh,26,
sinn,eòlach,26,
thiodhlacadh,ann,26,
ris,mar,26,
chì,iad,26,
chaidh,ainmeachadh,26,
dà,thuras,26,
duais,airson,26,
mhonaidh,ruaidh,26,
chaidh,feadhainn,26,
dualchas,nan,26,
tòir,air,26,
thogail,le,26,
eòlaiche,air,26,
gu,sgoil,26,
a-rithist,gu,26,
sgrìobhadh,mu,26,
caisteal,dhùn,26,
leth,math,26,
gu,ceart,26,
chumail,beò,26,
càil,air,26,
thachair,mi,26,
math,math,26,
leis,gur,26,
dìreach,dà,26,
aig,clann,26,
grunn,bhliadhnaichean,26,
bhith,a-muigh,26,
dha,gun,26,
ar-a-mach,nan,26,
mo,chreach,26,
mi,beagan,26,
sa,mhionaid,26,
chòrr,dhen,26,
b’,ainmeile,26,
mòr,mar,26,
fear,sin,26,
fheàrr,airson,26,
gabhail,air,26,
aice,ri,26,
urras,nàiseanta,26,
nan,tigeadh,26,
dh’innse,dhuibh,26,
mhinistear,ann,26,
fheudar,do,26,
fhaighinn,a-mach,26,
riamh,ann,26,
rìgh,nan,26,
againn,fhathast,26,
sibh,uile,26,
tachairt,ann,26,
beagan,sheachdainean,26,
cho,fuar,26,
don,ghàidhlig,26,
leth,dhen,26,
nach,cuir,26,
co-dhiù,chaidh,26,
shaoil,mi,26,
cànan,nan,26,
math,nach,26,
nan,òran,26,
ghàidhealtachd,ach,26,
eile,nach,26,
suas,air,26,
gu,bheilear,26,
ceart,ach,26,
dè,eile,26,
do,dh’obraich,26,
thàinig,bhon,26,
tighinn,chun,26,
nì,iad,26,
mi,aon,26,
bho,chaidh,26,
le,greisean,26,
dha,ann,26,
leig,mi,26,
is,leth-cheud,26,
is,farsaing,26,
feum,aig,26,
chionn,bhliadhnaichean,26,
cò,as,26,
dol,tron,26,
thuirt,fionn,26,
obair,airson,26,
alba,nuaidh,26,
chiad,bhliadhna,26,
san,t-seachdain,26,
pàigheadh,airson,26,
dòmhnall,’s,26,
aghaidh,mhòr,26,
gan,togail,26,
tu,fhèin,26,
dèan,thu,26,
feum,agam,26,
bliadhna,‘s,26,
dèan,sinn,26,
diofar,mòr,26,
rob,donn,26,
agad,ri,26,
againn,aig,26,
airson,clann,26,
aon,dhe,26,
’s,bhiodh,26,
eile,‘s,26,
air,‘s,26,
san,àmhainn,26,
ò,gu,26,
’s,dè,26,
seo,so,26,
dheidhinn,dè,26,
dad,sam,26,
chiad,cheum,26,
fear,dhe,26,
tòrr,obrach,26,
seo,deiseil,26,
rud,mòr,26,
fhèin,‘s,26,
adhart,ris,26,
againne,air,26,
seo,aonghas,26,
bliadhnaichean,ri,26,
leth,uair,26,
bhith,faighinn,26,
bhith,tighinn,26,
they,can,26,
people,who,26,
ath,cheum,26,
wanted,to,26,
mg,alba,26,
iain,macphàrlain,26,
niall,bartlett,26,
ann,màiri,26,
ann,ùisdean,26,
macdiarmaid,neach-aithris,26,
macamhlaigh,neach-aithris,26,
hugh,dan,26,
dol,don,25,
dèanamh,a-mach,25,
ais,do,25,
laighe,air,25,
mo,bheannachd,25,
bheag,air,25,
seachad,ùine,25,
chuid,ann,25,
ach,lean,25,
mar,bhiadh,25,
facal,air,25,
daoine,ri,25,
airson,sùil,25,
agam,gum,25,
cuideachd,bidh,25,
de,sgoilearan,25,
uair,ann,25,
sibh,ceart,25,
bhon,fhacal,25,
sònraichte,airson,25,
ceud,mìle,25,
iad,do,25,
sibh,nach,25,
beachd,air,25,
iain,gu,25,
fhèin,nuair,25,
co-dhiù,air,25,
sin,seo,25,
mo,bhean,25,
gàidhealtachd,air,25,
innse,dhaibh,25,
math,mar,25,
air,airson,25,
seo,thàinig,25,
fios,gu,25,
gu,sgiobalta,25,
air,dòmhnall,25,
teàrlach,òg,25,
bidh,mòran,25,
don,phrionnsa,25,
iad,don,25,
sinn,ar,25,
bailtean,mòra,25,
fios,le,25,
innse,mu,25,
thig,mi,25,
bhuileachadh,air,25,
dh’innis,mi,25,
bhith,gun,25,
is,beag,25,
a-mhàin,air,25,
bualadh,air,25,
is,ann,25,
dol,tro,25,
bhith,nad,25,
daoine,nach,25,
dèidh,bliadhna,25,
latha,gu,25,
mi,tuilleadh,25,
alba,gu,25,
’s,math,25,
ann,gus,25,
le,beagan,25,
falach,ann,25,
urrainn,dhòmhsa,25,
eile,bidh,25,
chur,oirre,25,
cur,ri,25,
dèanamh,beagan,25,
airson,falbh,25,
a’m,air,25,
biadh,is,25,
pìos,de,25,
h-uile,coltas,25,
iad,mu,25,
fortanach,gu,25,
rudan,nach,25,
sin,furasta,25,
nas,fhaisge,25,
mar,àite,25,
nam,beathaichean,25,
airson,rud,25,
cho,doirbh,25,
sin,fada,25,
duine,ach,25,
inntinneach,mu,25,
ceàrr,air,25,
eaglais,shaor,25,
chosg,air,25,
tron,dùthaich,25,
chogadh,mhòr,25,
faclan,ùra,25,
iad,fada,25,
air,oighreachd,25,
ri,cuid,25,
cuimhneachadh,air,25,
sin,an-dràsta,25,
bliadhna,de,25,
airgead,airson,25,
beagan,dhen,25,
àite,brèagha,25,
math,beag,25,
airson,sealltainn,25,
sinn,fhìn,25,
agam,nuair,25,
tachairt,air,25,
feum,sinn,25,
and,in,25,
faicinn,mar,25,
beagan,airgid,25,
dìreach,mìorbhaileach,25,
gun,cùm,25,
dearbha,fhèin,25,
we,were,25,
coltas,gu,25,
ann,'s,25,
iona,nicrisnidh,25,
over,the,25,
seo,shona,25,
kirsteen,nicdhòmhnaill,25,
aidh,ruaraidh,25,
friseal,neach-aithris,25,
nicdhòmhnaill,shona,25,
eile,nuair,24,
eile,far,24,
sin,deireadh,24,
thuig,mi,24,
t-seann,lochlannais,24,
alba,ann,24,
chèile,air,24,
òrain,ghàidhlig,24,
fad,bhliadhnaichean,24,
no,dè,24,
le,clann,24,
ann,thuirt,24,
h-àraidh,anns,24,
mòr,ach,24,
dhuibh,anns,24,
sùil,gheur,24,
droch,bhuaidh,24,
dàrna,cogaidh,24,
ainmean,gàidhlig,24,
sa,phrìosan,24,
air,gluasad,24,
is,èirinn,24,
aige,mu,24,
gàidhlig,inbhir,24,
rinn,sin,24,
ceathrad,ʼs,24,
agaibh,eòlach,24,
dh’iarr,iad,24,
bliadhna,chaidh,24,
chaidh,calum,24,
nach,fhaca,24,
do,mhac,24,
iad,a-steach,24,
iad,is,24,
fhios,nach,24,
dol,a-null,24,
alba,airson,24,
duine,bochd,24,
dèanamh,obair,24,
cùil,lodair,24,
mhonadh,ruadh,24,
oilthigh,ann,24,
cheannard,air,24,
seo,cho,24,
chaidh,mise,24,
thaobh,nan,24,
thuirt,iain,24,
iad,eòlach,24,
aca,’s,24,
taigh,anns,24,
dhuinn,mu,24,
diofar,dhòighean,24,
iad,a-nise,24,
à,ceann,24,
bhios,aig,24,
airson,ithe,24,
uill,ma,24,
air,ur,24,
ann,gur,24,
do,bhean,24,
sin,glè,24,
math,dhut,24,
coimhead,glè,24,
fada,gu,24,
ùr,aig,24,
math,gun,24,
bhliadhna,sin,24,
leigeil,le,24,
chanainn,gur,24,
orra,ann,24,
air,chaidh,24,
mhòr,dhen,24,
dhèanamh,mu,24,
bhon,taobh,24,
bhliadhna,air,24,
cleachdadh,ann,24,
ach,uaireannan,24,
mi,deiseil,24,
nam,fuadaichean,24,
cur,fàilte,24,
facal,beurla,24,
bi,sin,24,
sin,nas,24,
coltach,gur,24,
faigheadh,iad,24,
eile,iain,24,
iain,macleòid,24,
ris,’s,24,
seo,ri,24,
do,dh’fhàs,24,
mòr,de,24,
dhol,dhachaigh,24,
air,no,24,
bheil,rudeigin,24,
dàrna,taobh,24,
gu,dlùth,24,
if,we,24,
feum,sam,24,
chunnaic,sinn,24,
nas,làidire,24,
no,ma,24,
againn,ri,24,
a-riamh,air,24,
mu,cheann,24,
a-mach,mu,24,
agad,nuair,24,
cho,eòlach,24,
leithid,seo,24,
part,of,24,
you,have,24,
shìos,ann,24,
à,seo,24,
tig,iad,24,
faireachdainn,gun,24,
bheil,gu,24,
riut,fhèin,24,
and,that,24,
taca,ri,24,
agad,airson,24,
th,air,24,
dh’,atharraich,24,
that,are,24,
bliadhna,a-nis,24,
dh’,fhàs,24,
oidhche,haoine,24,
unnsaichean,flùir,24,
deiseil,a-nis,24,
aca,‘s,24,
mi,tòrr,24,
sin,dhan,24,
sinn,tòrr,24,
bheil,feum,24,
aig,bun-sgoil,24,
dàibhidh,eyre,24,
air,sàilleibh,24,
dh’,fhaicinn,24,
là,dùn,24,
dhe,leithid,24,
they,want,24,
aig,comhairle,24,
comharrachadh,bliadhna,24,
do,sgoilearan,24,
aig,taigh-tasgaidh,24,
màiri,’s,24,
neach-aithris,le,24,
macdiarmid,neach-aithris,24,
neo,dhà,23,
chanas,mi,23,
innse,dha,23,
mìle,air,23,
ainm,eile,23,
seann,sgeulachd,23,
tric,bhiodh,23,
fada,nuair,23,
fhèin,chaidh,23,
slàn,fallain,23,
daoine,ga,23,
h-àraidh,nuair,23,
bi,cuid,23,
bu,làidire,23,
muinntir,nan,23,
dhà,chaidh,23,
uaireannan,bhiodh,23,
ann,roimhe,23,
is,nan,23,
dhachaigh,ann,23,
ghabhail,ann,23,
sgrios,air,23,
bliadhna,roimhe,23,
uill,mar,23,
mu,cheud,23,
mìle,is,23,
cùisean,gu,23,
eile,gun,23,
de,gach,23,
eile,aige,23,
through,the,23,
dheireadh,ann,23,
air,innse,23,
air,stad,23,
mar,chomharra,23,
h-àraidh,air,23,
air,deireadh,23,
innse,dhut,23,
le,iain,23,
cur,sìos,23,
bidh,cuimhne,23,
air,mapaichean,23,
dhachaigh,air,23,
urra,ri,23,
fàilte,mhòr,23,
idir,cho,23,
t-àm,ann,23,
iad,dhachaigh,23,
rudeigin,ceàrr,23,
cunnart,ann,23,
beag,de,23,
cumail,smachd,23,
ann,seo,23,
fhios,gum,23,
fuireach,aig,23,
coireach,gun,23,
mhòr,ach,23,
thàinig,fear,23,
dùil,agam,23,
tron,bhliadhna,23,
is,math,23,
rinn,sibh,23,
sin,nam,23,
aca,le,23,
aig,m’,23,
ainmeachadh,mar,23,
alba,aig,23,
dà,thaobh,23,
creidsinn,gum,23,
beurla,the,23,
chiad,àite,23,
air,drochaid,23,
there,was,23,
a-mach,leis,23,
air,aire,23,
sgrìobhte,air,23,
a-staigh,airson,23,
sinn,ris,23,
de,bheatha,23,
cudromach,gu,23,
fhear,seo,23,
bhios,sibh,23,
sin,an-ath-sheachdain,23,
cheannaich,mi,23,
de,ghàidheil,23,
dòigh,eadar-dhealaichte,23,
mun,chùis,23,
air,faclan,23,
air,ainmean-àite,23,
is,iomadh,23,
airson,rudan,23,
tràth,sa,23,
gun,tuirt,23,
toir,thu,23,
is,seasgad,23,
math,mu,23,
mi,nuair,23,
dhol,suas,23,
dha,air,23,
dùthaich,sin,23,
baile,inbhir,23,
chèile,’s,23,
feadhainn,de,23,
dùn,eideann,23,
dhèanamh,nuair,23,
air,iomadach,23,
mi,a-steach,23,
fada,ri,23,
dè,as,23,
’s,a-bhos,23,
a-staigh,gu,23,
eadar,seo,23,
sa,tighinn,23,
“am,fear,23,
cho,trang,23,
thoirt,dhuinn,23,
fuireach,san,23,
bràigh,mhàrr,23,
cho,cruaidh,23,
seo,rud,23,
oidhche,mhath,23,
’s,cho,23,
seann,làithean,23,
air,madainn,23,
dùil,aig,23,
sa,choimhearsnachd,23,
thu,ceart,23,
bheag,ann,23,
seo,gun,23,
of,it,23,
air,leth-cheud,23,
cù,chulainn,23,
ùr,seo,23,
nas,fharsainge,23,
chumail,ri,23,
b’,fhiach,23,
no,rud,23,
bidh,cothrom,23,
bliadhnaichean,air,23,
agad,ach,23,
dà,spàin,23,
sin,fhios,23,
airson,greiseag,23,
ann,so,23,
feuchainn,air,23,
sinn,toilichte,23,
cuid,den,23,
air,pròiseact,23,
seo,andreas,23,
feasgar,a-màireach,23,
ruaraidh,ò,23,
neach-aithris,mar,23,
là,iain,23,
coimhead,a-mach,22,
tèid,mi,22,
sibh,gur,22,
ann,ged,22,
ùine,sin,22,
iad,an-diugh,22,
beagan,mhìltean,22,
is,còig-deug,22,
a-rithist,anns,22,
chuir,esan,22,
ùine,ann,22,
thachair,don,22,
sin,ʼs,22,
a-null,gu,22,
dòigh,ann,22,
dè,dhèanadh,22,
às,don,22,
a-rithist,ann,22,
air,tè,22,
ghabhail,anns,22,
do,thogadh,22,
ochdad,ʼs,22,
aithris,air,22,
agam,fhathast,22,
dol,fodha,22,
as,the,22,
cuid,mhath,22,
idir,air,22,
gum,bithinn,22,
agaibh,ann,22,
san,uair,22,
tilleadh,gu,22,
èideann,ach,22,
airson,cumail,22,
leòr,aig,22,
thachair,do,22,
a-mhàin,ach,22,
tighinn,cruinn,22,
falbh,ach,22,
math,sean,22,
airson,stad,22,
seo,fear,22,
dh’inns,mi,22,
gu,baile,22,
seann,stòiridh,22,
chuala,iad,22,
air,càil,22,
ri,obair,22,
chuimhneachan,air,22,
sa,bhad,22,
seo,co-dhiù,22,
orra,gu,22,
gàidhlig,aca,22,
gàidheil,air,22,
cluinntinn,mu,22,
chaidh,air,22,
seachad,ach,22,
fhathast,aig,22,
atharraich,sin,22,
latha,math,22,
is,ceathrad,22,
ghaoth,gu,22,
cille,chuimein,22,
chòir,dhaibh,22,
bhruidhinn,ri,22,
ùr,airson,22,
sin,gus,22,
chèile,airson,22,
rud,fìor,22,
dhen,dùthaich,22,
iad,fo,22,
gach,là,22,
mi,sùil,22,
le,seo,22,
airson,crìoch,22,
corra,uair,22,
don,bheurla,22,
chomharra,air,22,
dòigh,’s,22,
dhen,fheadhainn,22,
nam,mìltean,22,
falbh,o,22,
seo,de,22,
loch,ann,22,
dòcha,ach,22,
do,luchd-turais,22,
no,gun,22,
rathad,mòr,22,
coimhead,cho,22,
falbh,às,22,
math,coltach,22,
gàidhlig,no,22,
pìos,mòr,22,
no,dithis,22,
h-eil,sibh,22,
ceud,not,22,
mi,sibh,22,
dòighean,eile,22,
fheadhainn,air,22,
chur,ceart,22,
ach,saoilidh,22,
sinn,fhèin,22,
loch,abair,22,
bheil,cuid,22,
fada,fada,22,
don,mhuir,22,
de,bhiadh,22,
daoine,às,22,
tu,ràdh,22,
ùidh,anns,22,
h-uile,là,22,
bu,tràithe,22,
sinn,beò,22,
chuala,sinn,22,
mo,cheann,22,
cinn,tìre,22,
chiad,char,22,
mìle,bliadhna,22,
aig,coinneamh,22,
sgìre,airson,22,
tuilleadh,’s,22,
chaidh,innse,22,
mura,biodh,22,
beò,fhathast,22,
t-seachdain,’s,22,
bho,thàinig,22,
gàidhlig,cuideachd,22,
mi,duilich,22,
uile,còmhla,22,
daoine,a-mach,22,
à,steòrnabhagh,22,
fad,is,22,
follaiseach,gun,22,
dè,do,22,
dèan,cinnteach,22,
the,best,22,
latha,mar,22,
mise,gu,22,
duine,agam,22,
gleanna,gollaidh,22,
bhith,dìreach,22,
agad,mar,22,
rugadh,mi,22,
iad,an-còmhnaidh,22,
bliadhna,mu,22,
air,diofar,22,
iain,moireasdan,22,
math,nam,22,
fhios,’m,22,
aiseag,bheàrnaraigh,22,
so,sin,22,
’s,mise,22,
‘s,mar,22,
àrd,ìre,22,
and,this,22,
aon,ugh,22,
gum,feumadh,22,
mi,a',22,
mi,beag,22,
a-nis,ann,22,
see,the,22,
look,at,22,
sinn,dol,22,
tighinn,suas,22,
seo,agad,22,
a',toirt,22,
bhith,uabhasach,22,
dè,a-nis,22,
cudromach,gum,22,
mairead,nicfhionghain,22,
airson,uair,22,
we’ve,had,22,
thimcheall,air,22,
mun,ear,22,
think,it’s,22,
it’s,really,22,
so,it’s,22,
the,moment,22,
teagaisg,tro,22,
gàidhlig,‘s,22,
dh’,inns,22,
people,are,22,
a',comharrachadh,22,
de,thachartasan,22,
air,bbc,22,
them,to,22,
meadhanan,sòisealta,22,
seo,ùisdean,22,
the,other,21,
bhi,mi,21,
a-mach,aig,21,
gam,thoirt,21,
ma,chanas,21,
ma,choimheadas,21,
fear,nach,21,
seasgad,ʼs,21,
cluinntinn,bhuaibh,21,
eile,san,21,
aghaidh,nam,21,
trithead,ʼs,21,
àite,sònraichte,21,
nach,fhaic,21,
dhol,a-null,21,
fon,talamh,21,
innis,dhomh,21,
seachdad,ʼs,21,
fàs,ann,21,
leabhar,air,21,
bhuaidh,air,21,
is,ochdad,21,
seann,ghàidheil,21,
bheachd,air,21,
treas,linn,21,
bheil,feadhainn,21,
ràdh,ri,21,
biodh,sibh,21,
fada,mus,21,
adhart,le,21,
dheth,ann,21,
làimh,air,21,
ràdh,anns,21,
de,chloinn,21,
chloinn,’ic,21,
fhaighinn,anns,21,
nan,seasamh,21,
càil,ach,21,
dèanadh,tu,21,
measgachadh,de,21,
nan,craobh,21,
uairean,feasgar,21,
dhen,t-sluagh,21,
cruinneachadh,de,21,
ge,b’,21,
aig,mac,21,
sin,bu,21,
agaibh,gur,21,
dh’fhuirich,iad,21,
air,each,21,
tilleadh,don,21,
dol,bho,21,
rathad,gu,21,
dol,dh’fhaighnich,21,
saighdearan,dearga,21,
an-dràsta,aig,21,
agamsa,air,21,
airson,tòiseachadh,21,
oir,bhiodh,21,
lean,iad,21,
airson,cur,21,
taigh,mhòr,21,
rathad,air,21,
droch,staid,21,
oirre,ann,21,
bailtean,beaga,21,
nas,mò,21,
fhaicinn,ach,21,
nì,sin,21,
do,bheachd,21,
bith,mar,21,
a-nise,ach,21,
do,mhair,21,
don,ghàidhealtachd,21,
dhen,leabhar,21,
seo,bhiodh,21,
gàidhealtachd,ann,21,
leis,ach,21,
à,gleann,21,
dh’fhaodadh,iad,21,
ri,tighinn,21,
dhachaigh,gu,21,
leabhar,aig,21,
thachair,ann,21,
air,gnothaichean,21,
seumas,stiùbhart,21,
litir,seo,21,
dhomh,ach,21,
beurla,ann,21,
ma,’s,21,
sònraichte,ann,21,
seo,do,21,
làimh,ri,21,
chùm,iad,21,
chuireas,mi,21,
’s,tu,21,
air,ainm,21,
dà,là,21,
in,scotland,21,
new,south,21,
south,wales,21,
tighinn,à,21,
ceangal,aig,21,
inbhir,lòchaidh,21,
dà,fhacal,21,
bho,fhear,21,
gu,dìreach,21,
togail,air,21,
a-riamh,ann,21,
mi,rud,21,
chòrd,sin,21,
thagh,mi,21,
ann,san,21,
ro,làimh,21,
dhaoine,gu,21,
is,gum,21,
mòran,anns,21,
nighean,bheag,21,
so,mar,21,
à,sasainn,21,
toirt,dhachaigh,21,
ruith,gu,21,
dhèanadh,iad,21,
dhaoine,aig,21,
airson,cuid,21,
nan,cearc,21,
math,dha,21,
adhart,ri,21,
rèir,mar,21,
sin,de,21,
aig,sabhal,21,
teaghlach,air,21,
le,mo,21,
thog,mi,21,
ma,chì,21,
celsius,aig,21,
mar,mhinistear,21,
ainm,ann,21,
mòran,taing,21,
toilichte,le,21,
gun,còrd,21,
ann,sin,21,
bhliadhna,seo,21,
sinn,beagan,21,
cuideachd,nuair,21,
leithid,air,21,
beag,’s,21,
ceudan,de,21,
fear,no,21,
no,tè,21,
ann,nas,21,
thug,thu,21,
rud,aig,21,
sinn,rud,21,
coire,bhreacain,21,
oidhche,air,21,
cus,de,21,
mi,glè,21,
duine,uasal,21,
cho,àrd,21,
òg,’s,21,
sinn,deiseil,21,
san,taigh,21,
sin,fad,21,
ri,chluinntinn,21,
barrachd,is,21,
sealladh,air,21,
dol,fad,21,
mu,mar,21,
furasta,’s,21,
the,sea,21,
thu,nad,21,
airson,latha,21,
suas,chun,21,
dhèanamh,cuideachd,21,
seo,a-mach,21,
aig,coinneach,21,
mo,thogail,21,
loch,iall,21,
sinn,cho,21,
aon,ìre,21,
iain,moireach,21,
dh’fhàs,mi,21,
nis,an-diugh,21,
ann,iain,21,
sinn,gan,21,
thu,airson,21,
mi,math,21,
a-null,chun,21,
dàrna,bliadhna,21,
chur,sìos,21,
gu,faigh,21,
uill,'s,21,
ach,'s,21,
seo,iain,21,
the,whole,21,
think,the,21,
mar,is,20,
fheàrr,le,20,
a-nise,air,20,
a-mach,cò,20,
beag,anns,20,
uairean,sa,20,
an-diugh,anns,20,
ach,ʼs,20,
leam,cluinntinn,20,
sin,dà,20,
b’,ise,20,
eile,ri,20,
dèidh,làimhe,20,
latha,de,20,
math,cuideachd,20,
cuideachd,aig,20,
fheudar,dhomh,20,
àiteachan,ann,20,
dèidh,bàs,20,
h-eileanan,sin,20,
comas,aig,20,
is,trithead,20,
àiteachan,far,20,
leth,de,20,
faighinn,gu,20,
bhiodh,fios,20,
ceart,air,20,
dè,chanadh,20,
h-alba,gu,20,
reic,aig,20,
sibh,airson,20,
iad,taic,20,
bith,aige,20,
bi,gu,20,
cuide,ris,20,
nam,bàrd,20,
air,bho,20,
thachair,seo,20,
bàs,fhaighinn,20,
chuireadh,iad,20,
dh’fhaighnich,iad,20,
bliadhna,gu,20,
beag,aig,20,
iad,còmhla,20,
boireannach,òg,20,
dòmhnall,mac,20,
chòir,do,20,
bheatha,air,20,
feitheamh,ri,20,
theich,iad,20,
fhaicinn,mar,20,
agam,mu,20,
de,shaighdearan,20,
air,cliathaich,20,
riamh,air,20,
turas,no,20,
gàidhlig,is,20,
bheil,cothrom,20,
do,làmh,20,
ri,faighinn,20,
feadhainn,air,20,
dèanamh,ann,20,
dèanamh,de,20,
ann,don,20,
nan,taighean,20,
air,eadar-theangachadh,20,
fhios,agaibh,20,
aig,beul,20,
air,biadh,20,
bliadhna,on,20,
sin,buileach,20,
daoine,bochda,20,
air,grunn,20,
leòr,againn,20,
don,riaghaltas,20,
aithnichte,mar,20,
adhart,ach,20,
ciallachadh,le,20,
nan,uighean,20,
feum,ann,20,
ri,lorg,20,
coimeas,ris,20,
ach,thathar,20,
is,bidh,20,
is,seachdad,20,
gach,fear,20,
chaidh,mòran,20,
seo,iad,20,
math,sin,20,
rèir,cuid,20,
annta,ach,20,
cumanta,gu,20,
do,mhàthair,20,
nighean,òg,20,
cruaidh,air,20,
roimhe,seo,20,
air,bàrr,20,
nas,eòlaiche,20,
chiad,phàirt,20,
obair,do,20,
uill,air,20,
air,cuairt,20,
an-diugh,fhèin,20,
fhichead,’s,20,
tèid,iad,20,
thèid,mi,20,
ann,ge-tà,20,
a-rithist,’s,20,
leughadh,leabhar,20,
mi,suas,20,
rud,’s,20,
àm,ann,20,
daoine,le,20,
mar,fhear,20,
dùthaich,seo,20,
air,cò,20,
dhà,air,20,
no,thrì,20,
pìosan,beaga,20,
is,cinnteach,20,
obair,sin,20,
is,toigh,20,
càil,ann,20,
hearadh,air,20,
mòra,air,20,
obair,dheathain,20,
dhaibh,gu,20,
saoil,dè,20,
de,shluagh,20,
oidhche,shathairne,20,
innse,gall,20,
bhiodh,aca,20,
creidsinn,nach,20,
trice,bidh,20,
ga,cur,20,
creidsinn,ann,20,
à,barraigh,20,
dlùth,ri,20,
sin,thill,20,
an-diugh,nuair,20,
sibh,ceàrr,20,
bhiodh,air,20,
nas,ìsle,20,
airson,feuchainn,20,
the,western,20,
iad,nuair,20,
’s,ma,20,
à,sealladh,20,
math,de,20,
air,leabhar,20,
cuir,mi,20,
bidh,iadsan,20,
cuir,sinn,20,
leughadh,’s,20,
air,sàilleabh,20,
a-mhàin,gun,20,
bhiodh,esan,20,
to,take,20,
ithe,feòil,20,
tuath,leòdhais,20,
ann,a-rithist,20,
facal,no,20,
fad,mo,20,
lean,sin,20,
iarraidh,gun,20,
the,past,20,
of,people,20,
mun,bhuaidh,20,
toirt,a-staigh,20,
dèanamh,mar,20,
aithris,à,20,
dhèanamh,às,20,
dèanamh,barrachd,20,
agam,anns,20,
the,same,20,
they,were,20,
iarraidh,orm,20,
seo,math,20,
iarraidh,sin,20,
bheil,mise,20,
dh’,fheumas,20,
toiseach,tòiseachaidh,20,
seo,sheinn,20,
thogadh,mi,20,
bhith,caran,20,
a-nis,deiseil,20,
to,put,20,
bhi,mise,20,
dh’,aithghearr,20,
calum,iain,20,
fhios,aige,20,
cho,snog,20,
co,às,20,
mu,chuairt,20,
so,bidh,20,
tòrr,mòr,20,
like,that,20,
airson,cuideachadh,20,
an-dràsta,airson,20,
ma,dh’,20,
dèanamh,dragh,20,
that,and,20,
so,that,20,
here,and,20,
coimhead,ris,20,
sgàth,gu,20,
sin,dol,20,
gun,tog,20,
là,nise,20,
the,people,20,
it’s,the,20,
number,of,20,
buidhnean,glèidhteachais,20,
comharrachadh,gu,20,
fèis,leabhraichean,20,
try,and,20,
fear-naidheachd,againn,20,
alasdair,macillinnein,20,
àitichean,eile,20,
srath,pheofhair,20,
anndra,macfhionghain,20,
nicleòid,eilidh,20,
chuid,aodaich,19,
clach,mhòr,19,
sibh,a-riamh,19,
mar-thà,air,19,
bho,thaobh,19,
do,dh’èirich,19,
mo,chridhe,19,
sin,dh’fhaighnich,19,
sin,dh’fhalbh,19,
faic,mi,19,
sinn,an-ath-sheachdain,19,
fear,mòr,19,
leantainn,le,19,
air,gun,19,
ainmeachadh,airson,19,
sgìre,ann,19,
airson,dèiligeadh,19,
sin,thòisich,19,
leabhar,mu,19,
dh’fhuireach,anns,19,
cuid,agaibh,19,
mar,nach,19,
seo,alasdair,19,
eilean,ì,19,
tuath,gu,19,
luaidh,air,19,
dhiubh,ach,19,
falbh,airson,19,
ùr,gu,19,
ann,dhuinn,19,
uill,gu,19,
nis,mar,19,
de,ghàidhlig,19,
ga,reic,19,
bu,luaithe,19,
leig,iad,19,
iad,seachad,19,
thachair,dha,19,
dol,tarsainn,19,
taic,bhon,19,
far,costa,19,
need,to,19,
dhen,naoidheamh,19,
mu,dheich,19,
iongnadh,orm,19,
riamh,roimhe,19,
às,dha,19,
ris,gum,19,
thadhal,air,19,
linn,sin,19,
t-àite,seo,19,
dheidhinn,ach,19,
aon,fhear,19,
eadar-dhealaichte,air,19,
de,bhàrdachd,19,
nam,cheann,19,
bharrachd,de,19,
falbh,le,19,
pòsta,aig,19,
thogail,ach,19,
aig,loch,19,
eile,agam,19,
còmhla,air,19,
gu,làr,19,
do,leig,19,
thighinn,gu,19,
ceann,ùine,19,
gu,latha,19,
beag,eile,19,
mharbh,iad,19,
cho,trom,19,
tric,air,19,
dol,mar,19,
falbh,aig,19,
sgrìobh,mi,19,
dearbhadh,gun,19,
dhomh,mu,19,
and,islands,19,
cho,sean,19,
ri,dà,19,
baile,nan,19,
daoine,eòlach,19,
de,dh’fhaclan,19,
air,èiginn,19,
mu,fhichead,19,
le,aon,19,
gàidhlig,uill,19,
obair,aige,19,
greim,air,19,
dol,mun,19,
do,chàch,19,
ceum,air,19,
beagan,mu,19,
mi,dà,19,
h-alba,aig,19,
mu,dheas,19,
sa,bheil,19,
droch,rud,19,
grunn,tursan,19,
beurla,mar,19,
teagamh,nach,19,
srath,nabhair,19,
còir,aig,19,
air,foghlam,19,
as,mò,19,
nach,fhaodadh,19,
sin,fhaighinn,19,
gnothaichean,mar,19,
iomadh,turas,19,
prionnsa,teàrlach,19,
ghàidhlig,anns,19,
tu,ann,19,
cuideachd,nach,19,
deagh,rud,19,
ùine,mhòir,19,
’ic,coinnich,19,
iarraidh,orra,19,
mòran,sgìrean,19,
agam,dìreach,19,
gu,h-iongantach,19,
oir,b’,19,
bheil,ainm,19,
sin,nochd,19,
nam,b’,19,
feumail,do,19,
gum,faicear,19,
do,theaghlach,19,
dheth,’s,19,
cho,tarraingeach,19,
dhaoine,mar,19,
fhaighinn,mar,19,
coltach,gum,19,
le,còrr,19,
a-chaoidh,tuilleadh,19,
iarraidh,oirnn,19,
air,fhaicinn,19,
bhliadhna,nuair,19,
dèanamh,rudeigin,19,
gàidhealtachd,is,19,
math,sìmplidh,19,
cuideachd,le,19,
tionndadh,gu,19,
coimhead,nas,19,
dhen,t-saoghal,19,
sin,sin,19,
trèanadh,airson,19,
iad,à,19,
roimhe,ach,19,
teaghlach,mòr,19,
mòr,aige,19,
gun,tòisich,19,
h-alba,anns,19,
ach,dh’fhaodadh,19,
dhèanamh,aig,19,
h-alba,airson,19,
cuid,air,19,
is,dòcha,19,
ach,thòisich,19,
iad,dha,19,
iomairt,airson,19,
dèanamh,nan,19,
airson,do,19,
ùr,anns,19,
a’m,gu,19,
dheth,air,19,
do,chroitearan,19,
gàidhealtachd,ach,19,
dùil,a’m,19,
faodadh,tu,19,
dachaigh,ann,19,
math,fhèin,19,
ais,ach,19,
chur,timcheall,19,
ùine,ghoirid,19,
aige,ris,19,
air,ùisdean,19,
as,fhaisge,19,
nan,loch,19,
cho,teth,19,
bheil,iadsan,19,
sealan,nuadh,19,
uabhasach,doirbh,19,
daoine,cho,19,
aig,cuirm,19,
à,sin,19,
dhèanamh,a-mach,19,
gabh,mo,19,
coinneachadh,ann,19,
boban,saor,19,
latha,’s,19,
gu,pearsanta,19,
sinn,an-dràsta,19,
dhaibh,mar,19,
mi,gus,19,
àireamh,nan,19,
math,fada,19,
ais,anns,19,
math,soilleir,19,
is,to,19,
fhios,cò,19,
mac,gille,19,
ach,dhan,19,
out,of,19,
in,this,19,
has,been,19,
còrdadh,riutha,19,
rinn,mise,19,
loch,aillse,19,
nas,òige,19,
about,it,19,
thogras,mi,19,
gille,mhaoil,19,
bu,thràithe,19,
cò,aig,19,
bhith,math,19,
ga,do,19,
dhèanamh,‘s,19,
bheatha,’s,19,
up,and,19,
criosaidh,lawson,19,
urrainn,dhan,19,
againn,‘s,19,
fad,‘s,19,
be,able,19,
us,to,19,
maclaomain,neach-aithris,19,
cara,coburn,19,
sin,ruaraidh,19,
màiri,seo,19,
sìne,anna,19,
neach-aithris,’s,19,
macaonghais,neach-aithris,19,
neach-aithris,fhuair,19,
is,trice,18,
oirre,mar,18,
dithis,aig,18,
air,sgrìobhadh,18,
taigh,ann,18,
mhothaich,sibh,18,
bhon,laidinn,18,
feumaidh,sibh,18,
leth,ann,18,
beagan,is,18,
cinnteach,ma,18,
cluich,air,18,
nam,frangach,18,
atha,cliath,18,
dhèanamh,orra,18,
fèill,mhòr,18,
mi,às,18,
leth,toilichte,18,
chur,crìoch,18,
aon,oidhche,18,
air,cnoc,18,
sheòl,iad,18,
toiseach,ach,18,
gu,eilean,18,
air,co-dhiù,18,
ceist,ann,18,
chanar,ris,18,
le,cuideigin,18,
dheth,gun,18,
aig,dùn,18,
bliadhna,bidh,18,
ath,thuras,18,
chaidh,mun,18,
gu,mullach,18,
dha,airson,18,
à,dùn,18,
truagh,nach,18,
air,abhainn,18,
nach,cuala,18,
cur,ris,18,
daoine,mu,18,
feumaidh,nach,18,
leth,duine,18,
dè,thug,18,
dithis,eile,18,
sin,faisg,18,
ceann,beagan,18,
nan,eun,18,
bhruidhinn,ris,18,
bheir,thu,18,
nighean,aig,18,
brèagha,air,18,
don,phrìosan,18,
rugadh,iain,18,
aig,donnchadh,18,
dà,bhaile,18,
seo,oir,18,
sin,eadar,18,
chanadh,muinntir,18,
eile,mun,18,
fear,anns,18,
mi,idir,18,
sgìre,gu,18,
pàirce,nàiseanta,18,
deach,iad,18,
h-uile,nì,18,
dèanamh,rannsachadh,18,
mhàthair,air,18,
tuirt,mi,18,
cuid,ann,18,
gille,òg,18,
a-null,don,18,
sin,dhuibh,18,
dhuibh,an-ath-sheachdain,18,
cudromach,do,18,
chuairteachadh,le,18,
taobh,nan,18,
grèim,fhaighinn,18,
seo,aon,18,
teine,mòr,18,
eadar-theangachadh,gu,18,
cluinnidh,tu,18,
ann,mus,18,
toirt,gu,18,
dol,faisg,18,
dithis,chloinne,18,
chuid,air,18,
dhiubh,gu,18,
bith,aca,18,
nas,cudromaiche,18,
de,dh’àiteachan,18,
duine,às,18,
ar,sinnsirean,18,
leòr,anns,18,
don,fheadhainn,18,
le,droch,18,
stad,orra,18,
muin,eich,18,
stòiridh,innse,18,
dad,air,18,
air,feasgar,18,
iar,air,18,
thill,mi,18,
leabhar,anns,18,
sìos,don,18,
tòiseachadh,aig,18,
don,chaisteal,18,
aig,aonghas,18,
iad,sìos,18,
mo,bheulaibh,18,
cur,a-staigh,18,
ràdh,sin,18,
no,co-dhiù,18,
canar,ann,18,
sin,stad,18,
chluinneas,sibh,18,
taigh,agam,18,
gin,de,18,
ach,chunnaic,18,
atharrachadh,air,18,
fulang,le,18,
nam,bailtean,18,
dà,àite,18,
bho,àite,18,
càirdeach,do,18,
cuide,rium,18,
d’,athair,18,
anna,latharna,18,
gheur,air,18,
iad,coltach,18,
dheth,gum,18,
mi,rium,18,
eilean,mu,18,
nam,chuimhne,18,
h-uile,gin,18,
beagan,seachdainean,18,
là,sin,18,
air,fhathast,18,
a-riamh,roimhe,18,
nan,cruithneach,18,
sin,buaidh,18,
ceist,air,18,
cuideachd,anns,18,
sin,ro,18,
thàinig,bho,18,
is,coltach,18,
uair,no,18,
tuigsinn,gu,18,
air,ciamar,18,
bhliadhna,às,18,
mac,rìgh,18,
cuideachd,oir,18,
sgìre,far,18,
nach,tàinig,18,
mòran,àiteachan,18,
ach,is,18,
tèid,thu,18,
math,do,18,
rud,ùr,18,
nam,fiadh,18,
sibh,mar,18,
orra,’s,18,
airson,fuireach,18,
baile,steòrnabhaigh,18,
seachad,gu,18,
nach,gabhadh,18,
airson,duine,18,
diofar,sgìrean,18,
brèagha,ann,18,
à,beul-aithris,18,
obrachadh,a-mach,18,
agam,aig,18,
againne,ach,18,
rudan,ùra,18,
cudromach,anns,18,
dh’fhaodadh,nach,18,
toiseach,air,18,
seinn,ann,18,
ceangal,ris,18,
beag,no,18,
gu,aon,18,
doirbh,do,18,
’s,mo,18,
dol,nas,18,
mi,leis,18,
taigh,nan,18,
air,stailc,18,
cuideachd,gum,18,
a-mach,bho,18,
gin,dhiubh,18,
dùthcha,ach,18,
chaidh,aontachadh,18,
deagh,chothrom,18,
dusan,bliadhna,18,
cothrom,dha,18,
dùthaich,air,18,
iad,sa,18,
eile,às,18,
de,rud,18,
h-uile,dad,18,
air,cuspairean,18,
dèanamh,airson,18,
doirbh,gu,18,
fhèin,cho,18,
cumail,air,18,
bheil,cuimhne,18,
eadar-dhealaichte,bhon,18,
mi,gan,18,
à,èirinn,18,
dol,gan,18,
tron,t-seachdain,18,
leòr,eile,18,
pàirtean,eile,18,
thighinn,air,18,
nise,’s,18,
dhèanamh,do,18,
feuchaidh,mi,18,
dèanamh,ach,18,
rudan,as,18,
dhuinn,a-nochd,18,
dèanamh,gu,18,
bhean,’s,18,
the,world,18,
taic,ris,18,
bhon,iar-dheas,18,
taigh,ùr,18,
a-nis,’s,18,
cho,soilleir,18,
that,it,18,
dhan,t-saoghal,18,
ach,chì,18,
nas,duilghe,18,
làn,de,18,
ma-thà,uill,18,
fheàrr,leotha,18,
ga,cleachdadh,18,
teagamh,ann,18,
sin,còmhla,18,
aig,co-labhairt,18,
àmhainn,airson,18,
dhà,uimhir,18,
dol,dha,18,
anns,a',18,
bidh,fhios,18,
‘s,toigh,18,
cuimhne,’m,18,
sa,sgoil,18,
of,tartar,18,
fosgailte,dhan,18,
’s,dìreach,18,
’s,rinn,18,
dh’,obair,18,
an-diugh,‘s,18,
bhios,mise,18,
so,it,18,
àm,sam,18,
maighread,stiùbhart,18,
faireachdainn,mar,18,
nas,fhèarr,18,
“tagh,do,18,
dèanamh,’s,18,
toirt,dhomh,18,
gun,glac,18,
buannachd,mhòr,18,
about,the,18,
mu,dè,18,
seòrsa,saoghail,18,
tòrr,air,18,
biodh,sinn,18,
dhèanamh,ris,18,
a-steach,dha,18,
's,iad,18,
mhòr,dhan,18,
very,very,18,
aig,teas,18,
very,much,18,
tu,rud,18,
to,come,18,
rud,ceart,18,
bhios,cùisean,18,
fèill,àiteachais,18,
a',fuireach,18,
's,urrainn,18,
dèanamh,diofar,18,
seo,bean,18,
gan,reic,18,
gàidhealtachd,‘s,18,
fhoillseachadh,aig,18,
really,important,18,
dòigh,‘s,18,
cumhachd,ath-nuadhachail,18,
mìle,san,18,
dòmhnall,angie,18,
angie,moireasdan,18,
for,us,18,
greisean,math,18,
fhichead,‘s,18,
ann,tioram,18,
think,it,18,
bhith,cleachdadh,18,
goireasan,ùra,18,
aig,seonaidh,18,
ann,dhuinne,18,
gàidhlig,san,18,
trying,to,18,
smaoinicheas,tu,18,
ach,dh’,18,
air,bliadhna,18,
gun,dachaigh,18,
catrìona,nicillefhinnein,18,
it’,s,18,
bh,bh,18,
uilleam,stiùbhart,18,
neach-aithris,thèid,18,
preseantair,uill,18,
macamhlaidh,neach-aithris,18,
le,mòran,17,
gu,loch,17,
toir,mi,17,
beurla,air,17,
cluinnidh,sibh,17,
litir,do,17,
naochad,ʼs,17,
ʼs,iomadh,17,
h-uile,h-àite,17,
latha,aig,17,
air,comhairle,17,
cluich,airson,17,
aig,alba,17,
chiad,turais,17,
dithis,air,17,
dòcha,anns,17,
air,gàidhealtachd,17,
thu,ach,17,
ann,fada,17,
aig,taigh,17,
gun,robhar,17,
ri,beagan,17,
sin,thathar,17,
bhiodh,muinntir,17,
fiosrachadh,mu,17,
le,ainm,17,
bliadhna,mar,17,
sa,mhuir,17,
aige,de,17,
thiodhlacadh,anns,17,
cliù,dha,17,
bhliadhna,ann,17,
iongnadh,air,17,
bliadhna,nuair,17,
halò,a-rithist,17,
seann,bhoireannach,17,
gun,luaidh,17,
sin,no,17,
dèidh,nan,17,
sin,agam,17,
bhon,bheurla,17,
ma,thogras,17,
latha,no,17,
as,toigh,17,
againn,cuideachd,17,
còrr,math,17,
uill,feumaidh,17,
ùidh,agaibh,17,
ach,saoil,17,
dha,gu,17,
feadhainn,dhen,17,
air,còrr,17,
aon,taobh,17,
deas,ann,17,
do,dh’fhuirich,17,
math,sgiobalta,17,
aige,do,17,
air,uill,17,
air,bàs,17,
mun,ghnothach,17,
thug,air,17,
airson,grunn,17,
air,creag,17,
bliadhna,seo,17,
dhomh,nach,17,
còmhla,aig,17,
tè,seo,17,
air,sabaid,17,
eile,aca,17,
fear,às,17,
le,dìreach,17,
seo,a-nise,17,
stòiridh,eile,17,
dèanamh,ceangal,17,
gu,meadhan,17,
mus,fhàg,17,
ghleann,mhòr,17,
pàirt,dheth,17,
mi,san,17,
coinneamh,phoblach,17,
faighinn,cuidhteas,17,
mòr,airson,17,
seo,dè,17,
nan,aghaidh,17,
dh’ainmich,mi,17,
le,airgead,17,
air,aodann,17,
as,luaithe,17,
bi,seo,17,
gach,nì,17,
mi,ceist,17,
b’,fhasa,17,
mi,cuideachd,17,
srath,àrdail,17,
bidh,tòrr,17,
h-eileanan,air,17,
dhuinn,dè,17,
airson,foghlam,17,
linn,nan,17,
iad,a-rithist,17,
thig,thu,17,
abair,gun,17,
sinne,ann,17,
loch,iù,17,
gum,falbhadh,17,
cumail,ann,17,
phàigheadh,air,17,
chuairt,air,17,
’s,ged,17,
air,gleann,17,
nan,ceudan,17,
chèile,gu,17,
le,uisge,17,
nach,tig,17,
o,chèile,17,
a-nise,gun,17,
gàidhlig,ga,17,
cho,measail,17,
airson,sgoil,17,
pìos,bàrdachd,17,
pailt,ann,17,
thrì,cheud,17,
h-uimhir,de,17,
sa,bhun-sgoil,17,
bheachd,aig,17,
sin,aon,17,
aithrisean,ann,17,
eilean,sin,17,
ceud,’s,17,
chois,ann,17,
cumanta,ann,17,
fhuair,sibh,17,
is,nach,17,
math,ris,17,
beinn,eighe,17,
ais,’s,17,
sin,dha,17,
cuid,anns,17,
chumail,aig,17,
sin,atharrachadh,17,
fìor,cheann,17,
ais,mar,17,
fìor,mu,17,
rudeigin,coltach,17,
bhrosnachadh,gus,17,
tuiseal,ghinideach,17,
nach,ith,17,
as,leth,17,
eòlach,’s,17,
ceart,airson,17,
trice,’s,17,
nam,inntinn,17,
orra,airson,17,
thoir,dhomh,17,
’s,fhuair,17,
còmhla,’s,17,
pìos,pàipeir,17,
bliadhnaichean,mòra,17,
fios,air,17,
dèanamh,feum,17,
dòigh,le,17,
guma,slàn,17,
biodh,sin,17,
leòr,’s,17,
chaidh,esan,17,
air,neo,17,
gum,faca,17,
seo,leis,17,
airson,ar,17,
oirbh,gu,17,
àirde,ann,17,
eilean,seo,17,
mòran,aca,17,
thàinig,air,17,
ràdh,’s,17,
mun,leabhar,17,
mi,m’,17,
dol,le,17,
mi,an-diugh,17,
eilean,’s,17,
uill,anns,17,
eagal,’s,17,
thoirt,dhi,17,
fheàrr,leibh,17,
oidhche,ann,17,
air,fionn,17,
là,aig,17,
ach,canaidh,17,
fad,ach,17,
ùine,seachad,17,
ailean,dòmhnallach,17,
air,tuilleadh,17,
sibh,toilichte,17,
ghàidhlig,ùr,17,
mun,iar,17,
ri,alba,17,
de,phrìomh,17,
tè,à,17,
bhiodh,mòran,17,
tè,as,17,
bhon,mhuir,17,
sin,fhaicinn,17,
sinne,air,17,
an-dràsta,gu,17,
monadh,miongaig,17,
fhìor,thoiseach,17,
eile,faisg,17,
cinnteach,mu,17,
iad,deònach,17,
dhen,obair,17,
niall,macleòid,17,
fhathast,ga,17,
smaoinich,mi,17,
h-eaglaise,saoire,17,
dh’fhàg,sinn,17,
bhean,aige,17,
abair,thusa,17,
do,thuit,17,
airgead,fhaighinn,17,
màiri,air,17,
alba,cuideachd,17,
aca,gum,17,
fìor,’s,17,
bheil,dà,17,
math,dhuinn,17,
ùidh,aca,17,
idir,’s,17,
sinn,fhathast,17,
because,of,17,
is,barrachd,17,
gun,obraich,17,
as,duilghe,17,
làimh,ach,17,
cuideachadh,le,17,
aig,caisteal,17,
cothrom,agam,17,
dòigh,ach,17,
h-uile,oidhche,17,
tighinn,airson,17,
clann,aig,17,
bhith,a-mach,17,
mhath,airson,17,
toirt,toileachas,17,
dhèanamh,cho,17,
ann,dè,17,
sìos,ann,17,
mhìle,’s,17,
ùr,aca,17,
fa,chomhair,17,
bhith,mothachail,17,
the,last,17,
leabhar,gu,17,
latha,mòr,17,
ga,cumail,17,
a-mach,dhan,17,
gille,carach,17,
airson,gàidhlig,17,
latha,nuair,17,
de,stuth,17,
eilean,nan,17,
and,what,17,
on,uair,17,
seach,gun,17,
they,have,17,
all,of,17,
b’,fhèarr,17,
’s,ga,17,
air,màiri,17,
bidh,gu,17,
ann,aon,17,
rim,faighinn,17,
air,dòighean,17,
sin,cudromach,17,
aig,fèill,17,
ùisdean,macillinnein,17,
math,cruaidh,17,
nas,urrainn,17,
cho,àlainn,17,
còrdadh,riumsa,17,
ò,seadh,17,
ga,ghearradh,17,
obair,seo,17,
sin,son,17,
thall,‘s,17,
got,to,17,
aca,a-nis,17,
tighinn,troimhe,17,
shona,niceanraig,17,
comann,eachdraidh,17,
was,just,17,
seo,màiri,17,
màiri,nis,17,
ùisdean,'s,17,
loch,air,16,
an-dràsta,mar,16,
co-dhiù,ann,16,
glan,’s,16,
ach,dà,16,
biadh,gu,16,
còmhdaichte,le,16,
sibh,sin,16,
alba,fhèin,16,
gun,lean,16,
is,cultar,16,
dà,eilean,16,
ga,chomharrachadh,16,
is,dualchas,16,
ann,feumaidh,16,
siorrachd,inbhir,16,
ach,thog,16,
de,bhith,16,
gnothach,air,16,
baile,atha,16,
bonn,òir,16,
dà,sheòrsa,16,
rìgh,ann,16,
triùir,mhac,16,
seachad,mus,16,
ʼs,nach,16,
nach,fhaiceadh,16,
‘tha,thu,16,
mi,do,16,
airson,seachdain,16,
turas,eile,16,
nam,faclan,16,
eile,leis,16,
aideachadh,nach,16,
leam,gun,16,
gu,saor-thoileach,16,
air,far,16,
air,ùidh,16,
iadsan,air,16,
ann,fad,16,
tòrr,mu,16,
phrìosan,ann,16,
de,bheul-aithris,16,
uilleam,macbhàtair,16,
eadar-theangachadh,air,16,
ainm,sin,16,
nam,manach,16,
ceann,dà,16,
cead,aig,16,
beag,bìodach,16,
faca,sibh,16,
the,west,16,
chuid,mhòir,16,
beurla,gu,16,
ar,caraid,16,
bi,feadhainn,16,
ghàidhlig,mar,16,
a-staigh,beagan,16,
aig,prìs,16,
pàirtean,de,16,
droch,naidheachd,16,
taic,airgid,16,
àite,airson,16,
adhart,airson,16,
faighinn,taic,16,
làithean,sin,16,
toigh,leis,16,
eile,chaidh,16,
bhon,eilean,16,
bliadhna,anns,16,
gun,tachradh,16,
uilleam,ros,16,
falbh,dhachaigh,16,
airson,coinneachadh,16,
agad,gun,16,
sin,o,16,
dhomh,gun,16,
t-àite,as,16,
sàs,gu,16,
sabaid,le,16,
leigeil,seachad,16,
t-seachdamh,latha,16,
rud,iongantach,16,
bàn,mac,16,
don,uachdaran,16,
canadh,tu,16,
bàs,ann,16,
sin,à,16,
eaglais,anns,16,
oirre,ach,16,
feachd,de,16,
air,teicheadh,16,
tug,iad,16,
don,loch,16,
dha,mar,16,
air,uisge,16,
arm,nan,16,
don,fhraing,16,
pàirt,anns,16,
uabhasach,dèidheil,16,
chaidh,thug,16,
ùine,nach,16,
air,oir,16,
dh’fheuch,iad,16,
cheathramh,linn,16,
ge-tà,chaidh,16,
còmhla,gu,16,
rathad,sin,16,
tu,do,16,
mhothaich,mi,16,
tuilleadh,air,16,
iomadh,dòigh,16,
seo,uabhasach,16,
làimh,ris,16,
mi,a-null,16,
ceangal,sam,16,
chaidh,buidheann,16,
ach,dh’fhàg,16,
bheatha,ann,16,
dèanamh,le,16,
mura,bi,16,
tàinig,iad,16,
buntainn,ri,16,
co-dhiù,airson,16,
fear,iain,16,
athair,air,16,
mòr,ris,16,
aige,bhiodh,16,
cuideachd,mu,16,
seo,ged,16,
fhacal,gàidhlig,16,
nas,fhuaire,16,
thaobh,mar,16,
nan,caimbeulach,16,
nise,nuair,16,
no,the,16,
suas,anns,16,
aig,rìgh,16,
chòigeamh,linn,16,
mi,iomradh,16,
rud,cho,16,
bho,sheann,16,
leis,mar,16,
t-uabhas,de,16,
fheàrr,anns,16,
sinn,cuideachd,16,
dèanamh,nuair,16,
leibh,an-dràsta,16,
alba,mar,16,
canaidh,cuid,16,
chionn,greis,16,
mhotha,de,16,
dreach,gàidhlig,16,
mu,bhàs,16,
aig,ailean,16,
beag,le,16,
mu,cho,16,
suas,is,16,
fàs,cleachdte,16,
orm,fhìn,16,
phàirt,dheth,16,
abhainn,nis,16,
gu,cruaidh,16,
ga,ithe,16,
nach,math,16,
sin,mo,16,
mu,obair,16,
tuiteam,às,16,
don,fhear,16,
mi,o,16,
riutha,ann,16,
air,clàr,16,
gearain,mu,16,
cuimhneachadh,gu,16,
thu,’s,16,
dh’fhaodadh,sibh,16,
àiteachan,air,16,
iad,mòran,16,
aonghas,mac,16,
mothachail,gu,16,
falbh,còmhla,16,
aige,don,16,
bheil,loch,16,
gan,ithe,16,
dòcha,air,16,
air,pìos,16,
rugadh,ann,16,
gàidhlig,bho,16,
neo,mar,16,
tric,ann,16,
àite,le,16,
chèile,mar,16,
barrachd,de,16,
nach,dèanadh,16,
ceann,thall,16,
