a,bhith,a’,1618
air,a,bhith,1592
an,uair,sin,1374
a’,dol,a,1033
bbc,an,là,810
a,chur,air,709
mi,a’,smaoineachadh,625
ann,an,alba,589
aig,an,àm,586
an,toiseach,ann,567
toiseach,ann,an,560
chaidh,am,prògram,534
am,prògram,seo,534
a,h-uile,duine,533
a,chraoladh,an,532
chraoladh,an,toiseach,532
mi,a’,dol,509
far,a,bheil,506
ann,an,gàidhlig,495
ann,an,seo,490
ann,am,beurla,482
air,a,bheil,479
a,chaidh,a,439
a,h-uile,càil,381
a,bharrachd,air,376
a,bhith,ag,370
a’,fuireach,ann,369
airson,a,bhith,360
a,bhith,ann,357
ann,an,sin,349
air,a,dhol,339
gu,bheil,an,312
anns,an,sgìre,293
anns,an,eilean,288
a,thoirt,air,284
a’,dol,air,277
smaoineachadh,gu,bheil,277
a’,coimhead,air,276
sam,bith,a,275
ann,an,dòigh,275
ann,an,uibhist,264
fhad,’s,a,264
a,dhèanamh,air,255
fuireach,ann,an,252
a,bhith,air,248
air,a’,ghàidhealtachd,246
ann,a,bhith,241
ann,an,inbhir,240
ann,an,dùn,239
gu,bheil,iad,239
an,t-seachdain,sa,237
an,t-ainm,a,233
air,an,rathad,232
mi,ag,innse,231
a’,feuchainn,ri,229
a’,smaoineachadh,gu,226
ann,an,ceann,222
ann,an,glaschu,221
ag,innse,dhuibh,221
an,àm,sin,219
shona,nicdhòmhnaill,neach-aithris,219
dol,a,chur,218
an,rud,a,214
mar,gum,biodh,214
anns,a,bheil,209
a,bhios,a’,209
anns,na,h-eileanan,208
mi,a’,dèanamh,206
air,feadh,na,206
t-seachdain,sa,chaidh,206
an,fheadhainn,a,206
mi,an,dòchas,204
nuair,a,chaidh,204
aig,a,bheil,201
sin,a’,ciallachadh,199
o,chionn,ghoirid,199
an,sàs,ann,199
mi,a’,smaointinn,196
an,aon,rud,193
an,inbhir,nis,193
a,bheil,an,192
mi,ann,an,190
air,a,dhèanamh,189
an,dùn,èideann,185
sin,a,dhèanamh,185
eilidh,nicleòid,neach-aithris,185
air,a,shon,184
ris,an,canar,184
iad,a’,dèanamh,183
iad,a’,dol,183
mi,air,a,182
ann,an,leòdhas,180
air,feadh,an,179
ann,am,meadhan,178
nuair,a,thàinig,178
sin,ann,an,178
a’,smaoineachadh,gun,177
an,eilean,sgitheanach,175
air,an,oidhche,175
far,an,do,174
iad,air,an,174
air,an,taobh,174
bhiodh,iad,a’,173
dol,a,dhèanamh,173
fear,de,na,170
rudan,mar,sin,170
ann,am,baile,169
an,dòchas,gun,169
ag,obair,air,169
muinntir,an,àite,169
ag,innse,dhuinn,168
bhith,ag,obair,167
ag,ràdh,gun,166
gun,a,bhith,166
bhith,ann,an,165
am,measg,nan,165
a’,smaoineachadh,gur,164
an,latha,an-diugh,162
duine,sam,bith,162
an,dòchas,gum,162
às,dèidh,sin,159
dhen,bheachd,gun,157
sibh,eòlach,air,156
ach,nuair,a,154
mar,sin,a,153
mac,a’,ghobhainn,152
bhith,a’,dèanamh,152
andreas,wolff,neach-aithris,152
ann,an,àite,151
ann,an,steòrnabhagh,151
bhith,a’,dol,150
le,bhith,a’,150
cuid,de,na,150
bu,mhath,leam,149
am,fear,a,149
anns,an,leabhar,149
aig,an,aon,148
mi,ag,iarraidh,148
anns,a’,bhliadhna,147
sin,nuair,a,147
a,bhith,na,147
’s,dòcha,gu,146
ann,an,siorrachd,146
a-mach,às,an,146
a,dhol,a,145
dòcha,gu,bheil,145
uibhist,a,deas,145
a,chur,an,145
sinn,a’,dol,145
bidh,mi,a’,142
a,rèir,choltais,142
mar,a,chanas,142
anns,a’,bhaile,141
ann,an,le,141
ann,an,loch,140
air,an,eilean,140
feadh,an,t-saoghail,139
mar,as,trice,139
ag,ràdh,gu,139
innse,dhuibh,mu,138
a’,fuireach,anns,138
nuair,a,bhios,138
ceann,a,tuath,137
a,bheil,thu,137
faisg,air,an,136
an,ceann,a,136
ag,iarraidh,a,136
an,uibhist,a,136
an,le,taing,136
le,taing,do,136
seo,ann,an,134
iad,ag,ràdh,134
airson,a,dhol,133
mi,ag,ràdh,133
taobh,an,iar,132
ceart,gu,leòr,132
gu,bheil,na,132
an,ìre,mhath,131
an,aon,àm,131
h-uile,càil,a,131
an,dà,chuid,130
thu,ag,iarraidh,130
an,naoidheamh,linn,129
air,a,h-uile,129
anns,a’,chiad,129
sàs,ann,an,129
a,rèir,beul-aithris,129
ràdh,gu,bheil,129
a,bhith,an,128
a’,dol,gu,128
gu,bhith,a’,128
air,a,chur,128
gu,bheil,mi,127
eòlach,air,an,127
bidh,sinn,a’,127
mar,a,thuirt,127
na,daoine,a,127
an,là,ann,127
innsidh,mi,dhuibh,126
am,fear,eile,126
anns,an,t-seann,125
an,dèidh,sin,125
aig,deireadh,an,124
a,b’,fheàrr,124
an,aithris,seo,124
’s,dòcha,nach,123
aig,an,taigh,123
’s,dòcha,gun,122
mi,a’,creidsinn,122
thathar,ag,ràdh,121
chur,air,dòigh,121
ann,mar,sin,121
a,chur,ann,121
na,rudan,a,120
airson,a’,chiad,120
a,thoirt,do,120
bhith,a’,cur,119
iad,ann,an,118
’s,ann,an,118
aithris,seo,aig,118
dòmhnall,moireasdan,neach-aithris,118
a,bheil,sibh,117
a,dhol,air,117
a,cheart,cho,117
dòchas,gum,bi,116
rud,sam,bith,116
faisg,air,a’,115
an,obair,a,115
a,h-uile,rud,114
ann,an,lunnainn,114
bidh,iad,a’,114
a,bhith,ga,114
smaointinn,gu,bheil,114
seonaidh,maccoinnich,neach-aithris,114
sam,bith,eile,113
a’,dol,ann,113
nuair,a,ràinig,113
ann,ann,an,113
mar,phàirt,de,113
bheil,iad,a’,113
bliadhna,a,dh’aois,112
a,chanas,iad,112
seo,mar,a,111
air,ais,gu,110
ceann,a,deas,110
a,bheil,iad,110
gu,bheil,sin,110
tro,mheadhan,na,110
sinn,a’,dèanamh,109
cinnteach,gu,bheil,108
calum,macilleathain,neach-aithris,108
a,chaidh,an,107
a’,cumail,a-mach,107
coinneach,mac,a’,107
iad,air,a,106
uibhist,a,tuath,106
fuireach,anns,an,106
’s,a,h-aon,106
gu,bheil,sinn,106
sin,mar,a,105
iad,ag,iarraidh,105
a’,dol,ga,105
sinn,an,dòchas,105
sin,a’,dol,104
ag,obair,ann,104
a’,bruidhinn,mu,104
thu,a’,dol,104
mheadhan,na,gàidhlig,104
an,t-seachdain,seo,103
ann,an,dà,103
ann,an,gleann,103
a’,tighinn,a-steach,103
’s,dòcha,gum,102
nicdhòmhnaill,bbc,an,102
a,thàinig,an,101
a’,cheann,thall,101
ann,an,taigh,100
an,turas,seo,100
a,bu,mhotha,100
ceathrad,’s,a,100
gu,math,tric,100
a,thoirt,seachad,99
far,am,bi,99
dol,air,ais,99
na,b’,fheàrr,99
ann,an,sgìre,99
gum,bu,chòir,99
anns,an,sgoil,99
là,ann,an,99
an,rud,as,98
h-uile,duine,a,97
mi,an,dùil,97
ann,nuair,a,97
bhon,uair,sin,96
dè,mu,dheidhinn,96
gun,d’,fhuair,96
ag,amas,air,96
air,an,t-saoghal,95
chur,air,an,95
a,bhith,a,95
uair,sin,a’,94
gu,leòr,ann,94
mi,a’,bruidhinn,94
ann,am,breatainn,94
ochdad,’s,a,94
gus,am,bi,94
a,dol,a,94
mar,a,bhiodh,93
anns,an,aon,93
ann,an,eachdraidh,92
ann,an,èirinn,92
air,a,chèile,92
mi,a’,cur,92
aig,a’,cheann,92
a’,còrdadh,rium,92
a’,dol,dhan,92
an,seo,a,92
aig,deireadh,na,91
dol,air,adhart,91
air,a’,chladach,91
an,leabhar,a,91
iain,macilleathain,preseantair,91
ach,mar,a,90
gu,math,cudromach,90
mu,dheireadh,a,90
chaidh,a,dhèanamh,90
mi,gu,bheil,90
air,an,latha,89
cheann,a,tuath,89
a’,dèanamh,dheth,89
bruidhinn,mu,dheidhinn,89
obair,ann,an,89
a’,ghàidhlig,a,89
a’,chiad,turas,88
ann,an,sasainn,88
am,measg,na,88
anns,an,taigh,88
leis,gu,bheil,88
aonghas,dòmhnallach,neach-aithris,88
air,an,fhacal,87
fad,na,h-ùine,87
uair,a,thìde,87
againn,ann,an,86
ann,air,an,86
dhen,bheachd,gu,86
faisg,air,làimh,86
’s,gu,bheil,86
an,seo,ann,86
ann,an,siud,86
h-eileanan,an,iar,86
a’,dol,a-mach,86
taing,do,caledonia,86
do,caledonia,tv,86
shona,nicdhòmhnaill,bbc,86
mi,gu,math,85
a’,tighinn,bhon,85
dol,a,thoirt,85
ann,an,astràilia,85
a,tuath,na,85
bheir,sinn,sùil,85
a’,chuid,as,85
a,chur,ri,85
a,bhith,aig,85
nan,eilean,siar,85
ach,ann,an,84
sam,bith,air,84
sinn,air,a,84
bhith,a’,coimhead,84
bhith,gu,math,84
a,bhios,ann,84
dhen,bheachd,gur,83
nuair,a,bhiodh,83
mar,a,chaidh,83
dhèanamh,ann,an,83
gu,bheil,a’,83
mar,a,chì,83
uile,gu,lèir,83
’s,a,dhà,83
dìreach,mar,a,82
sin,gu,math,82
sin,air,a,82
air,mar,a,82
iad,a’,coimhead,82
fhada,gus,an,82
ann,an,eilean,82
b’,fhada,gus,82
trithead,’s,a,82
a’,tighinn,gu,82
eilidh,nicleòid,bbc,82
nicleòid,bbc,an,82
b’,urrainn,dha,81
air,taobh,an,81
sinn,sùil,air,81
gu,leòr,airson,81
aig,a,h-uile,81
mi,dìreach,a’,81
mar,a,bhios,80
a’,dèanamh,air,80
a,chur,gu,80
a,thogail,ann,80
iad,a’,faighinn,80
nuair,a,chunnaic,80
an,ochdamh,linn,80
a,bhith,gu,80
mu,dheidhinn,an,79
mu,dheidhinn,sin,79
gum,bi,an,79
a,h-uile,bliadhna,79
a,thuirt,mi,79
nuair,a,thòisich,79
a’,smaointinn,gu,79
sinn,a’,faicinn,79
air,an,sin,79
air,falbh,bhon,78
an,àm,seo,78
air,sgàth,’s,78
air,an,talamh,78
an,sin,a,78
ann,an,saoghal,78
a,dhèanamh,ann,78
a,bhuineadh,do,78
ag,ràdh,gur,78
an,eilein,sgitheanaich,78
bhith,air,a,78
a,chionn,’s,78
a’,smaoineachadh,gum,78
uair,sin,a,78
ag,ràdh,gum,78
aon,rud,a,78
sin,an,rud,78
a,h-uile,latha,78
a,h-uile,sìon,78
dòmhnall,maclaomainn,neach-aithris,78
dòcha,gum,bi,77
as,motha,a,77
nuair,a,thill,77
anns,an,ath,77
gun,do,rinn,77
chaidh,a,chur,77
a-mach,às,a’,77
gu,tuath,air,76
chuid,as,motha,76
chun,an,latha,76
bhith,a’,toirt,76
a’,tighinn,air,76
ag,ràdh,nach,76
sam,bith,ann,76
sinn,a’,cur,76
na,h-eileanan,an,76
mi,a’,faireachdainn,76
gu,bheil,am,75
an,t-seann,aimsir,75
gu,bheil,thu,75
air,ais,don,75
sin,anns,an,75
a,thoirt,dha,75
iad,a’,tighinn,75
mar,a,thachair,75
ann,an,srath,75
bliadhna,air,ais,75
an,latha,a,74
a,bhiodh,a’,74
gu,leòr,air,74
airson,sin,a,74
an,sgìre,sin,74
mi,a’,ciallachadh,74
an,d’,fhuair,74
thairis,air,na,74
thuirt,am,fear,74
’s,ann,a,74
a’,chiad,uair,74
angela,nicilleathain,preseantair,74
’s,dòcha,gur,73
a’,coimhead,airson,73
mar,sin,air,73
eile,ann,an,73
gu,leòr,a,73
crìoch,a,chur,73
anns,an,eaglais,73
a,deas,na,73
gu,bhith,ann,73
anns,an,fharsaingeachd,73
bhith,a’,fuireach,73
iad,an,dòchas,73
a’,toirt,sùil,72
air,an,cur,72
an,sàs,anns,72
an,àite,a,72
mu,dheidhinn,nan,72
a’,tighinn,bho,72
a,bu,choireach,72
seasgad,’s,a,72
iad,a’,cur,72
prògram,seo,fuine,72
seo,fuine,a,72
fuine,a,chraoladh,72
is,mar,sin,71
urrainn,dhomh,a,71
bheil,thu,a’,71
o,chionn,fhada,71
anns,na,bliadhnaichean,71
mi,a’,fuireach,71
iad,gu,math,71
an,là,an-diugh,71
mu,dheidhinn,na,71
gu,math,eadar-dhealaichte,71
sùil,a,thoirt,70
a’,bruidhinn,air,70
a’,ciallachadh,gu,70
a’,cur,air,70
agam,ann,an,70
ag,obair,còmhla,70
seo,a,chraoladh,70
a,mhàiri,anna,70
ann,a,sin,69
bidh,sibh,eòlach,69
anns,an,naoidheamh,69
thu,a’,cur,69
an,ath,litir,69
air,a’,chiad,69
a,bheil,sinn,69
an,duine,a,69
a,dhèanamh,ach,69
gàidhlig,ann,an,69
seachdad,’s,a,69
ann,mu,dheidhinn,69
leis,an,sin,69
àm,gu,àm,68
a’,tadhal,air,68
an,iar,na,68
ann,an,uair,68
bharrachd,air,sin,68
air,an,t-slighe,68
a,bu,chòir,68
a,bheil,na,68
chur,ri,chèile,68
a,bhith,aca,68
ann,an,àiteachan,68
mise,a’,smaoineachadh,68
ann,an,gallaibh,68
gum,bi,iad,68
àm,ri,teachd,68
ruaraidh,rothach,neach-aithris,68
a,bhith,anns,67
a’,chùis,air,67
nuair,a,thig,67
a,dhèanamh,airson,67
air,falbh,bho,67
stad,a,chur,67
dìreach,a’,dol,67
mi,a’,coimhead,66
thairis,air,an,66
eadar,an,dà,66
nàiseanta,na,h-alba,66
sinn,a’,faighinn,66
air,an,aon,66
’s,a,h-ochd,66
a,bhiodh,ann,66
aon,de,na,66
bheil,sinn,a’,66
seo,a,dhèanamh,66
prògram,seo,thuige,66
seo,thuige,seo,66
thuige,seo,a,66
innes,rothach,preseantair,66
bho,àm,gu,65
toirt,sùil,air,65
ann,aig,an,65
thogail,ann,an,65
nuair,a,chuala,65
ann,an,cuid,65
seo,a’,chiad,65
anns,an,dòigh,65
a,bhios,mi,65
mi,a’,faicinn,65
gu,math,doirbh,65
kerr,gibb,neach-aithris,65
a,dh’fhuireach,ann,64
aige,ann,an,64
a’,dèanamh,sin,64
air,ais,a,64
thathar,a’,smaoineachadh,64
mu,dheidhinn,a,64
mu,dheidhinn,a’,64
ann,an,sgoil,64
na,h-alba,a,64
naochad,’s,a,64
air,taobh,siar,64
anns,a’,ghàidhlig,64
a,dhol,a-mach,64
sinn,ag,iarraidh,64
feadh,na,dùthcha,64
anns,an,àite,64
chaidh,a,sgrìobhadh,63
a’,smaoineachadh,air,63
chì,sinn,dè,63
bhith,a’,faighinn,63
na,h-eileanan,siar,63
innse,dhuibh,an,63
dhuibh,an,t-seachdain,63
bhith,an,sàs,63
aig,an,deireadh,63
aig,an,ìre,63
a,bhios,an,62
ann,air,a,62
math,gu,leòr,62
bhith,air,an,62
as,dèidh,sin,62
anns,a’,choimhearsnachd,62
ach,’s,dòcha,62
coimhead,air,adhart,62
gu,math,nas,62
a,bheil,mi,61
aig,aon,àm,61
ag,èisteachd,ri,61
a,bhith,cinnteach,61
an,cuid,de,61
a,chumail,air,61
sin,a’,toirt,61
’s,ann,mar,61
airson,a,h-uile,61
cho,luath,’s,61
as,fheàrr,a,61
a’,ghobhainn,neach-aithris,61
nach,b’,urrainn,60
ann,tric,a,60
gum,biodh,an,60
fhèin,ann,an,60
air,an,àite,60
air,a’,bhaile,60
gu,bheil,sibh,60
bheachd,gu,bheil,60
blàr,chùil,lodair,60
thu,a’,dèanamh,60
iad,a’,toirt,60
a’,cur,an,60
mi,ag,obair,60
a,thoirt,dhan,60
andreas,wolff,bbc,60
wolff,bbc,an,60
an,là,glaschu,60
mar,sin,’s,59
chiad,dol,a-mach,59
a-mach,air,an,59
a,chì,sinn,59
a’,ghàidhlig,air,59
a’,dèanamh,an,59
bliadhna,às,dèidh,59
air,feadh,alba,59
an,seo,aig,59
ann,a,sheo,59
iain,macaonghais,preseantair,59
cò,às,a,58
mòr,ann,an,58
mi,a’,leughadh,58
air,an,eadar-lìon,58
gu,leòr,ach,58
b’,fheàrr,a,58
mhuinntir,an,àite,58
a,thathar,a’,58
a,chur,seachad,58
ach,anns,an,58
anns,an,dùthaich,58
rud,math,a,58
na,gàidhlig,a,58
’s,mar,sin,58
‘s,gu,bheil,58
a,th,ann,58
a,lot,of,58
mar,a,fhuair,57
a’,bruidhinn,ri,57
sin,air,an,57
ann,an,suidheachadh,57
a,dh’aindeoin,sin,57
gu,math,toilichte,57
cheann,a,deas,57
’s,gun,do,57
feadh,na,gàidhealtachd,57
mi,smaoineachadh,gu,57
a’,nochdadh,ann,56
sin,air,adhart,56
an,latha,sin,56
na,roinn,eòrpa,56
gu,math,inntinneach,56
nuair,a,fhuair,56
am,measg,an,56
a’,dol,a-steach,56
air,adhart,gu,56
am,facal,a,56
fhathast,ann,an,56
ann,an,tiriodh,56
an,taobh,eile,56
prògram,seo,aibisidh,56
seo,aibisidh,a,56
aibisidh,a,chraoladh,56
seonaidh,maccoinnich,bbc,56
maccoinnich,bbc,an,56
’s,ann,air,55
ann,an,dùthaich,55
a’,chiad,dol,55
a’,beachdachadh,air,55
aig,an,toiseach,55
sinn,ann,an,55
math,a,bhith,55
far,am,biodh,55
a’,cur,seachad,55
a’,toirt,taic,55
an,sin,ach,55
a,thoirt,gu,55
bheil,sin,a’,55
air,an,làimh,55
d’,fhuair,iad,55
luath,’s,a,55
mar,sin,ach,55
cò,ris,a,55
eile,air,an,54
sin,a,bhith,54
an,taobh,sear,54
bidh,fios,agaibh,54
san,eilean,sgitheanach,54
eile,anns,an,54
bhith,a’,bruidhinn,54
an,rathad,a,54
air,an,taigh,54
co-cheangailte,ris,an,54
bu,mhotha,a,54
a’,chuid,mhòr,54
uair,sam,bith,54
gu,bheil,a,54
bho,air,feadh,54
coltach,gu,bheil,54
ach,aig,an,54
dèanamh,cinnteach,gu,54
air,an,làraich,54
mar,a,thèid,54
calum,macilleathain,bbc,54
macilleathain,bbc,an,54
anns,a,h-uile,53
leam,a,bhith,53
a,chuala,mi,53
anns,an,dàrna,53
gun,do,chuir,53
seo,air,a,53
a,dhol,gu,53
ann,gu,bheil,53
ùr,ann,an,53
ann,am,muile,53
mar,phàirt,dhen,53
rudeigin,mar,sin,53
a’,fuireach,air,53
ann,an,cunnart,53
ciallachadh,gu,bheil,53
ach,a,rèir,53
ann,an,canada,53
dhomh,a,bhith,53
tu,a,bhith,53
b’,urrainn,dhaibh,52
mòran,de,na,52
bheil,sibh,eòlach,52
ann,an,leabhar,52
ris,a,h-uile,52
am,meadhan,an,52
innse,dhuibh,mun,52
a,chanadh,iad,52
mu,dheireadh,thall,52
seo,ann,am,52
sin,a’,cur,52
a’,dèanamh,a,52
anns,an,ochdamh,52
anns,an,litir,52
càite,a,bheil,52
às,a,dhèidh,52
mac,mhaighstir,alasdair,52
bheil,mi,a’,52
ge,bith,dè,52
a,chì,thu,52
air,an,deireadh-sheachdain,52
a,chaidh,seachad,52
a’,faicinn,gu,52
dol,a,bhith,52
d’,fhuair,mi,51
ceud,gu,leth,51
crìoch,air,an,51
air,a,thoirt,51
b’,urrainn,dhomh,51
taic,a,thoirt,51
a’,cleachdadh,an,51
a,chur,ris,51
dhuine,sam,bith,51
a,leithid,de,51
a,chanas,sinn,51
caogad,’s,a,51
air,ais,air,51
am,fear,seo,51
a,dhèanamh,le,51
iarraidh,a,bhith,51
mi,air,an,51
airson,’s,gum,51
bheil,a,h-uile,51
gu,bheil,daoine,51
h-uile,duine,a’,51
ann,am,port,51
riaghaltas,na,h-alba,51
comhairle,nan,eilean,51
ailean,macleòid,neach-aithris,51
leis,an,fhìrinn,50
sinn,a’,bruidhinn,50
còmhla,ann,an,50
an,leabhar,aige,50
fad,an,latha,50
mar,a,chanadh,50
anns,a’,mhadainn,50
furasta,gu,leòr,50
ag,iarraidh,air,50
na,gàidhlig,ann,50
gum,biodh,na,50
chreid,mi,nach,50
na,seann,daoine,50
an,t-seachdamh,linn,50
gus,an,do,50
an,làimh,eile,50
anns,a’,mhonadh,50
a’,dèanamh,tòrr,50
ann,an,new,50
an,siud,’s,50
a,dhìth,air,50
anns,a’,chumantas,50
ann,an,nis,50
a’,chiad,leabhar,50
gum,bi,sinn,50
na,h-eilthirich,a,50
mar,sin,dheth,50
macleòid,bbc,an,50
bliadhna,bhon,a,50
ràdh,gun,do,49
ann,an,diofar,49
às,a,thàinig,49
fuireach,ann,am,49
a,thoirt,a-mach,49
a,dhol,ann,49
uairean,a,thìde,49
na,h-alba,air,49
ach,a,dh’aindeoin,49
bhith,a’,cleachdadh,49
air,ais,ann,49
cheud,gu,leth,49
sùil,air,an,49
bharrachd,air,an,49
a,rèir,an,49
dè,a’,ghàidhlig,49
air,na,daoine,49
far,an,deach,49
taobh,siar,na,49
air,feadh,nan,49
bhith,a’,leughadh,49
às,an,eilean,49
dìreach,rud,beag,49
a’,bhuaidh,a,49
faicinn,gu,bheil,49
tòrr,a,bharrachd,49
am,bi,thu,49
nochdadh,ann,an,48
an,fhìrinn,innse,48
chiad,turas,a,48
cuid,dhen,bheachd,48
air,an,fhear,48
uair,sin,air,48
o,chionn,beagan,48
ann,an,iomadach,48
air,a,chleachdadh,48
a,b’,urrainn,48
an,duine,aice,48
gu,bhith,na,48
às,dèidh,a,48
aca,ann,an,48
ach,’s,ann,48
a’,dol,timcheall,48
às,a’,cheud,48
mi,a’,toirt,48
an,dòigh,a,48
mise,a’,dol,48
beagan,a,bharrachd,48
prògram,seo,na,48
seo,na,h-eilthirich,48
h-eilthirich,a,chraoladh,48
mi,a,smaoineachadh,48
mi,a,dol,48
fhad,‘s,a,48
an,aon,seòrsa,47
an,roinn,eòrpa,47
eile,air,a,47
a,rinn,an,47
a’,dol,seachad,47
daoine,ann,an,47
airson,dèanamh,cinnteach,47
a’,gabhail,a-steach,47
nas,fheàrr,na,47
mi,air,ais,47
a’,tighinn,a-mach,47
dhèanamh,air,an,47
a’,chuid,a,47
an,aon,àite,47
a,dhol,a-steach,47
ann,airson,a,47
a,dhèanamh,an,47
coimhead,air,na,47
comhairle,na,gàidhealtachd,47
macaonghais,preseantair,nise,47
dìreach,a,bhith,46
aig,toiseach,na,46
ann,anns,an,46
air,a’,chùis,46
bu,chòir,dhomh,46
air,a,sin,46
gu,math,eòlach,46
ann,an,seann,46
an,taobh,an,46
dha,a,bhith,46
an,dòchas,nach,46
feumaidh,mi,ràdh,46
a’,dol,an,46
car,coltach,ri,46
de,na,daoine,46
anns,a’,gheamhradh,46
ann,an,taobh,46
iad,a’,gabhail,46
ann,am,barraigh,46
iad,a,bhith,46
prògram,seo,an,46
mi,a,smaointinn,46
mhìle,‘s,a,46
an,là,inbhir,46
dòmhnallach,bbc,an,46
dhomh,a,ràdh,45
mu,dheireadh,dhen,45
an,dòigh,sin,45
aig,toiseach,an,45
a’,cheann,a,45
loch,nam,madadh,45
do,dhuine,sam,45
a,b’,àbhaist,45
chaidh,a,thogail,45
ann,an,ros,45
cinnteach,gum,bi,45
air,gach,taobh,45
sin,a’,chiad,45
a,chur,a-mach,45
bhith,a’,cumail,45
ann,an,clò,45
mi,a’,tuigsinn,45
mi,air,mo,45
ann,an,dòmhnall,45
‘s,dòcha,nach,45
creidsinn,gu,bheil,45
an,àireamh,de,45
cho,math,’s,45
a’,toirt,air,45
rudeigin,a,dhèanamh,45
a,rinn,mi,45
an,taobh,seo,45
bi,thu,a’,45
dòchas,gu,bheil,44
eòlach,air,a,44
ann,am,mòran,44
a,bhathar,a’,44
mi,anns,an,44
anns,a’,cheann,44
anns,an,t-saoghal,44
sin,as,coireach,44
an,dòchas,gu,44
bho,bhith,a’,44
am,meadhan,na,44
an,dùil,gun,44
ann,gum,bi,44
a,rèir,aithris,44
ag,innse,dhomh,44
ag,èirigh,suas,44
ag,obair,anns,44
chuid,a,bu,44
a’,fàs,nas,44
ach,air,an,44
a,bhuineas,do,44
a’,toirt,seachad,44
còmhla,ris,an,44
air,na,h-eileanan,44
am,fear,beag,44
an,seo,air,44
‘s,dòcha,gun,44
dà,mhìle,‘s,44
san,àm,ri,44
a,bheil,am,43
a,sgrìobhadh,le,43
dh’fhuireach,ann,an,43
ainmeil,ann,an,43
as,motha,de,43
an,siorrachd,pheairt,43
a,thoirt,a-steach,43
còrr,is,ceud,43
deiseil,airson,a,43
seach,a,bhith,43
eòlach,air,na,43
sinn,a,bhith,43
dìreach,air,a,43
a’,cumail,sùil,43
a,dhèanamh,a,43
air,a,sgrìobhadh,43
anns,a’,choille,43
an,seo,airson,43
mi,eòlach,air,43
a’,tighinn,còmhla,43
a,thuilleadh,air,43
sinn,a’,toirt,43
air,an,àrd-ùrlar,43
ach,an,uair,43
smaoineachadh,gum,bi,43
sinn,gu,math,43
chiad,leabhar,a,43
càil,sam,bith,43
feasgar,math,dhuibh,43
macilleathain,preseantair,nise,43
daoine,a,bhith,42
àite,sam,bith,42
a,fhuair,mi,42
an,do,chuir,42
sin,a,chur,42
a’,tighinn,às,42
an,ceann,greis,42
a,choimhead,air,42
bidh,sibh,a’,42
an,ros,an,42
anns,an,latha,42
ann,an,obar,42
a,chunnaic,mi,42
ùr,a,thogail,42
iad,a’,feuchainn,42
gu,leòr,a’,42
an,aon,dòigh,42
air,sgàth,sin,42
a’,tòiseachadh,le,42
air,ais,dhan,42
air,a’,bhliadhna,42
anns,na,hearadh,42
an,loch,abar,42
bharrachd,air,a,42
an,t-eilean,sgitheanach,42
a’,chiad,chogaidh,42
a,rinn,iad,42
gu,bheil,seo,42
na,daoine,sin,42
bheir,mi,dhut,42
a’,dèanamh,cinnteach,42
is,rudan,mar,42
bliadhna,a,dh’,42
aonghas,dòmhnallach,bbc,42
sin,gu,bheil,41
uill,’s,dòcha,41
gum,bi,sibh,41
an,dùil,gum,41
innse,dhuinn,gun,41
càil,a,dh’fhios,41
an,fhicheadamh,linn,41
chur,gu,feum,41
dèanamh,deiseil,airson,41
bhith,ag,ràdh,41
am,measg,nam,41
an,oidhche,sin,41
ri,taobh,na,41
uair,sin,an,41
gun,deach,an,41
air,an,dùthaich,41
an,seo,ach,41
am,broinn,an,41
gum,biodh,iad,41
an,alba,a,41
an,sgìre,seo,41
bu,chòir,dhuinn,41
gu,math,faisg,41
air,an,làrna-mhàireach,41
bhios,mi,a’,41
a,bhith,agad,41
sin,a’,dèanamh,41
sibh,a’,dèanamh,41
sinn,a’,feuchainn,41
tighinn,an,seo,41
bheil,thu,ag,41
a,dhol,dhan,41
a,thoirt,don,40
a,chì,sibh,40
ach,a,bheil,40
a,thoirt,dhuibh,40
thoirt,air,falbh,40
anns,an,do,40
stèidhichte,ann,an,40
às,a,chèile,40
an,gàidhlig,na,40
saoilidh,mi,gu,40
ri,taobh,an,40
iad,ag,obair,40
airson,’s,gun,40
fad,an,t-siubhail,40
gu,math,òg,40
no,mar,sin,40
dà,cheud,bliadhna,40
’s,gum,bi,40
gum,b’,urrainn,40
gum,faigh,sinn,40
a,gheibh,thu,40
’s,ann,ann,40
iad,a’,bruidhinn,40
bliadhna,as,dèidh,40
math,gu,bheil,40
a,chumail,ann,40
sin,a’,tachairt,40
a,thaobh,an,40
a,chur,suas,40
dol,a,thachairt,40
dhut,a,bhith,40
leugh,mi,a,40
gus,a,bhith,40
a,bh,ann,40
‘s,ann,an,40
‘s,ann,air,40
aig,eilidh,nicleòid,40
a,dh’,fhalbh,40
foghlam,tro,mheadhan,40
an,deireadh,sheachdain,40
a,bhiodh,an,39
an,dèidh,a,39
iad,a’,fuireach,39
dhaibh,a,bhith,39
an,siorrachd,rois,39
na,h-alba,a’,39
gu,bheil,tòrr,39
deireadh,an,latha,39
cheart,cho,math,39
a’,dèanamh,deiseil,39
a’,tighinn,a,39
air,taobh,thall,39
os,cionn,na,39
san,latha,an-diugh,39
na,bu,mhotha,39
air,thoiseach,air,39
a,dhùn,èideann,39
eaglais,na,h-alba,39
tè,de,na,39
a,rèir,na,39
a,dhol,à,39
rud,ris,an,39
iad,an,uair,39
chumail,ann,an,39
cho,fad,’s,39
a,bhith,ro,39
a’,dol,suas,39
ga,chur,air,39
a’,smaoineachadh,a,39
a,thèid,an,39
a’,tighinn,an,39
a’,dèanamh,seo,39
mus,d’,fhuair,38
thoirt,air,ais,38
mi,buileach,cinnteach,38
airson,innse,dhuibh,38
a,bhiodh,iad,38
chur,air,chois,38
uair,sin,chaidh,38
a,thoirt,dhaibh,38
a’,chiad,rud,38
ann,an,oilthigh,38
seo,gu,math,38
mise,ann,an,38
bliadhna,an,dèidh,38
os,cionn,an,38
an,aghaidh,an,38
a,dhol,an,38
an,t-ainm,air,38
bu,chòir,dha,38
“tha,mi,a’,38
àite,a,bhith,38
thairis,air,a’,38
fhèin,air,a,38
airson,faighinn,a-mach,38
air,a’,ghàidhlig,38
an,taobh,siar,38
an,àite,sin,38
nuair,a,thigeadh,38
a,bheil,fios,38
a’,chiad,fhear,38
fhoillseachadh,ann,an,38
cuideachd,a’,ciallachadh,38
gu,bhith,air,38
dol,a,dh’innse,38
air,a,son,38
gus,am,faigh,38
’s,ann,à,38
an,àm,a,38
sin,a’,coimhead,38
sam,bith,aig,38
’s,a,ghabhas,38
ùr,a,chur,38
gu,ìre,mhòr,38
a,thaobh,a,38
feumaidh,tu,a,38
gu,math,luath,38
às,an,sin,38
prògram,seo,leugh,38
seo,leugh,mi,38
mi,a,chraoladh,38
a,dh’,aois,38
air,mo,làimh,38
ris,an,sin,38
air,an,deireadh,38
a’,toirt,cothrom,38
a,dh’,aindeoin,38
moireasdan,bbc,an,38
rothach,bbc,an,38
’s,toigh,leam,37
bheil,sibh,a’,37
an,cuala,sibh,37
coltach,ris,an,37
a,thàinig,am,37
a,chèilidh,air,37
ann,an,earra-ghàidheal,37
mi,airson,innse,37
mac,a’,phearsain,37
air,ann,am,37
a,thug,an,37
a,thogail,air,37
fhad,ʼs,a,37
faisg,air,a,37
a,chaidh,fhoillseachadh,37
an,dà,rud,37
an,do,rinn,37
mar,bu,chòir,37
coimhead,air,an,37
bhith,ag,èisteachd,37
dol,a,dh’fhaighinn,37
am,measg,eile,37
air,an,doras,37
cur,air,dòigh,37
an,àite,a’,37
an,aghaidh,nan,37
àite,ris,an,37
mi,cinnteach,gu,37
a,dhèanamh,anns,37
sibh,gu,bheil,37
ged,a,chaidh,37
ann,an,droch,37
mar,a,thàinig,37
air,inbhir,nis,37
gus,am,biodh,37
saoghal,na,gàidhlig,37
gu,deas,air,37
sin,far,a,37
a,thèid,a,37
a,bhith,deiseil,37
a,chleachdadh,airson,37
mi,a’,feuchainn,37
thu,ann,an,37
a’,dol,sìos,37
sabhal,mòr,ostaig,37
aig,a’,char,37
a’,char,as,37
do,dhaoine,a,37
thu,a’,smaoineachadh,37
fad,’s,a,37
rud,gu,math,37
nas,fhaide,air,37
gus,an,tig,37
an,lot,a,37
a’,coimhead,às,37
sinn,ag,obair,37
anns,na,beanntan,36
a,bhiodh,na,36
anns,an,roinn,36
an,t-ainm,a’,36
gu,math,mòr,36
seo,a,bhith,36
ag,iarraidh,gum,36
cho,math,ri,36
air,an,dèanamh,36
agam,air,an,36
ann,air,sgàth,36
chur,air,a’,36
siorrachd,obar,dheathain,36
a’,gabhail,pàirt,36
air,an,leabhar,36
ann,an,aon,36
an,saoghal,na,36
anns,a’,chànan,36
am,beurla,’s,36
bu,chòir,a,36
h-uile,duine,eile,36
mi,cinnteach,gun,36
anns,an,oilthigh,36
dualchas,nàdair,na,36
nàdair,na,h-alba,36
an,togalach,a,36
sin,’s,dòcha,36
aig,an,doras,36
a’,còrdadh,ris,36
na,bliadhnaichean,a,36
a’,bruidhinn,gàidhlig,36
na,sgìre,a,36
bi,iad,a’,36
air,mo,chùlaibh,36
a’,coimhead,math,36
a’,tighinn,a-staigh,36
an,ìre,seo,36
‘s,a,bhith,36
obair,còmhla,ri,36
seo,an,lot,36
lot,a,chraoladh,36
taing,do,mactv,36
a,chionn,‘s,36
cho,math,‘s,36
mun,chost,an,36
an,là,an,36
dha,na,h-eileanan,36
dòmhnall,angaidh,moireasdan,36
àm,seo,dhen,35
goirid,an,dèidh,35
sin,anns,a’,35
a,bheil,sin,35
air,an,dàrna,35
sin,a,rinn,35
nach,do,rinn,35
a,bhith,ri,35
iad,air,ais,35
ainmeil,air,feadh,35
b’,urrainn,do,35
thathar,a’,dèanamh,35
do,rinn,mi,35
gàidhlig,na,h-alba,35
dèidh,a,bhith,35
ais,ann,an,35
sin,a’,tighinn,35
na,faclan,sin,35
uair,sin,nuair,35
an,obar,dheathain,35
a,ràinig,iad,35
dhen,bheachd,gum,35
anns,a’,ghleann,35
ann,an,caisteal,35
sin,ann,am,35
a’,chiad,latha,35
airson,taic,a,35
ann,ann,am,35
toilichte,gu,bheil,35
thoirt,air,an,35
an,fhìrinn,a,35
a’,ciallachadh,nach,35
air,dà,cheud,35
sàs,anns,an,35
glè,bheag,de,35
urrainn,dhuinn,a,35
dhuinn,a,bhith,35
uair,sin,ach,35
goirid,às,dèidh,35
sìos,an,rathad,35
seo,a’,tighinn,35
a,bhios,iad,35
a,dh’ionnsaigh,na,35
no,’s,dòcha,35
chreid,mi,gu,35
cuid,ag,ràdh,35
math,’s,a,35
an,tè,a,35
airson,an,obair,35
mun,cuairt,air,35
a’,feuchainn,ris,35
sgoil,ghàidhlig,ghlaschu,35
aig,a’,cheart,35
a’,cheart,àm,35
an,sin,’s,35
teagamh,sam,bith,35
a’,faighinn,a-mach,35
thu,a’,faighinn,35
mi,an,uair,35
a-staigh,an,seo,35
doneil,macleòid,neach-aithris,35
anns,a’,chèitean,34
gu,tur,eadar-dhealaichte,34
a,bhios,sinn,34
na,b’,fhaide,34
a,chaidh,mi,34
mìle,gu,leth,34
mi,fhìn,a’,34
seo,a’,dol,34
nighean,an,rìgh,34
a,bhith,aige,34
a,dhèanamh,nas,34
nuair,a,chì,34
de,mhuinntir,an,34
air,a,thogail,34
gu,bheil,mòran,34
a’,dol,airson,34
nuair,a,chaochail,34
air,an,dearbh,34
bhathar,ag,ràdh,34
fhios,a’m,dè,34
ann,am,bliadhna,34
air,ann,an,34
iad,ann,am,34
a,dh’inbhir,nis,34
gu,dearbh,’s,34
air,an,do,34
air,an,eaglais,34
oilthigh,dhùn,èideann,34
ach,dè,mu,34
a,fhuair,an,34
a’,dol,aig,34
air,daoine,a,34
bhiodh,daoine,a’,34
a’,fàs,gu,34
obair,a,dhèanamh,34
air,nuair,a,34
fàs,gu,math,34
gur,ann,air,34
an,t-siathamh,linn,34
ag,obair,mar,34
an,là,eile,34
a’,faighinn,air,34
dhèanamh,air,na,34
fuireach,anns,a’,34
fhios,a’m,an,34
iad,faisg,air,34
air,na,bliadhnaichean,34
air,an,obair,34
radio,nan,gàidheal,34
a’,cur,ann,34
sinn,a’,coimhead,34
chur,ann,an,34
às,dèidh,a’,34
seo,air,an,34
a’,chùis,a,34
gu,math,trang,34
às,an,dèidh,34
a,bhith,againn,34
leig,thu,leas,34
coimhead,às,dèidh,34
am,port,rìgh,34
‘s,an,uair,34
rud,as,cudromaiche,34
gu,math,duilich,34
halò,is,mise,34
chost,an,iar,34
là,inbhir,nis,34
dòmhnall,moireasdan,bbc,34
mi,’n,dòchas,33
ann,an,cladh,33
’s,ann,tric,33
air,an,son,33
air,an,t-seann,33
mi,dhuibh,mu,33
dhuibh,mu,dheidhinn,33
dùil,gum,bi,33
na,h-alba,ann,33
na,stàitean,aonaichte,33
dhen,bheachd,nach,33
airson,daoine,a,33
mus,do,thòisich,33
àite,far,an,33
aig,an,oilthigh,33
an,sin,cuideachd,33
a,sgrìobh,an,33
a,bhios,ag,33
ag,obair,le,33
às,a,sin,33
airson,ùine,mhòr,33
a’,cheist,a,33
ag,obair,aig,33
h-uile,duine,air,33
anns,an,òran,33
an,ath,mhadainn,33
a’,cur,dragh,33
h-uile,rud,a,33
an,dùil,gur,33
ann,an,ìle,33
chur,an,grèim,33
a’,feitheamh,ris,33
ann,an,cruth,33
an,àite,ris,33
air,an,duine,33
aca,air,an,33
ann,an,litir,33
ann,an,iomadh,33
ann,mar,a,33
a,bharrachd,a,33
gu,math,ainmeil,33
ag,iarraidh,an,33
co-cheangailte,ris,a’,33
rud,no,dhà,33
dhol,à,bith,33
leòr,ann,an,33
ann,an,dòighean,33
ann,an,eaglais,33
ag,innse,na,33
is,dà,cheud,33
sgàth,’s,gu,33
mar,a,b’,33
ann,air,a’,33
air,sin,a,33
leth-cheud,’s,a,33
bidh,daoine,a’,33
an,alba,ach,33
an,àm,ud,33
bhios,tu,a’,33
ann,an,obair,33
a’,faireachdainn,gu,33
deas,na,dùthcha,33
a’,creidsinn,gun,33
a’,mhòr-chuid,de,33
rud,beag,nas,33
airgead,a,thogail,33
daoine,a’,tighinn,33
a’,smaointinn,gun,33
‘s,ann,a,33
air,an,seo,33
mi,smaointinn,gu,33
a’,ciallachadh,gum,32
’s,a,chaidh,32
mhòr,a,h-uile,32
dòcha,gun,do,32
bhith,ag,ionnsachadh,32
gu,siar,air,32
an,aghaidh,a,32
gu,leth,bliadhna,32
bhon,a,chaidh,32
an,dearbh,rud,32
a’,chinn,a,32
ann,an,afraga,32
air,a,thiodhlacadh,32
feumaidh,mi,aideachadh,32
am,fear,as,32
bu,toigh,leam,32
no,ann,an,32
sinn,a’,fuireach,32
a,leugh,mi,32
chionn,còrr,is,32
fhios,agam,dè,32
fuireach,anns,na,32
a’,ciallachadh,gun,32
muinntir,na,sgìre,32
ann,an,cinn,32
buaidh,mhòr,air,32
mac,an,tòisich,32
a’,toirt,dhuinn,32
b’,iad,sin,32
beag,air,bheag,32
am,measg,sin,32
gu,math,feumail,32
an,sgìre,a,32
iad,a’,cleachdadh,32
ann,an,sgìrean,32
a-mach,air,a,32
chur,air,bhog,32
nis,ann,an,32
’s,a,bhios,32
’s,gum,biodh,32
a,bhith,cho,32
dol,ann,an,32
a’,gabhail,àite,32
airson,a,dhèanamh,32
ann,an,ùine,32
eòlach,gu,leòr,32
a,thòisich,mi,32
a,dol,air,32
iad,ag,amas,32
bidh,mi,ag,32
an,seo,’s,32
bi,sinn,a’,32
mar,phàirt,den,32
a,chur,dhan,32
dha,na,daoine,32
bho,chionn,ghoirid,32
a,bhith,dèanamh,32
dòmhnall,maclaomainn,bbc,32
maclaomainn,bbc,an,32
seo,aig,eilidh,32
aig,shona,nicdhòmhnaill,32
an,gàidhlig,a,31
gu,h-àraidh,ann,31
anns,am,bi,31
na,h-alba,ach,31
a’,dèanamh,na,31
thàinig,am,facal,31
daoine,ag,ràdh,31
chaidh,mi,a,31
cuideachd,ann,an,31
a,dhol,seachad,31
a,bheil,gàidhlig,31
seo,o,chionn,31
àm,nuair,a,31
chreid,mi,gun,31
math,eòlach,air,31
a,dhèanamh,de,31
ann,am,beinn,31
a-mach,ann,an,31
an,latha,eile,31
cumail,a-mach,gun,31
fad,air,falbh,31
a,bhith,gan,31
ann,am,bàideanach,31
ciamar,a,fhuair,31
ciaradh,an,fheasgair,31
a’,toirt,a’,31
air,cùl,an,31
bhith,a’,fàs,31
bhith,a’,gabhail,31
seo,nuair,a,31
agam,an,seo,31
a,bhiodh,tu,31
seo,a’,tachairt,31
às,an,sgìre,31
gu,leòr,de,31
air,na,mapaichean,31
gun,deach,a,31
ach,ciamar,a,31
no,dhà,ann,31
gum,bi,a’,31
bith,ann,an,31
chur,an,sàs,31
air,an,rèidio,31
an,t-àite,a,31
mar,sin,leibh,31
airson,a,chur,31
gu,math,fortanach,31
aig,na,daoine,31
anns,an,t-seachdamh,31
a’,meòrachadh,air,31
tu,a’,dèanamh,31
a,bhith,nam,31
dèanamh,dheth,gur,31
pàirt,a,ghabhail,31
smaoineachadh,mu,dheidhinn,31
a,bhith,faiceallach,31
gu,math,làidir,31
anns,an,dà,31
daoine,a’,dèanamh,31
’s,an,uair,31
a,bhios,tu,31
am,bi,an,31
an,dòigh,as,31
dè,mar,a,31
gum,biodh,a’,31
a,bheil,a’,31
am,b’,urrainn,31
gum,biodh,a,31
an,là,air,31
bheil,mi,air,31
smaoineachadh,gum,biodh,31
no,rudeigin,mar,31
ann,a,shin,31
cho,cudromach,‘s,31
cudromach,‘s,a,31
neach-aithris,na,h-aimsir,31
air,na,rudan,30
b’,fheàrr,leis,30
seo,dhen,bhliadhna,30
ros,an,iar,30
fhuair,mi,a-mach,30
ann,anns,a’,30
bheil,am,facal,30
a,h-uile,seachdain,30
anns,a’,mheadhan,30
sàs,ann,am,30
thuirt,an,rìgh,30
leis,a,h-uile,30
dòcha,nach,bi,30
gu,mòr,an,30
gàidhlig,na,h-èireann,30
fear,air,an,30
a’,cur,na,30
mean,air,mhean,30
a’,seasamh,airson,30
a’,faighinn,an,30
a’,coimhead,coltach,30
sin,an,aon,30
mhòr,ann,an,30
nach,d’,fhuair,30
mi,cinnteach,gum,30
ann,an,cabhaig,30
mac,na,banntraich,30
gu,mòr,ann,30
chur,air,adhart,30
a,bhuineadh,don,30
no,dhà,a,30
an,t-eagal,air,30
sin,a,rèir,30
an,cànan,a,30
a,dhèanamh,eadar,30
ann,an,làmhan,30
cumail,sùil,air,30
a’,fuireach,còmhla,30
duine,ann,an,30
àite,far,am,30
leis,a,sin,30
a’,cleachdadh,a’,30
air,a,chuimhneachadh,30
bliadhna,ann,an,30
beò,ann,an,30
còrr,is,dà,30
air,cuid,de,30
eòlach,air,a’,30
anns,an,tuiseal,30
gàidhlig,anns,an,30
a,chaill,am,30
anns,a’,ghearastan,30
obair,anns,an,30
a,fhuair,iad,30
bheil,iad,air,30
còmhla,ris,a’,30
a,chur,a,30
gun,tèid,an,30
air,a’,mhullach,30
ann,an,innis,30
an,dà,mhìle,30
gum,bi,na,30
a,h-uile,seòrsa,30
a’,chiad,fhacal,30
a’,còrdadh,ri,30
gu,math,furasta,30
prògram,seo,balaich,30
seo,balaich,a,30
balaich,a,bhìobaill,30
a,bhìobaill,a,30
bhìobaill,a,chraoladh,30
prògram,seo,beul,30
seo,beul,chainnt,30
beul,chainnt,a,30
chainnt,a,chraoladh,30
dol,dhan,eaglais,30
prògram,seo,alleluia,30
seo,alleluia,a,30
alleluia,a,chraoladh,30
bheil,fhios,agad,30
ach,‘s,dòcha,30
a’,dol,a-staigh,30
den,t-seòrsa,sin,30
bhon,a,thòisich,30
math,‘s,a,30
dhan,h-uile,duine,30
an,aithris-sa,aig,30
ach,‘s,ann,30
an,là,steòrnabhagh,30
dòchas,ann,gun,30
mi,smaoineachadh,gum,30
nicdhòmhnaill,ag,aithris,30
thathar,an,dòchas,30
sùil,air,adhart,30
kerr,gibb,bbc,30
gibb,bbc,an,30
mi,tarsainn,air,29
am,baile,beag,29
thar,nam,bliadhnaichean,29
a,bhiodh,dùil,29
duine,a’,fuireach,29
eadar,inbhir,nis,29
bliadhna,no,dhà,29
fuireach,faisg,air,29
a,bu,shine,29
sin,far,an,29
no,mar,a,29
sin,ag,innse,29
b’,fheàrr,leam,29
a,ghabhail,thairis,29
a,chanadh,daoine,29
sin,anns,na,29
aca,anns,an,29
anns,an,fhraing,29
a,ràdh,gun,29
ceann,a’,ghiùthsaich,29
ùidh,ann,an,29
dhuibh,mar,a,29
rugadh,is,thogadh,29
follaiseach,gu,bheil,29
do,mhuinntir,an,29
dà,cheud,gu,29
obair,air,an,29
a,rinn,thu,29
gu,math,measail,29
a,chur,orra,29
a,ghabhail,air,29
chanainn,gu,bheil,29
sinn,anns,an,29
an,taigh,aige,29
air,an,rud,29
seo,a,chur,29
an,dèidh,an,29
an,ath,sheachdain,29
a,tuath,an,29
nach,bu,chòir,29
a,thòisich,an,29
gu,dearbh,fhèin,29
a’,sealltainn,gu,29
le,bhith,ag,29
chòir,a,bhith,29
air,a’,bheinn,29
de,dhaoine,a’,29
as,coireach,ri,29
ag,ràdh,rium,29
math,faisg,air,29
dòigh,sam,bith,29
ann,am,beul-aithris,29
dè,dìreach,a,29
thu,gu,math,29
ann,an,deagh,29
agam,gu,bheil,29
sin,a,thachair,29
thall,ann,an,29
a’,dèanamh,a’,29
nan,daoine,a,29
fear,na,bùtha,29
a,thàinig,a-mach,29
’s,ann,as,29
feumaidh,sinn,a,29
an,seo,an,29
sin,chaidh,am,29
stèidheachadh,ann,an,29
a,thaobh,na,29
a’,creidsinn,gu,29
an,ath,bhliadhna,29
air,an,ath,29
an,leabhar,seo,29
na,h-eileanan,mu,29
h-eileanan,mu,thuath,29
dhaoine,ann,an,29
‘s,dòcha,gu,29
ach,a,bharrachd,29
dòchas,gun,toir,29
b’,urrainn,dhuinn,29
mar,as,àbhaist,29
urrainn,dhut,a,29
ann,bhon,a,29
angaidh,moireasdan,preseantair,29
aig,an,duine,28
dol,a,ràdh,28
bheil,an,t-ainm,28
sin,aig,an,28
aig,a’,mhòd,28
h-alba,ann,an,28
an,dòigh,air,28
a,chanas,daoine,28
gur,ann,à,28
uill,a,rèir,28
a’,ciallachadh,an,28
air,atharrachadh,gu,28
turas,mu,dheireadh,28
far,an,d’,28
chèile,ann,an,28
an,iomadach,dòigh,28
an,cothrom,a,28
a,deas,an,28
mu,a,deidhinn,28
a’,falbh,a,28
mi,dhuibh,dè,28
a,chur,don,28
iad,dhen,bheachd,28
chaidh,iad,gu,28
an,taigh,a,28
a’,chiad,rann,28
cho,fada,’s,28
sùil,air,a’,28
an,eachdraidh,na,28
sa,chaidh,mu,28
sùil,air,na,28
thàinig,mi,tarsainn,28
dh’fhaodadh,a,bhith,28
na,gàidhlig,ach,28
a’,toirt,buaidh,28
air,an,ainm,28
ann,an,arcaibh,28
a,thoirt,dhachaigh,28
am,bu,chòir,28
eachdraidh,na,h-alba,28
iad,a’,faicinn,28
an,uiread,de,28
an,gàidhlig,’s,28
mòr,a,dhèanamh,28
duine,air,an,28
a’,cur,a’,28
mu,dheidhinn,mar,28
às,dèidh,dha,28
a’,dèanamh,rudan,28
a,thàinig,na,28
biodh,iad,a’,28
measg,an,fheadhainn,28
ann,an,slèite,28
ann,às,an,28
a,bhuineas,don,28
faisg,air,inbhir,28
chaidh,a’,chiad,28
’s,iad,na,28
a,dh’ionnsaigh,an,28
taobh,siar,leòdhais,28
a,dhèanamh,’s,28
mionaid,no,dhà,28
gu,bheil,barrachd,28
anns,an,teaghlach,28
rud,eile,a,28
’s,ann,aig,28
nan,gàidheal,a,28
a,dhèanamh,leis,28
mi,a’,faighinn,28
mi,a’,cleachdadh,28
an,dàrna,leth,28
sin,air,a’,28
air,leth,cudromach,28
dol,a,dh’fheuchainn,28
ionnsachadh,mu,dheidhinn,28
mi,a’,cluinntinn,28
a-nis,a’,dol,28
air,a,thighinn,28
ach,a,bhith,28
a’,faicinn,na,28
anns,an,àm,28
dhan,fheadhainn,a,28
rudan,a,dhèanamh,28
dè,cho,fada,28
’s,rudan,mar,28
bhiodh,sinn,a’,28
bidh,mise,a’,28
fhios,agad,’s,28
air,sgàth,‘s,28
sinn,a’,tòiseachadh,28
le,tuilleadh,seo,28
an,là,uibhist,28
seo,a’,toirt,28
ghàidhlig,inbhir,nis,28
ghobhainn,bbc,an,28
mi,smaoineachadh,gur,28
ann,am,faclair,27
fear,mu,dheireadh,27
bi,sibh,a’,27
mhòr,air,an,27
nuair,a,nochd,27
a’,fuireach,faisg,27
agaibh,gu,bheil,27
gu,leòr,aca,27
aige,air,an,27
taobh,an,ear,27
iad,ag,innse,27
an,còrr,dhen,27
an,rathad,dhachaigh,27
fios,aig,duine,27
is,ceud,bliadhna,27
cumail,a’,dol,27
air,dùn,èideann,27
ann,an,grunn,27
sam,bith,ach,27
b’,fheudar,dha,27
iad,le,chèile,27
a’,dèanamh,ciall,27
air,dòigh,airson,27
a’,leantainn,air,27
mac,an,t-saoir,27
a,chuir,an,27
aig,muinntir,an,27
an,àite,air,27
air,an,loch,27
ann,an,iain,27
anns,a’,chogadh,27
an,dòchas,a,27
gu,ruige,seo,27
air,a,chùlaibh,27
air,an,dà,27
sam,bith,anns,27
chaidh,a,mharbhadh,27
nas,lugha,na,27
an,àiteachan,eile,27
b’,fheàrr,na,27
dìreach,ann,an,27
litir,mu,dheireadh,27
a’,bruidhinn,mun,27
air,an,t-sràid,27
aig,deireadh,a’,27
a,bhith,nan,27
còrr,is,mìle,27
thòisich,mi,air,27
bhith,ag,innse,27
mi,a,ràdh,27
aig,àm,na,27
a’,bhaile,a,27
sibh,air,a,27
uair,sin,bidh,27
a,thoirt,dhomh,27
obair,mhòr,a,27
air,an,fhearann,27
ag,èisteachd,ris,27
air,an,là,27
às,dèidh,an,27
a,stèidheachadh,ann,27
nuair,a,thèid,27
a,thoirt,às,27
siud,’s,an,27
ghàidhlig,ann,an,27
an,new,zealand,27
na,gàidheil,a’,27
ag,ionnsachadh,mu,27
a,bhith,beò,27
an,t-ainm,sin,27
am,beinn,na,27
às,na,h-eileanan,27
chaill,am,beatha,27
fhaicinn,ann,an,27
sin,a’,fàgail,27
do,rinn,iad,27
mi,crìoch,air,27
a,dhìth,orra,27
taobh,a-muigh,na,27
againne,ann,an,27
ag,obair,gu,27
an,dithis,aca,27
rium,gu,mòr,27
gum,bi,mi,27
a,chur,a-steach,27
bheil,iad,ag,27
a’,smaointinn,gur,27
màiri,rodgers,preseantair,27
eileen,nicdhòmhnaill,neach-aithris,27
a,bhios,daoine,26
bhith,anns,a’,26
’s,ann,às,26
am,fear,mu,26
an,latha,mu,26
latha,mu,dheireadh,26
air,an,dòigh,26
fios,agaibh,dè,26
oilthigh,obar,dheathain,26
a’,nochdadh,anns,26
nochdadh,anns,an,26
ùidh,mhòr,aig,26
an,taobh,a-muigh,26
an,duine,seo,26
agam,a,bhith,26
b’,iad,na,26
an,turas,mu,26
biodh,daoine,a’,26
a,chuir,mi,26
air,an,fheadhainn,26
an,tòir,air,26
a’,dol,am,26
iad,a’,togail,26
dhen,t-seòrsa,sin,26
faisg,air,dùn,26
àite,ann,an,26
a’,toirt,an,26
seo,an,dàrna,26
fheàrr,a,bhith,26
as,aithne,dhomh,26
an,dàrna,latha,26
air,leth,math,26
sin,a,thug,26
‘tha,mi,a’,26
thachair,an,uair,26
seo,a’,ciallachadh,26
biodh,iad,air,26
am,fuaim,a,26
ann,leis,an,26
air,an,trèana,26
na,bu,mhiosa,26
an,dùil,gu,26
anns,a’,chaisteal,26
duine,air,a,26
b’,esan,an,26
airson,airgead,a,26
sibh,a’,tuigsinn,26
ann,a,thaobh,26
a,dh’fhaodadh,a,26
uair,sin,ann,26
toirt,buaidh,air,26
a’,tachairt,anns,26
innse,na,fìrinn,26
a,thig,an,26
a’,fuireach,an,26
a,dh’innse,dhuibh,26
b’,fheudar,do,26
chaidh,a,stèidheachadh,26
ach,feumaidh,mi,26
air,am,bi,26
am,bi,sibh,26
gu,ruige,an,26
an,eilean,dubh,26
bhiodh,tu,a’,26
ris,an,can,26
cuiridh,mi,geall,26
dèidh,sin,chaidh,26
agad,gu,bheil,26
bidh,sinn,an,26
taobh,sear,na,26
bith,air,an,26
air,a’,mhargaidh,26
an,dòigh,anns,26
a,thàinig,bhon,26
an,rathad,eadar,26
dèanamh,cinnteach,gum,26
fuireach,an,seo,26
na,h-eileanan,a,26
a,thuirt,thu,26
na,leabhraichean,a,26
a’,cur,nan,26
seo,an,rud,26
seo,’s,dòcha,26
a’,faicinn,an,26
sinn,an,uair,26
a,dhà,no,26
buaidh,a,thoirt,26
an,àm,ri,26
dìreach,a’,dèanamh,26
an,droch,fhear,26
a,thogail,airson,26
aon,dhe,na,26
fhios,agad,a,26
air,na,jackenfilisters,26
mu,dheidhinn,dè,26
an,seo,‘s,26
dad,sam,bith,26
aig,an,deireadh-sheachdain,26
fear,dhe,na,26
an,seo,an-diugh,26
chumail,a’,dol,26
cuid,dhe,na,26
air,adhart,ris,26
a,bhith,a',26
moireasdan,ag,aithris,26
ruaraidh,rothach,bbc,26
an,ath,cheum,26
là,ann,am,26
a-nis,ag,aithris,26
a’,ghobhainn,bbc,26
iain,macdiarmaid,neach-aithris,26
am,meadhan,a’,25
toigh,leam,a,25
a’,ghrian,a’,25
coimhead,air,a’,25
ann,am,fear,25
anns,an,dearbh,25
air,ais,do,25
don,a,h-uile,25
coireach,gu,bheil,25
airson,na,h-oidhche,25
aig,àm,an,25
muinntir,an,eilein,25
iarraidh,gum,biodh,25
sin,an,t-ainm,25
a-nise,ann,an,25
ann,an,riochd,25
ann,airson,an,25
chaidh,a,thoirt,25
chur,air,na,25
gu,h-àraidh,an,25
a,thiodhlacadh,ann,25
an,àite,seo,25
air,tìr,ann,25
tìr,ann,an,25
uair,sin,gu,25
mar,bu,trice,25
gum,bi,barrachd,25
a,dhèanamh,gu,25
a,thogail,le,25
a,deas,a,25
aig,na,gàidheil,25
na,gàidhealtachd,air,25
a’,gluasad,gu,25
bhith,a’,tighinn,25
thuirt,an,gille,25
air,a’,ghille,25
faisg,air,baile,25
dè,thachair,an,25
iad,anns,a’,25
chaidh,iarraidh,air,25
gum,b’,esan,25
de,dhaoine,a,25
mar,sin,a’,25
iad,air,falbh,25
anns,an,dorchadas,25
ràinig,iad,an,25
mi,ann,am,25
dèidh,blàr,chùil,25
inbhir,nis,air,25
bhith,a’,faicinn,25
dhèanamh,anns,an,25
iad,an,dùil,25
fios,le,cinnt,25
a,bhuileachadh,air,25
beò,anns,an,25
an,fheadhainn,as,25
a’,bhean,agam,25
dùil,gu,bheil,25
h-àraidh,ann,an,25
còmhla,ri,iain,25
an,litir,mu,25
a,ràdh,gu,25
sealltainn,gu,bheil,25
na,bu,lugha,25
fhreagair,am,fear,25
sin,an,seòrsa,25
am,fear,òg,25
a,chur,oirre,25
againn,an,seo,25
toiseach,na,bliadhna,25
nas,motha,na,25
’s,bidh,mi,25
an,fhear,eile,25
dìreach,gu,bheil,25
cho,mòr,ri,25
seachad,air,an,25
agam,air,a,25
air,a,ràdh,25
a,h-uile,coltas,25
oifis,a’,phuist,25
an,t-saoghal,a,25
’s,an,seo,25
a’,nochdadh,air,25
eile,ag,ràdh,25
a,bhith,nas,25
anns,an,sgeulachd,25
a’,bhaile,sin,25
na,chaidh,a,25
nas,fhaide,na,25
a,bhios,na,25
a’,bhliadhna,a,25
mar,seo,a,25
is,an,uair,25
beinn,na,faoghla,25
chiad,rud,a,25
a,bhith,agam,25
a,chosg,air,25
urrainn,dhaibh,a,25
dà,uair,a,25
smaoineachadh,gun,do,25
bheil,seo,a’,25
nuair,a,dh’fhàg,25
coimhead,gu,math,25
ann,am,foghlam,25
de,na,rudan,25
bidh,a,h-uile,25
a’,tighinn,dhan,25
gu,math,beag,25
am,bi,iad,25
’s,a,h-uile,25
seo,far,a,25
ann,an,griomasaigh,25
agam,nuair,a,25
thaobh,a,bhith,25
iad,an,seo,25
gun,teagamh,sam,25
a,fhuair,sinn,25
mise,air,a,25
mise,a’,dèanamh,25
alasdair,friseal,neach-aithris,25
shona,nicdhòmhnaill,shona,25
nicdhòmhnaill,shona,nicdhòmhnaill,25
ruairidh,rothach,neach-aithris,25
an,àite,far,24
an,dèidh,a’,24
eile,nuair,a,24
bhios,sinn,a’,24
cuimhne,agam,air,24
àite,anns,an,24
anns,an,treas,24
iar,na,gàidhealtachd,24
a,b’,òige,24
ach,an,dèidh,24
obair,air,na,24
coimhead,air,ais,24
an,dàrna,cogaidh,24
cur,ann,an,24
a’,smaoineachadh,nach,24
sàs,anns,a’,24
atharrachadh,gu,mòr,24
airson,còrr,is,24
air,a’,bhòrd,24
leis,a,bheil,24
ceathrad,ʼs,a,24
gum,bi,a,24
gu,mòr,ri,24
air,fear,de,24
an,do,thachair,24
a,chumail,beò,24
urrainn,dha,a,24
às,an,taigh,24
anns,a’,phrìosan,24
ar-a-mach,nan,seumasach,24
air,ceann,a,24
airson,sùil,a,24
an,dèidh,dha,24
seachad,ann,an,24
ann,as,fheàrr,24
iad,a’,fàs,24
cuideachd,mar,a,24
am,fear,sin,24
a,thaobh,nan,24
air,an,oighreachd,24
beul,na,h-oidhche,24
a’,cur,a,24
a,bhith,nad,24
ris,an,rìgh,24
urras,nàiseanta,na,24
daoine,anns,an,24
bhith,a’,coiseachd,24
anns,na,sgìrean,24
dòigh,air,choreigin,24
an,cunnart,a,24
am,beurla,ach,24
bidh,iad,ag,24
a,bhios,aig,24
a’,chiad,duine,24
dheidhinn,mar,a,24
an-diugh,ann,an,24
am,bàrd,a,24
gàidhlig,air,a,24
air,a,bruidhinn,24
a,dhèanamh,na,24
dol,seachad,air,24
a,bhiodh,daoine,24
ann,an,eirinn,24
aig,an,fheadhainn,24
air,a’,cheann,24
cùisean,a’,dol,24
fhada,gus,am,24
pàrlamaid,na,h-alba,24
air,na,creagan,24
a,lorg,ann,24
ach,gu,mì-fhortanach,24
fuireach,air,an,24
gun,do,chòrd,24
feadh,nan,eilean,24
mar,sin,bidh,24
cho,tric,’s,24
iad,air,am,24
a-mach,gu,bheil,24
rud,a,bhiodh,24
eile,a’,dol,24
mar,sin,ann,24
a’,tòiseachadh,air,24
air,a,chumail,24
tuath,an,eilein,24
sin,ged,a,24
toirt,air,daoine,24
’s,ann,airson,24
feum,sam,bith,24
dhol,air,ais,24
a-mach,às,na,24
cothrom,a,thoirt,24
air,an,cleachdadh,24
airgead,gu,leòr,24
fhèin,nuair,a,24
a’,dol,anns,24
toilichte,a,bhith,24
a’,dol,tron,24
the,highlands,and,24
a’,coimhead,gu,24
bhith,air,a’,24
bu,chòir,dhut,24
a,chur,na,24
nam,biodh,tu,24
thu,a’,faicinn,24
ag,obair,an,24
an,t-uisge,a,24
timcheall,air,an,24
one,of,the,24
bhiodh,mo,mhàthair,24
cho,luath,‘s,24
chaidh,mi,dhan,24
dè,seòrsa,rud,24
an,taca,ri,24
an-sàs,ann,an,24
cho,mòr,‘s,24
seach,gu,bheil,24
a,dh’,fhaodadh,24
a,bhith,bruidhinn,24
a’,fàs,suas,24
gu,dearbha,fhèin,24
fàgail,gu,bheil,24
bhliadhna,a,chaidh,24
dhan,a,h-uile,24
bliadhna,ann,bhon,24
math,dhuibh,uill,24
dòmhnall,moireasdan,ag,24
a,dh’,fhaicinn,24
‘s,iad,a’,24
an,là,dùn,24
neach-aithris,ged,a,24
iain,macdiarmid,neach-aithris,24
ach,ged,a,23
bheil,fios,agaibh,23
ri,chèile,le,23
uair,sin,thàinig,23
dà,chuid,ann,23
gàidhealtachd,na,h-alba,23
air,an,toirt,23
fear,a,bu,23
fada,nuair,a,23
air,falbh,leis,23
gu,h-àraidh,nuair,23
h-àraidh,nuair,a,23
taobh,a-muigh,an,23
a,bhith,còmhla,23
gu,h-àraidh,anns,23
gu,sear,air,23
dèanamh,cinnteach,nach,23
an,eilean,a,23
chaidh,iad,a,23
falbh,bho,na,23
co-dhiù,a,rèir,23
saoil,a,bheil,23
air,a’,ghnothach,23
a,chaidh,a’,23
a,leithid,ann,23
ann,an,toiseach,23
anns,na,stàitean,23
a’,chiad,chogadh,23
ainmeil,airson,a,23
tuigidh,sibh,nach,23
tràth,anns,an,23
mu,dheireadh,ann,23
fios,aig,an,23
bho,sin,a-mach,23
gu,h-àraidh,air,23
mar,a,chanar,23
ùr,an,t-slèibh,23
a’,cur,sìos,23
an,gnothach,a,23
ri,chèile,ann,23
a,bhith,a-muigh,23
anns,a’,chladh,23
eaglais,ann,an,23
anns,an,loch,23
an,urra,ri,23
anns,an,lùnastal,23
ann,an,talla,23
an,t-àm,ann,23
deiseil,airson,an,23
ann,an,èiginn,23
a,b’,ainmeile,23
a’,cumail,smachd,23
cumail,smachd,air,23
air,a’,bhlàr,23
muinntir,na,h-alba,23
air,an,treas,23
anns,am,biodh,23
rìgh,na,h-alba,23
am,beurla,the,23
anns,an,talamh,23
eilean,ann,an,23
’s,nuair,a,23
cuid,de,dhaoine,23
a,thogail,anns,23
bi,sibh,eòlach,23
fad,ùine,mhòr,23
na,caoraich,a,23
an,eilean,leòdhais,23
ris,a’,chloinn,23
ràdh,mu,dheidhinn,23
cuid,de,mhuinntir,23
an,uair,a,23
chuir,mi,seachad,23
a,bhith,mar,23
a’,ghàidhealtachd,a,23
ann,airson,sin,23
bhith,a’,togail,23
ann,an,ainmean-àite,23
lorg,ann,an,23
anns,a’,bhìoball,23
anns,na,làithean,23
a’,coiseachd,air,23
coltach,gun,do,23
no,ann,am,23
às,dèidh,dhaibh,23
ach,ann,am,23
air,an,t-sàbaid,23
mi,nuair,a,23
bith,a,dhèanamh,23
a’,creidsinn,gur,23
b’,ann,an,23
air,a’,phrògram,23
dhèanamh,nuair,a,23
am,beachd,a,23
a,chleachdadh,ann,23
le,taic,bho,23
a,thòisich,sinn,23
cho,mòr,’s,23
an,eaglais,shaoir,23
thall,’s,a-bhos,23
là,na,sàbaid,23
mar,a,rinn,23
a’,chlann,a’,23
an,sin,chaidh,23
air,a’,mhapa,23
iad,a’,cumail,23
some,of,the,23
a,chumail,ri,23
feumaidh,mi,a,23
an,seo,anns,23
ann,am,beatha,23
gabhail,pàirt,ann,23
a’,smaointinn,gum,23
glè,mhath,a,23
agad,ann,an,23
coimhead,glè,mhath,23
ann,an,sheo,23
an,là,iain,23
ged,a,bhiodh,22
an,àite,sam,22
car,coltach,ris,22
ann,am,bàta,22
sibh,ag,iarraidh,22
sgoil,ann,an,22
à,uibhist,a,22
bliadhna,air,a,22
a’,cur,a-mach,22
air,an,sgeulachd,22
iad,uile,a’,22
a’,fàs,air,22
fon,ghrèin,a,22
chinn,a,tuath,22
a,ghabhail,anns,22
ochdad,ʼs,a,22
thiodhlacadh,ann,an,22
anns,na,h-innseachan,22
an,alba,air,22
an,sin,air,22
bidh,sinn,ag,22
ged,a,bhios,22
sinn,a’,smaoineachadh,22
gàidhlig,inbhir,nis,22
a,bheil,a,22
eile,ann,am,22
o,chionn,còrr,22
cothrom,a,dhol,22
an,stuth,a,22
toirt,taic,do,22
anns,an,fhicheadamh,22
gu,leòr,aig,22
gun,do,ghabh,22
do,na,daoine,22
gun,do,sgrìobh,22
mar,sin,airson,22
air,an,t-seachdamh,22
meadhan,a’,bhaile,22
às,an,tàinig,22
a,bharrachd,na,22
mar,chuimhneachan,air,22
far,am,b’,22
ann,an,cànan,22
chì,sinn,an,22
cobhair,a,dhèanamh,22
bith,anns,an,22
aon,duine,a,22
bhith,a’,seinn,22
dh’innis,mi,dhuibh,22
dol,anns,an,22
obair,a,rinn,22
sin,a,bhios,22
dol,a,thòiseachadh,22
iad,anns,an,22
a’,ghaoth,gu,22
air,muinntir,an,22
bu,chòir,dhaibh,22
a,bhruidhinn,ri,22
a,chanadh,na,22
na,h-alba,an,22
a,chaidh,am,22
ann,an,nirribhidh,22
duine,a’,faighinn,22
mi,a-mach,air,22
ann,am,bàrdachd,22
gàidhlig,aig,an,22
sinn,a’,cleachdadh,22
cho,faisg,air,22
gum,bi,fios,22
airson,crìoch,a,22
feuchainn,ri,bhith,22
a’,gabhail,air,22
sin,glè,mhath,22
a’,coimhead,glè,22
o,chionn,bliadhna,22
bhith,a’,cluich,22
air,ais,an,22
air,rudan,a,22
às,dèidh,làimh,22
na,gàidhealtachd,a,22
a,thoirt,am,22
ràdh,gur,ann,22
gu,math,coltach,22
a’,ghàidhealtachd,ach,22
a,dhèanamh,mu,22
dhèanamh,mu,dheidhinn,22
an,dòigh,sam,22
seòrsa,rud,a,22
na,daoine,air,22
cur,fàilte,air,22
iad,a’,falbh,22
ann,an,ochd-deug,22
a,dhol,sìos,22
air,a’,ghaidhealtachd,22
bhios,daoine,a’,22
ach,saoilidh,mi,22
b’,urrainn,dhut,22
càil,mar,sin,22
sin,a,ràdh,22
tric,’s,a,22
gàidhlig,a,bhith,22
na,daoine,ann,22
aig,àm,a’,22
air,a,leithid,22
uabhasach,fhèin,math,22
iad,ag,ithe,22
mi,a’,tighinn,22
eile,a,bhios,22
’s,a,bhiodh,22
a,h-uile,là,22
còmhla,ris,na,22
bi,a,h-uile,22
ùr,air,an,22
na,bu,tràithe,22
a,bhiodh,aig,22
broinn,an,taighe,22
a,chumail,anns,22
bidh,thu,a’,22
cothrom,a,bhith,22
an,lùib,a,22
an,sgoil,a,22
air,an,lot,22
ann,am,bràigh,22
rud,as,motha,22
cuideachd,gu,bheil,22
fàilte,a,chur,22
mi,an,sàs,22
suas,ann,an,22
iarraidh,a,dhèanamh,22
h-uile,duine,ag,22
chleachdadh,ann,an,22
duine,a,bhith,22
còrdadh,rium,gu,22
dìreach,ag,iarraidh,22
sheinn,am,bàrd,22
còmhla,ri,chèile,22
fhios,agad,a’,22
aig,màiri,anna,22
mur,a,biodh,22
‘s,a,h-uile,22
na,mo,bheatha,22
bhith,ga,dhèanamh,22
dìreach,a’,cur,22
fhios,a,'m,22
aig,na,sgiobaidhean,22
feumaidh,a,h-uile,22
còrr,air,dà,22
sinn,a’,sùileachadh,22
mi,dol,a,22
tro,na,h-eileanan,22
eilidh,nicleòid,ag,22
nicleòid,ag,aithris,22
chur,air,bhonn,22
ann,gun,tèid,22
a’,tighinn,ann,22
shona,nicdhòmhnaill,ag,22
air,bbc,alba,22
a,bhith,dol,22
sin,dòmhnall,moireasdan,22
catriona,nicfhionghain,neach-aithris,22
a’,tighinn,beò,21
sibh,ann,an,21
a’,dol,chun,21
seasgad,ʼs,a,21
an,aghaidh,nam,21
an,ceangal,a,21
trithead,ʼs,a,21
air,an,lus,21
air,cùl,na,21
sgeul,air,an,21
an,fhear,a,21
innse,do,dhaoine,21
ann,am,blàr,21
chionn,beagan,bhliadhnaichean,21
fhios,gu,bheil,21
sam,bith,a’,21
seachdad,ʼs,a,21
ris,an,canadh,21
chur,ris,an,21
gun,do,rugadh,21
air,a’,chomraich,21
sinn,a’,cluich,21
t-ainm,air,an,21
saoilidh,mi,gur,21
a,ghabhail,ann,21
thòisich,iad,air,21
a,dhol,don,21
air,adhart,le,21
eile,a’,dèanamh,21
agaibh,eòlach,air,21
ag,ràdh,an,21
dheireadh,ann,an,21
bhith,ag,ithe,21
an,sgeulachd,a,21
bharrachd,air,a’,21
daoine,air,an,21
de,a,leithid,21
an,fheadhainn,aig,21
anns,an,abhainn,21
mi,airson,a,21
an,srath,spè,21
fheàrr,ann,an,21
air,falbh,gu,21
a’,dol,bho,21
air,a’,chloich,21
air,tighinn,air,21
a’,chòrr,de,21
a’,dol,dh’fhaighnich,21
oilthigh,ann,an,21
daoine,ris,an,21
faighinn,a-mach,dè,21
ann,am,fìor,21
ann,an,òrdugh,21
a’,fàgail,an,21
beachdachadh,air,an,21
innse,dhuinn,gu,21
thu,a’,toirt,21
bhith,a’,falbh,21
anns,an,dàmhair,21
na,gàidhealtachd,ann,21
gàidhealtachd,ann,an,21
a,sgrìobhadh,ann,21
cudromach,ann,an,21
ann,a,bhios,21
sgrìobhadh,ann,an,21
anns,an,deach,21
dheth,a,dhreuchd,21
am,falach,ann,21
anns,an,iuchar,21
eile,anns,a’,21
an,seo,cuideachd,21
air,fàs,gu,21
alasdair,mac,mhaighstir,21
a’,tachairt,ann,21
a’,smaoineachadh,an,21
na,h-ainmean,a,21
à,leòdhas,a,21
mòra,ann,an,21
new,south,wales,21
air,an,sgìre,21
aig,duine,sam,21
coltach,ris,a’,21
ro,dheireadh,na,21
faighinn,air,adhart,21
anns,a’,bheurla,21
sin,ach,an,21
cuideachd,air,a,21
air,an,cùlaibh,21
no,dhà,eile,21
mhòr,a,dhèanamh,21
duine,no,dithis,21
beag,an,t-iongnadh,21
gum,bi,sin,21
bhith,anns,an,21
daoine,a’,fuireach,21
anns,na,coimhearsnachdan,21
aig,an,sgoil,21
air,a,cheann,21
an,droch,shìde,21
ùidh,agam,ann,21
gu,bheil,rudeigin,21
air,adhart,ri,21
a-mhàin,gu,bheil,21
air,an,t-soitheach,21
a,rèir,mar,21
rèir,mar,a,21
aig,sabhal,mòr,21
daoine,ag,iarraidh,21
’s,a,bhith,21
celsius,aig,a’,21
ach,bu,mhath,21
air,an,litir,21
a-muigh,air,an,21
seo,am,fear,21
cuideachd,nuair,a,21
daoine,air,a,21
bhith,a’,siubhal,21
dhèanamh,air,a’,21
a,thàinig,iad,21
cùisean,a’,coimhead,21
fìor,mhath,a,21
fada,air,falbh,21
math,gu,math,21
measg,nan,daoine,21
ag,obair,airson,21
sin,a,thoirt,21
dòchas,gun,tèid,21
rudan,eile,a,21
deireadh,na,bliadhna,21
feadh,na,h-alba,21
rud,a,bhios,21
biodh,tu,a’,21
anns,a’,cholaiste,21
fhèin,a’,dèanamh,21
rud,mar,sin,21
sin,bidh,mi,21
a,dhèanamh,cuideachd,21
san,latha,a,21
a,bhith,dìreach,21
bliadhna,mu,dheireadh,21
mi,a’,fàs,21
dol,ga,chur,21
is,a,h-uile,21
dèanamh,a,h-uile,21
dè,cho,fad,21
tighinn,a-steach,dhan,21
mi,dìreach,ag,21
bhith,a’,tachairt,21
seo,mar,phàirt,21
a,chur,a-staigh,21
seo,aonghas,dòmhnallach,21
brigadier,iain,macphàrlain,21
ann,an,màiri,21
murray,macleòid,neach-aithris,21
dòmhnall,moireasdan,preseantair,21
eile,ann,a,20
ghrian,a’,deàrrsadh,20
o,chionn,dà,20
uairean,sa,mhadainn,20
ris,an,fhacal,20
air,fad,a,20
bruidhinn,ann,an,20
ann,o,chionn,20
ann,an,ratharsair,20
an,aghaidh,na,20
ann,eadar,an,20
cho,math,air,20
iad,a’,smaoineachadh,20
eòlach,air,mar,20
ʼs,a,h-ochd,20
an,rìgh,air,20
a’,bruidhinn,an,20
meadhan,an,naoidheamh,20
na,h-eileanan,sin,20
sibh,a’,smaoineachadh,20
a,bheil,ceangal,20
a’,mhonaidh,ruaidh,20
na,seann,ghàidheil,20
faisg,air,ceann,20
sinn,ag,ràdh,20
a,bheil,ùidh,20
a’,tilleadh,dhachaigh,20
na,h-alba,gu,20
gu,leòr,an,20
coimhead,coltach,ri,20
anns,an,ògmhios,20
anns,a’,chuan,20
sam,bith,aige,20
ros,an,ear,20
dol,a,chosg,20
gun,do,chaill,20
gach,turas,a,20
ris,a’,ghille,20
an,taigh,an,20
airson,stad,a,20
bu,chòir,do,20
a’,feitheamh,ri,20
am,beurla,a,20
fhuair,mi,an,20
os,a,chionn,20
air,beulaibh,an,20
air,a,bheulaibh,20
an,robhar,a’,20
ann,an,uisgeachan,20
an,rathad,gu,20
inbhir,nis,ach,20
anns,na,bailtean,20
nuair,a,thug,20
mi,anns,a’,20
’s,iongantach,mura,20
aca,fhèin,a,20
ceangailte,ris,an,20
mi,dhuibh,an,20
air,an,cumail,20
mi,mu,dheidhinn,20
ach,gu,bheil,20
air,na,faclan,20
gu,leòr,againn,20
fada,’s,a,20
inbhir,nis,a’,20
a’,dol,tro,20
sin,ceart,gu,20
air,adhart,ach,20
a’,ciallachadh,le,20
seo,far,an,20
a,chaidh,na,20
àite,gu,math,20
faisg,air,dà,20
tuilleadh,mu,dheidhinn,20
air,an,drochaid,20
seo,anns,an,20
airson,na,h-obrach,20
a,rèir,cuid,20
bhith,a’,feuchainn,20
ann,an,dachaigh,20
an,fhear,seo,20
mac,an,t-srònaich,20
mhinistear,ann,an,20
gun,do,thachair,20
a,thàinig,mi,20
tachairt,ann,an,20
na,mìltean,de,20
anns,an,t-siathamh,20
a’,chiad,phàirt,20
air,leth,a,20
gu,mòr,air,20
air,falbh,o,20
sin,a’,ghàidhlig,20
cho,fada,air,20
sinn,mar,a,20
a’,leughadh,leabhar,20
far,am,faigh,20
chur,ann,am,20
mura,h-eil,sibh,20
a’,togail,an,20
thar,a’,chuain,20
an,aghaidh,a’,20
’s,ann,anns,20
a’,cur,fàilte,20
dhol,a,dh’fhuireach,20
na,gàidhlig,air,20
a’,cleachdadh,airson,20
a,chur,ceart,20
sin,math,gu,20
na,hearadh,air,20
gu,bheil,cuid,20
mar,a,thug,20
dol,a-mach,air,20
mòr,gu,leòr,20
nas,sine,na,20
a,dhol,dhachaigh,20
as,trice,bidh,20
anns,na,seann,20
an,dàrna,taobh,20
baile,inbhir,nis,20
sin,air,sgàth,20
feadhainn,de,na,20
uair,sin,na,20
dha,ann,an,20
an,cinn,tìre,20
a’,faighinn,cothrom,20
gu,math,sean,20
an,seo,mar,20
às,dèidh,gun,20
tadhal,air,an,20
iad,nuair,a,20
a,bhithinn,a’,20
ann,a,rèir,20
ach,carson,a,20
an,do,rugadh,20
mo,mhàthair,a’,20
a-staigh,ann,an,20
t-seachdain,’s,a,20
agad,nuair,a,20
an,alba,nuadh,20
air,an,tairbeart,20
sin,gu,bhith,20
anns,an,dachaigh,20
fhèin,a,dhèanamh,20
ag,ithe,feòil,20
do,chuir,mi,20
sinn,uile,eòlach,20
an,alba,nuaidh,20
mu,mar,a,20
a’,cleachdadh,na,20
mi,aig,an,20
na,rudan,sin,20
fad,mo,bheatha,20
ri,a,bhean,20
mun,bhuaidh,a,20
dòigh,as,fheàrr,20
a’,faireachdainn,gun,20
dà,cheud,mìle,20
bheil,gu,leòr,20
sinn,a’,tighinn,20
gus,am,faic,20
ag,iarraidh,sin,20
luath,‘s,a,20
mar,sin,‘s,20
prògram,seo,sheinn,20
seo,sheinn,am,20
bàrd,a,chraoladh,20
mi,smaoineachadh,gun,20
bidh,mi,ga,20
a,th,air,20
thoirt,dha,na,20
thu,ga,dhèanamh,20
a,bhith,caran,20
thòisich,mi,a’,20
a,dh’,aithghearr,20
mo,làimh,dheis,20
na,do,bheatha,20
iad,fhèin,a’,20
mi,a,creidsinn,20
mi,gu,bhith,20
chun,na,h-ìre,20
gus,an,tèid,20
